x_um,TE0,TE1
-8.199999999999999289e+00,0.000000000000000000e+00,0.000000000000000000e+00
-8.197500000000019327e+00,1.481484072308568762e-19,4.647324779570218154e-18
-8.195000000000041140e+00,-6.428958223677851687e-19,-9.943862962460658168e-19
-8.192500000000061178e+00,2.355257833043815258e-19,-4.084057481813330717e-18
-8.190000000000081215e+00,-3.883477405301391281e-19,-1.389633957383701147e-17
-8.187500000000103029e+00,1.370316139300020559e-18,-1.249341229538914509e-17
-8.185000000000123066e+00,3.876330802775437765e-18,-3.508268019947475302e-18
-8.182500000000143103e+00,5.774310354959201619e-18,1.574643070424691612e-17
-8.180000000000164917e+00,7.564723116829845185e-19,8.255900710500195211e-19
-8.177500000000184954e+00,2.241631200885592297e-18,1.586565244790828767e-17
-8.175000000000204992e+00,5.826381888075865864e-18,-2.248141873089840275e-17
-8.172500000000226805e+00,3.113387848141961563e-18,-2.800757467527087205e-17
-8.170000000000246843e+00,6.593376662457456895e-19,-6.481853152946515958e-17
-8.167500000000266880e+00,1.065494828490868988e-18,-4.763383228930065432e-17
-8.165000000000288694e+00,9.039619739572435982e-18,-7.900108275877037966e-17
-8.162500000000308731e+00,1.589683880327442006e-17,-6.701645909754818917e-17
-8.160000000000328768e+00,9.358006851248884312e-18,-1.002295948538532154e-16
-8.157500000000348805e+00,-3.319432633792822274e-18,-8.986387289676683697e-17
-8.155000000000370619e+00,1.110889969103083157e-17,-1.305525086441911106e-16
-8.152500000000390656e+00,1.133041084702368981e-18,-1.313876391381603468e-16
-8.150000000000410694e+00,1.407138761460821721e-17,-8.381115264103815075e-17
-8.147500000000432507e+00,5.056199318556292166e-18,-1.500935994803625868e-16
-8.145000000000452545e+00,1.468422561554450291e-17,-1.092852140142346384e-16
-8.142500000000472582e+00,1.241933894894160738e-17,-1.442941385631936386e-16
-8.140000000000494396e+00,6.542261531097398164e-18,-1.064950947404213877e-16
-8.137500000000514433e+00,1.432582230169193967e-17,-1.198568807697038706e-16
-8.135000000000534470e+00,1.160819491526508569e-17,-9.353004300344096484e-17
-8.132500000000556284e+00,1.504719448191272063e-19,-1.088729585066843137e-16
-8.130000000000576321e+00,6.577750962936511103e-18,-8.758677517873125211e-17
-8.127500000000596359e+00,-4.679138736312274102e-18,-9.739686716012350627e-17
-8.125000000000618172e+00,5.980676998427970989e-18,-1.130503345823767131e-16
-8.122500000000638209e+00,5.785455541354273341e-18,-1.224819027030547671e-16
-8.120000000000658247e+00,-1.126210059325840407e-18,-1.425214814762402797e-16
-8.117500000000680060e+00,5.244462372339738944e-18,-1.302284738851182176e-16
-8.115000000000700098e+00,2.121832245558559605e-18,-1.269168535608413351e-16
-8.112500000000720135e+00,-3.456611507502796302e-18,-1.265901608056084694e-16
-8.110000000000741949e+00,-4.023902862398077004e-18,-1.156642515622147170e-16
-8.107500000000761986e+00,-3.167940624294326476e-18,-1.133797596851106135e-16
-8.105000000000782023e+00,-6.939805053012931666e-18,-1.243904572284851227e-16
-8.102500000000803837e+00,1.155645980720081664e-18,-1.465103637027510251e-16
-8.100000000000823874e+00,-4.672538333101725249e-18,-1.185734568850096250e-16
-8.097500000000843912e+00,-2.993115218660602492e-18,-1.207753936564919075e-16
-8.095000000000865725e+00,-1.199181464284706008e-17,-1.239257896020274810e-16
-8.092500000000885763e+00,-1.338650714403342578e-17,-1.010709883862453681e-16
-8.090000000000905800e+00,-2.816288100618110559e-18,-7.259822483723308248e-17
-8.087500000000925837e+00,-1.471959650908488813e-17,-6.814527275063279084e-17
-8.085000000000947651e+00,-1.995348788616569261e-17,-4.632879783764502144e-17
-8.082500000000967688e+00,-7.310999345269005719e-18,-1.464269805012594535e-17
-8.080000000000987725e+00,-1.220997794770811512e-17,-2.347739211443665151e-18
-8.077500000001009539e+00,3.323450404457843674e-18,8.144461780391610425e-18
-8.075000000001029576e+00,4.284699589145582762e-18,1.672872554198920022e-17
-8.072500000001049614e+00,-2.111592645281294106e-18,8.184379206099726411e-18
-8.070000000001071427e+00,-1.125928868578492924e-17,2.773511198860190282e-17
-8.067500000001091465e+00,2.337072172676719524e-19,9.667954340824318660e-19
-8.065000000001111502e+00,4.567496898443386433e-18,1.253499738648477272e-17
-8.062500000001133316e+00,-1.746856761469851680e-17,8.963157275378658223e-18
-8.060000000001153353e+00,7.283297704475349772e-18,1.800415433812427849e-17
-8.057500000001173390e+00,-1.172527092877503137e-17,-2.929841352158673493e-18
-8.055000000001195204e+00,2.092317726341883720e-17,-7.086478270833539393e-18
-8.052500000001215241e+00,-2.843117165638952146e-17,-3.107471103816810660e-17
-8.050000000001235279e+00,-7.531781307391651309e-18,-3.854060399555050482e-17
-8.047500000001257092e+00,-1.057432974060933638e-17,-7.805194822360582636e-17
-8.045000000001277130e+00,-4.856507678353183541e-18,-8.696429187941253378e-17
-8.042500000001297167e+00,-6.687183100370619395e-18,-1.117314889509995364e-16
-8.040000000001318980e+00,-1.167791082247269319e-18,-1.081047700425936329e-16
-8.037500000001339018e+00,8.937510404416283955e-18,-1.210509924153670416e-16
-8.035000000001359055e+00,-9.817523303473660768e-18,-1.091087471248739753e-16
-8.032500000001380869e+00,6.667864474842579553e-18,-1.109561031674175503e-16
-8.030000000001400906e+00,-2.415882287672135445e-17,-1.161152887279171817e-16
-8.027500000001420943e+00,-2.229033102421598197e-19,-1.145568472789296026e-16
-8.025000000001442757e+00,-2.103064969387619931e-17,-1.220764845432951868e-16
-8.022500000001462794e+00,-3.130103545897514734e-17,-1.467109163440671313e-16
-8.020000000001482832e+00,-2.795342626436287155e-18,-9.828410733026531434e-17
-8.017500000001502869e+00,-1.244193248897494041e-17,-1.056096307373160773e-16
-8.015000000001524683e+00,-7.878740475293157423e-18,-1.114255634893106372e-16
-8.012500000001544720e+00,-1.828855020382467856e-17,-1.309896049807397457e-16
-8.010000000001552323e+00,-7.402841147316626715e-18,-1.298976186312125216e-16
-8.007500000001558149e+00,-2.105720183691687581e-17,-1.364107862549716857e-16
-8.005000000001565752e+00,-1.895958741792310998e-17,-1.394115213446737399e-16
-8.002500000001571578e+00,-4.021400683182327363e-17,-1.214959450661169150e-16
-8.000000000001579181e+00,-3.475065696378799853e-17,-1.037676214483633811e-16
-7.997500000001585008e+00,-2.438979176317377528e-17,-1.026849808732780223e-16
-7.995000000001591722e+00,-1.996179325297607193e-17,-7.570878235979700748e-17
-7.992500000001598437e+00,-2.082156829918103924e-17,-9.846382864796326020e-17
-7.990000000001605152e+00,-1.767901496355443211e-17,-7.620214094938455417e-17
-7.987500000001611866e+00,-2.611374389986378400e-17,-6.895295837303203221e-17
-7.985000000001618581e+00,-1.288983972470766724e-17,-3.961309095258309680e-17
-7.982500000001625295e+00,-7.573168685970921648e-19,-3.519485800811717795e-17
-7.980000000001632898e+00,-1.642137018051861578e-17,-4.579686472949135287e-17
-7.977500000001638725e+00,-1.779164839628930609e-17,-1.793350432440791898e-17
-7.975000000001646328e+00,-1.905917574428683989e-17,-2.120910469672237389e-17
-7.972500000001653042e+00,-3.087998819111068806e-18,-2.552116230556990570e-17
-7.970000000001659757e+00,-6.310432949180459033e-19,-9.147809957353518190e-18
-7.967500000001666471e+00,-1.267507046980134396e-17,-4.184481031803810616e-18
-7.965000000001673186e+00,-5.293221867911255451e-18,-3.033071745885809180e-17
-7.962500000001679901e+00,-2.659457469094538714e-17,-1.757370252002650392e-17
-7.960000000001686615e+00,-7.427409911679789971e-19,-1.714039898728053061e-17
-7.957500000001693330e+00,-1.519914338722973342e-17,-1.078333374132902152e-17
-7.955000000001700045e+00,-1.766018947599367993e-17,2.513699218141920076e-17
-7.952500000001706759e+00,-1.827158877430120493e-17,-6.145444645303000589e-18
-7.950000000001713474e+00,3.477176794567544694e-18,-2.601161967895295464e-17
-7.947500000001713083e+00,-1.917213077735801037e-17,-5.869886551051741598e-17
-7.945000000001712692e+00,-6.287943246792781551e-18,-3.481489293303348361e-17
-7.942500000001712301e+00,4.929528664781777751e-18,-1.192729024230079328e-17
-7.940000000001712799e+00,-2.724780333587329609e-17,-2.599195999894634947e-17
-7.937500000001712408e+00,-2.132616858841465259e-17,-4.841148635943990388e-17
-7.935000000001712017e+00,2.233185955089391858e-18,-4.917669101124401446e-17
-7.932500000001711626e+00,-6.890613559982416839e-18,-4.770575136260181180e-17
-7.930000000001711236e+00,5.493369903296114951e-20,-5.005934887726868662e-17
-7.927500000001711733e+00,-7.877283681236791691e-18,-2.815176652094159472e-17
-7.925000000001711342e+00,-1.536969490024903783e-17,-3.641418872239963091e-17
-7.922500000001710951e+00,6.269139696357288454e-18,-3.641133258608289637e-17
-7.920000000001710561e+00,-9.919015599399216864e-18,-5.384418180799242506e-17
-7.917500000001710170e+00,9.534974087864784487e-18,-2.115692187501236079e-17
-7.915000000001710667e+00,4.618057343487854050e-18,-4.273831311294691490e-17
-7.912500000001710276e+00,9.252004346057119151e-18,-2.867034380469603343e-17
-7.910000000001709886e+00,-8.336282420446176239e-19,-5.427450764068432656e-17
-7.907500000001709495e+00,5.845312180339882552e-18,-5.763025217132845314e-17
-7.905000000001709104e+00,-1.860002210692201418e-17,-4.261546444420187352e-17
-7.902500000001709601e+00,5.277102587582761767e-18,-7.099157850211379236e-17
-7.900000000001709211e+00,-2.169821849690680711e-17,-8.544139061490457480e-17
-7.897500000001708820e+00,-3.537275563199740168e-18,-8.488721300129509143e-17
-7.895000000001708429e+00,-1.197727113368284547e-17,-6.057517830211274123e-17
-7.892500000001708926e+00,5.107963620659666052e-18,-8.317219016708918664e-17
-7.890000000001708536e+00,-8.812210543262229313e-19,-7.182085283165400702e-17
-7.887500000001708145e+00,2.220939207814034802e-17,-6.496053297877097616e-17
-7.885000000001714859e+00,-1.834528834930444147e-19,-5.879672191471694022e-17
-7.882500000001721574e+00,6.879613886695104754e-18,-7.685119977803152623e-17
-7.880000000001728289e+00,-1.130532208924688747e-17,-5.291230806645509169e-17
-7.877500000001735003e+00,-3.813854003055299406e-18,-6.748858593817225379e-17
-7.875000000001741718e+00,-1.802899874709884882e-17,-6.952484557776466942e-17
-7.872500000001748433e+00,-1.621745981097606466e-17,-5.248842189687572093e-17
-7.870000000001755147e+00,-1.035681724056718638e-17,-5.607750696306294280e-17
-7.867500000001761862e+00,-5.943615221689575124e-18,-3.933948104469290624e-17
-7.865000000001768576e+00,-8.874582238860854482e-18,-5.740363486101576631e-17
-7.862500000001775291e+00,-6.715304325198220343e-18,-2.889508595961666676e-17
-7.860000000001782006e+00,-3.432337320829099862e-18,-2.697710763411861485e-17
-7.857500000001788720e+00,-1.721870786557983494e-17,-1.348886866803998524e-17
-7.855000000001795435e+00,-1.405456533811124675e-17,-4.334816721000333732e-17
-7.852500000001802150e+00,-8.185619476190477965e-18,-5.009883884858563239e-18
-7.850000000001808864e+00,-2.510198696293111133e-17,-3.006151928762670236e-17
-7.847500000001815579e+00,-1.664930805296072116e-17,-2.628485808952749744e-17
-7.845000000001822293e+00,-9.154981340856629242e-19,-1.804712278267267517e-17
-7.842500000001829008e+00,-4.329884279710010036e-18,6.077062413028636559e-20
-7.840000000001835723e+00,-1.137540304155923709e-19,6.879741501937989726e-17
-7.837500000001842437e+00,-1.335288564524651757e-17,2.932207477335144005e-17
-7.835000000001849152e+00,-7.874316271057806707e-18,3.238983493850414617e-18
-7.832500000001855867e+00,-2.633658571147341482e-17,7.403493359708138784e-17
-7.830000000001862581e+00,-9.946817192478456583e-18,9.356855887408712823e-17
-7.827500000001869296e+00,-2.617861294448571194e-17,1.443891512210103432e-16
-7.825000000001876010e+00,-1.871876706988908418e-17,6.807469820520727912e-17
-7.822500000001882725e+00,-6.807941472900257046e-18,1.602396598517931308e-16
-7.820000000001889440e+00,7.455064621957372967e-18,1.559957258626779494e-16
-7.817500000001896154e+00,-2.580375565759357871e-17,8.983233505933747236e-17
-7.815000000001902869e+00,-2.270707440598121773e-17,1.777098214962094938e-16
-7.812500000001909584e+00,-2.210684712955301821e-17,1.281317235745959974e-16
-7.810000000001916298e+00,-8.335904035791243316e-18,1.237312378746247338e-16
-7.807500000001923013e+00,-1.059890521693424114e-17,6.178024092596299167e-17
-7.805000000001930616e+00,6.941834849745372538e-19,7.614655771332637259e-17
-7.802500000001936442e+00,-2.803941395561882851e-17,1.091567663639388396e-16
-7.800000000001944045e+00,1.376467724335463839e-17,1.941786561271275391e-17
-7.797500000001950760e+00,-4.023687030553465209e-17,-8.440311774261706334e-19
-7.795000000001957474e+00,-2.831755586446584575e-17,2.181511464307396154e-17
-7.792500000001964189e+00,-1.557337748458819560e-17,-1.107762419348002551e-18
-7.790000000001970903e+00,3.455579136634975659e-18,-2.809375606070720448e-17
-7.787500000001977618e+00,-7.778133408865273965e-18,4.225222798153965586e-17
-7.785000000001984333e+00,-2.637222147065435513e-18,-2.564893997019759117e-17
-7.782500000001991047e+00,1.851099383937337449e-17,-1.871248190554492516e-17
-7.780000000001997762e+00,-1.132076407621797779e-17,1.590417889963903403e-17
-7.777500000002004477e+00,-1.315129576731111541e-17,2.576585306511399274e-17
-7.775000000002011191e+00,-1.764932822297699444e-17,3.289372415008421067e-17
-7.772500000002017906e+00,5.839051718255268104e-18,1.998180169085444775e-17
-7.770000000002024620e+00,5.898518795788650415e-18,-1.574472994427993150e-17
-7.767500000002031335e+00,-2.392436021895410649e-17,2.506719974625676555e-17
-7.765000000002038050e+00,-6.230865550978148822e-18,-1.079358198443704587e-17
-7.762500000002044764e+00,-1.602044660502101949e-17,1.048266660085794276e-17
-7.760000000002051479e+00,-2.674286318520913080e-17,-1.863933304065240596e-17
-7.757500000002058194e+00,-1.904056706296815564e-17,-4.741162989249500234e-17
-7.755000000002064908e+00,-1.905774655037174814e-17,-3.730033936107289264e-17
-7.752500000002071623e+00,-1.817791219592506556e-17,4.031767016083708596e-17
-7.750000000002078338e+00,-1.215247349230585179e-17,-1.760714796117453630e-18
-7.747500000002085052e+00,-8.646349187982798030e-18,8.653498680934652720e-18
-7.745000000002091767e+00,-2.357998190645741507e-17,2.998424967346864952e-17
-7.742500000002098481e+00,-6.105445907587547038e-18,-1.273629057383572885e-17
-7.740000000002105196e+00,-3.623153312619224651e-17,-1.675589211699943023e-17
-7.737500000002111911e+00,-1.657499985656796361e-17,-6.656486720026875126e-17
-7.735000000002118625e+00,-1.801135200061401253e-17,-1.604098333243714682e-17
-7.732500000002125340e+00,-1.614345694109169003e-17,-5.618756589069700710e-17
-7.730000000002132055e+00,-3.458722103428927611e-17,-4.759892351640439673e-17
-7.727500000002138769e+00,2.677885888480570045e-17,-7.279417517737434725e-17
-7.725000000002145484e+00,-1.854094441006529960e-17,-8.267042431155145425e-17
-7.722500000002152198e+00,-9.559914647319549987e-18,-8.794388602889191048e-17
-7.720000000002158913e+00,1.358306980640956700e-17,-1.280347358445279520e-16
-7.717500000002165628e+00,-2.982302524615610222e-17,-6.990889450752435537e-17
-7.715000000002172342e+00,3.376426140188760759e-17,-4.576740118149659026e-17
-7.712500000002179057e+00,-1.484049820905331517e-17,-7.991465362139887328e-17
-7.710000000002185772e+00,2.474051536211671217e-17,-5.149205172614761698e-17
-7.707500000002192486e+00,9.839097699498663509e-18,-4.092192161442863052e-17
-7.705000000002199201e+00,-1.519133597529851977e-17,-1.071803668854228093e-17
-7.702500000002205915e+00,1.236843150539789671e-17,-2.021663484327473041e-17
-7.700000000002212630e+00,5.065971522790933319e-18,-1.640313430257686753e-18
-7.697500000002219345e+00,-3.158197787748184518e-17,-6.963392726119577268e-17
-7.695000000002226059e+00,-9.715683668585460516e-18,-3.232937015006374268e-17
-7.692500000002232774e+00,1.096328240786811147e-17,-6.313407631891012648e-17
-7.690000000002239489e+00,2.703213707695208039e-19,1.140377645244570901e-17
-7.687500000002246203e+00,-1.819223266607631457e-17,2.307352694739027810e-17
-7.685000000002252918e+00,-2.298915598431912774e-18,-1.786054031817921332e-18
-7.682500000002259632e+00,2.347265381223639125e-17,7.032257235023899810e-18
-7.680000000002266347e+00,-9.271402596910399867e-18,-5.073724254544470209e-17
-7.677500000002273062e+00,-3.426426833400289815e-18,-6.167724277021609586e-17
-7.675000000002279776e+00,-3.646119969342947437e-18,-6.097763045893155566e-17
-7.672500000002286491e+00,-1.428261918078082211e-17,-4.365105568636094061e-17
-7.670000000002293206e+00,-1.920999730070470996e-17,-1.017456792145014817e-16
-7.667500000002299920e+00,-6.541279408476103553e-18,-1.088136874972216455e-16
-7.665000000002306635e+00,-5.888065630458142773e-18,-6.457971084608958050e-17
-7.662500000002314238e+00,-1.095079863423110203e-17,-6.299529671438147015e-17
-7.660000000002320064e+00,3.418441730679128461e-18,-8.608003630385832349e-17
-7.657500000002327667e+00,-1.088185262288694137e-17,-8.166884731557677130e-17
-7.655000000002334382e+00,-4.757548718596461170e-18,-1.159820172965496120e-16
-7.652500000002341096e+00,-4.293836271573982515e-17,-1.437899842915306211e-16
-7.650000000002347811e+00,-1.715667704993844655e-18,-9.708615925644901401e-17
-7.647500000002354525e+00,-2.042389699934908914e-17,-1.245599189709133094e-16
-7.645000000002361240e+00,-1.552623396548501987e-17,-5.615599035151107396e-17
-7.642500000002367955e+00,1.367206454341184861e-17,-7.185839408475762799e-17
-7.640000000002374669e+00,-2.941093668902959525e-17,-6.028533218709683466e-17
-7.637500000002381384e+00,2.186622797105604957e-17,-4.119833794639219039e-17
-7.635000000002388099e+00,-2.526893265979045081e-17,-7.939316160615656534e-17
-7.632500000002394813e+00,-4.038186889955502864e-17,-9.834978324688010715e-17
-7.630000000002401528e+00,-4.987834120087972618e-17,-1.204829777193920477e-16
-7.627500000002408242e+00,5.493348499837601051e-18,-6.426182410401121657e-17
-7.625000000002414957e+00,1.244829173728430719e-17,-1.132224617558722108e-16
-7.622500000002421672e+00,-4.332198333072909492e-17,-1.037661534334765237e-16
-7.620000000002428386e+00,-1.471336949438621552e-17,-1.325977480716706473e-16
-7.617500000002435101e+00,-1.474163929380620248e-17,-1.805642733852603136e-16
-7.615000000002441816e+00,-4.222068194988058073e-17,-1.827987989232197802e-16
-7.612500000002448530e+00,-5.547265624105873086e-17,-2.123456102184014081e-16
-7.610000000002455245e+00,-5.046243614471466395e-17,-1.171199167683333426e-16
-7.607500000002461960e+00,-7.112486756364547902e-17,-1.322542489525119378e-16
-7.605000000002468674e+00,-4.445813482023206178e-17,-1.434749150528115701e-16
-7.602500000002475389e+00,-1.601313550249553715e-17,-1.280195987671150580e-16
-7.600000000002482103e+00,-4.151317839264088495e-17,-1.169745935329114365e-16
-7.597500000002488818e+00,-5.611916933527549355e-17,-1.587756566700624974e-16
-7.595000000002495533e+00,-8.364944036911683376e-17,-1.229069740269642685e-16
-7.592500000002502247e+00,-1.270815837413084015e-17,-1.561819748691125389e-16
-7.590000000002508962e+00,-6.732590749488451928e-17,-7.021285184266037875e-17
-7.587500000002515677e+00,-3.741031870038888750e-17,-1.189175007433161926e-16
-7.585000000002522391e+00,1.924405227916734748e-17,-1.156624100350028183e-16
-7.582500000002529106e+00,-4.560835718886704965e-17,-9.906628371900415529e-17
-7.580000000002535820e+00,-2.998258410851415107e-17,-8.406013164795061399e-17
-7.577500000002542535e+00,-2.707008553318623108e-17,-8.599330263862803314e-17
-7.575000000002549250e+00,-3.344128605454806611e-17,-1.290653910112030885e-16
-7.572500000002555964e+00,-9.500011082240701347e-17,-1.478370663691759167e-16
-7.570000000002562679e+00,-7.821070371782114211e-18,-1.428487989465295714e-16
-7.567500000002569394e+00,-1.390138398579948754e-17,-1.331113823287956182e-16
-7.565000000002576108e+00,-6.895497302829214456e-17,-1.010253318502577122e-16
-7.562500000002582823e+00,-1.183702652838727334e-17,-2.046917498191077697e-16
-7.560000000002589537e+00,1.399256858287880653e-17,-1.232961126274667943e-16
-7.557500000002596252e+00,-9.949327429028327102e-18,-1.805983251754857291e-16
-7.555000000002602967e+00,-2.163578988670471079e-17,-1.398290086245294072e-16
-7.552500000002609681e+00,-3.152202657710442589e-17,-1.642098537064022577e-16
-7.550000000002616396e+00,-1.832585128379869463e-17,-1.144968638461779062e-16
-7.547500000002623111e+00,-3.855795541893211610e-18,-1.664630278624908248e-16
-7.545000000002629825e+00,-2.865297252306865515e-17,-1.608160879659052763e-16
-7.542500000002636540e+00,-2.070622582649053198e-17,-1.662131452368338116e-16
-7.540000000002643255e+00,-4.159996036743215807e-17,-1.716908998859384005e-16
-7.537500000002649969e+00,-5.187463907070162547e-18,-1.994156067959937525e-16
-7.535000000002656684e+00,1.142425474079516910e-17,-1.955391137589404122e-16
-7.532500000002663398e+00,6.728710187105273534e-18,-2.199451245280348196e-16
-7.530000000002670113e+00,-1.963835373830430283e-18,-2.125841003765357558e-16
-7.527500000002676828e+00,1.780822440226155913e-17,-2.188326581723890565e-16
-7.525000000002683542e+00,-6.035900537419017044e-17,-2.754186158155761230e-16
-7.522500000002690257e+00,-7.764982921138713791e-17,-2.112495315358664206e-16
-7.520000000002696972e+00,-1.685277674578244644e-17,-2.309889299107601375e-16
-7.517500000002703686e+00,-1.528668710179338698e-17,-2.362114015795968252e-16
-7.515000000002710401e+00,-3.541769174477868190e-17,-2.168516062845896477e-16
-7.512500000002717115e+00,-2.007098803355646371e-17,-2.316097805261631939e-16
-7.510000000002723830e+00,-3.325163400095678186e-17,-1.924368158100097323e-16
-7.507500000002730545e+00,-6.031437355149380456e-17,-1.552829000976270357e-16
-7.505000000002737259e+00,-1.903120687956054318e-17,-1.499027683911878249e-16
-7.502500000002743974e+00,-7.487583265935387240e-18,-1.257128857213679371e-16
-7.500000000002750689e+00,-5.495242297206607480e-17,-1.362777225814252943e-16
-7.497500000002757403e+00,-5.842615682567635602e-18,-1.394080675304049763e-16
-7.495000000002765006e+00,-2.547657627280210163e-17,-1.213445499103174209e-16
-7.492500000002770832e+00,1.503836940344954841e-17,-1.324562036374983818e-16
-7.490000000002778435e+00,-3.664713642323571534e-17,-5.907807241196125436e-17
-7.487500000002785150e+00,-6.222761378666952807e-18,-3.763788086885610912e-17
-7.485000000002791865e+00,-7.324387477311453215e-17,-8.723508128914082446e-17
-7.482500000002798579e+00,-8.486480370466143758e-17,-4.593405131150352118e-17
-7.480000000002805294e+00,-4.606448542877570281e-17,-1.802760800709738487e-17
-7.477500000002812008e+00,-2.325862379706046718e-17,-1.934943873461470287e-17
-7.475000000002818723e+00,-9.280194629932606121e-18,-9.542430425840600766e-17
-7.472500000002825438e+00,-1.181038177470856801e-17,-1.061387985533318161e-16
-7.470000000002832152e+00,-2.935247995941869215e-17,-9.856957281333050567e-17
-7.467500000002838867e+00,5.263338379791684017e-17,-1.085332227563394115e-16
-7.465000000002845582e+00,-6.975688803824962063e-18,-1.395373630672189728e-16
-7.462500000002852296e+00,1.032114185620269098e-17,-1.341979332986862851e-16
-7.460000000002859011e+00,1.521515606361664119e-18,-9.815925768656243595e-17
-7.457500000002865725e+00,8.670169920739257082e-19,-1.648234458138888290e-16
-7.455000000002872440e+00,-5.995616865578238949e-17,-1.583373893514850937e-16
-7.452500000002879155e+00,2.446862458873666802e-17,-1.989785600046586613e-16
-7.450000000002885869e+00,-3.768292109729912763e-18,-1.001031965268874719e-16
-7.447500000002892584e+00,-2.155544983683624621e-17,-1.346334457973702507e-16
-7.445000000002899299e+00,-8.287741553646823257e-18,-8.254945985814283274e-17
-7.442500000002906013e+00,-3.954090580744508255e-17,-1.629673559796948350e-16
-7.440000000002912728e+00,-2.750458394054175332e-17,-9.270286328070156644e-17
-7.437500000002919442e+00,-2.579347489933319082e-17,-6.190682660438440570e-17
-7.435000000002926157e+00,-2.124059668042866706e-17,-1.266150102821289149e-16
-7.432500000002932872e+00,-1.953800549751993068e-17,-1.806859050789768896e-16
-7.430000000002939586e+00,-4.282457115804038417e-17,-7.895744046593949567e-17
-7.427500000002946301e+00,-2.743502829389218964e-17,-1.149872137039368632e-16
-7.425000000002953016e+00,-3.850076775424737429e-17,-9.629672703394010640e-17
-7.422500000002959730e+00,-1.486763539571820564e-17,-1.611494904775699418e-16
-7.420000000002966445e+00,-2.622612722237487265e-17,-1.605880868149732618e-17
-7.417500000002973159e+00,5.608515961200572540e-18,-4.547504342739327451e-17
-7.415000000002979874e+00,1.595109311595916050e-17,-8.061339036819737467e-17
-7.412500000002986589e+00,-3.354745161896231319e-17,-9.959269631957750949e-17
-7.410000000002993303e+00,-5.339157555322848266e-17,-7.057665277263066536e-17
-7.407500000003000018e+00,-4.993482016540237626e-18,-1.698444599520977039e-16
-7.405000000003006733e+00,1.236533437536263870e-17,-1.204363857444678325e-16
-7.402500000003013447e+00,-6.993883340605781280e-18,-1.650983219429106363e-16
-7.400000000003020162e+00,4.907320397424851064e-18,-1.192749833410105312e-16
-7.397500000003026877e+00,-2.828118842211453987e-17,-1.198467071494903556e-16
-7.395000000003033591e+00,-1.686679157677766926e-17,-1.247662708386590417e-16
-7.392500000003040306e+00,3.324319213064560154e-18,-1.393877426784883539e-16
-7.390000000003047020e+00,-2.561621941656064113e-17,-1.893718691426957893e-16
-7.387500000003053735e+00,9.899017178148874521e-21,-9.329809489365484988e-17
-7.385000000003060450e+00,-5.737614059997793577e-17,-1.477877274108770798e-16
-7.382500000003067164e+00,-1.298398216589623189e-17,-1.940491624130895381e-16
-7.380000000003073879e+00,-3.035756610306693041e-17,-1.202708360045268510e-16
-7.377500000003080594e+00,-8.954912361391531489e-18,-1.136050795637162456e-16
-7.375000000003087308e+00,6.030241503631932024e-18,-1.928143054234938734e-16
-7.372500000003094023e+00,2.570870647853156964e-17,-9.202948869142837881e-17
-7.370000000003100737e+00,-1.132283041306455238e-18,-5.003230509684744318e-17
-7.367500000003107452e+00,-1.775652861467795336e-17,-9.638072174051204049e-17
-7.365000000003114167e+00,-3.237725788638216955e-17,-8.811658289080943471e-17
-7.362500000003120881e+00,1.212872782280678245e-17,-6.648171799205581948e-17
-7.360000000003127596e+00,-2.423843093873095217e-17,-3.214352593448230811e-17
-7.357500000003134311e+00,-4.869264663304052160e-17,-6.091615693688200989e-17
-7.355000000003141025e+00,-2.067710783210011592e-17,-4.736832251374307235e-17
-7.352500000003147740e+00,2.473026889958669018e-17,-4.659964857311499821e-17
-7.350000000003154454e+00,-3.920072618839889924e-17,-3.975561562181393720e-17
-7.347500000003162057e+00,-3.381068703509723142e-18,6.323310514525406366e-18
-7.345000000003167884e+00,-3.088257303992522892e-17,2.196966640284340680e-17
-7.342500000003175487e+00,-4.909443798718892936e-17,1.508591028747040071e-17
-7.340000000003181313e+00,-1.944928646247980151e-17,6.527095221380427078e-17
-7.337500000003188916e+00,-5.756839035361479987e-17,6.439464745046174003e-17
-7.335000000003194742e+00,-7.901376306279416825e-18,1.451701644686878774e-16
-7.332500000003202345e+00,3.402921273767804607e-18,1.065975116388732244e-16
-7.330000000003208172e+00,2.178343765692714785e-17,1.083119689168232943e-16
-7.327500000003215774e+00,-5.022905827462214640e-17,7.534647502755831366e-17
-7.325000000003222489e+00,-3.798058952434982895e-17,8.661028232146380643e-17
-7.322500000003229204e+00,-2.022556121586752524e-17,1.775966696095565240e-16
-7.320000000003235918e+00,-4.027728771689800208e-17,1.420796522427444684e-16
-7.317500000003242633e+00,-2.669634458156082133e-17,1.238353679862906944e-16
-7.315000000003249347e+00,-2.853785817386168196e-17,1.771728398160937782e-16
-7.312500000003256062e+00,-2.190192943093456445e-17,1.403622438192588244e-16
-7.310000000003262777e+00,-2.427629986369577256e-17,8.275773639676015229e-17
-7.307500000003269491e+00,-3.236706857793751157e-17,1.472067713194257445e-16
-7.305000000003276206e+00,2.537278690763895082e-17,1.359397444706525085e-16
-7.302500000003282921e+00,5.138093259547346506e-19,1.951695411890419400e-16
-7.300000000003289635e+00,-2.314997747287542018e-17,7.318597498049511532e-17
-7.297500000003296350e+00,-3.859619354076830430e-17,6.730628490274143167e-17
-7.295000000003303064e+00,-4.183956258899299897e-17,5.670172656060722598e-17
-7.292500000003309779e+00,-2.409884344715646316e-17,3.579553737240515643e-17
-7.290000000003316494e+00,-1.540512540094006184e-18,2.713957190689081651e-17
-7.287500000003323208e+00,-2.673670742808258252e-17,3.135416194491407639e-17
-7.285000000003329923e+00,-4.266391771253231956e-17,2.765173434453589797e-17
-7.282500000003336638e+00,5.845817207823289569e-18,-2.734785941230939866e-17
-7.280000000003343352e+00,-4.788175982185547835e-17,-2.146049972660577717e-17
-7.277500000003350067e+00,-1.138416741450457198e-17,-6.481012196074343871e-18
-7.275000000003356782e+00,-7.075220601067012518e-18,-5.893318638639632720e-17
-7.272500000003363496e+00,-3.994407402036724257e-17,-7.901488583574113050e-17
-7.270000000003370211e+00,-6.154806892090948785e-17,-1.151686647778472777e-16
-7.267500000003376925e+00,-1.881308964177193890e-17,-1.119744557037183191e-16
-7.265000000003383640e+00,-2.105450611373224463e-17,-3.307526019491885474e-17
-7.262500000003390355e+00,-2.870803175112351318e-17,-8.814847621357502890e-17
-7.260000000003397069e+00,-5.883326847134823633e-17,-8.401824059988930387e-17
-7.257500000003403784e+00,-4.173194715601986747e-17,-1.427382298165543236e-17
-7.255000000003410499e+00,-3.491189182043063449e-17,-1.305252407349162221e-16
-7.252500000003417213e+00,-3.256323710926807435e-17,-8.553847187345236299e-17
-7.250000000003423928e+00,-1.072577141318460438e-17,-5.362757536961186032e-17
-7.247500000003430642e+00,-3.861367368620707866e-17,-1.582041968259787000e-16
-7.245000000003437357e+00,6.448335795746365213e-19,-8.867866039578495193e-17
-7.242500000003444072e+00,-5.639466900910076065e-18,-2.422000640040215655e-17
-7.240000000003450786e+00,-2.083867617958537382e-18,-1.032450472453579857e-16
-7.237500000003457501e+00,-2.407385450608100603e-17,-1.317776109385487213e-16
-7.235000000003464216e+00,1.486933595872672238e-18,-9.445193180995811879e-17
-7.232500000003470930e+00,-3.682691774983738784e-17,-8.651495847036691020e-17
-7.230000000003477645e+00,-6.877341237550400146e-17,-4.041692326720945137e-17
-7.227500000003484359e+00,-6.483801484846572119e-17,-6.855392969107694889e-17
-7.225000000003491074e+00,-3.165489903577502529e-17,-1.055381441898223957e-16
-7.222500000003497789e+00,-4.532851808636941077e-17,-1.506515454016239376e-16
-7.220000000003504503e+00,1.412280751370674969e-17,-1.141903743588024860e-16
-7.217500000003511218e+00,-3.425855082055477586e-17,-8.524504238975551504e-17
-7.215000000003517933e+00,-1.680281311968213380e-18,-1.707594556562927931e-16
-7.212500000003524647e+00,-2.541814741014628338e-17,-1.272639092126050520e-16
-7.210000000003531362e+00,1.257174887549768083e-17,-1.397601867657039309e-16
-7.207500000003538076e+00,-2.292055523107528106e-17,-1.716742520966862937e-16
-7.205000000003544791e+00,-6.341902383291956723e-17,-2.039112074446339194e-16
-7.202500000003551506e+00,-1.810086269901132655e-17,-2.154042753899086812e-16
-7.200000000003558220e+00,3.975352132194369509e-17,-2.414558048029051725e-16
-7.197500000003564935e+00,-2.855544556188710556e-17,-2.374740518295568308e-16
-7.195000000003572538e+00,-8.108268335138263790e-18,-2.700602396382412576e-16
-7.192500000003578364e+00,2.836925908383758755e-17,-2.149977002330295734e-16
-7.190000000003585967e+00,-5.193725872940250272e-17,-2.333739725392194607e-16
-7.187500000003591794e+00,-9.043670861161285274e-17,-1.984499810565647769e-16
-7.185000000003599396e+00,-4.352218825068224080e-17,-1.954393064399889678e-16
-7.182500000003606111e+00,-7.255849039420518330e-18,-1.240033114340794239e-16
-7.180000000003612826e+00,-2.174721451123081007e-17,-1.180446252691072481e-16
-7.177500000003618652e+00,-4.199012469693900564e-17,-1.973286741545648362e-16
-7.175000000003626255e+00,-2.762784684562118775e-17,-8.933679422238260442e-17
-7.172500000003632969e+00,-3.508507754201870620e-17,-9.261299872728062605e-17
-7.170000000003639684e+00,2.966404029307156145e-17,-9.264911580111912413e-17
-7.167500000003646399e+00,-6.027246655443584802e-17,-9.675313314994231234e-17
-7.165000000003653113e+00,-5.297647912536371304e-18,-2.588563781103225622e-17
-7.162500000003659828e+00,5.502392073585353678e-18,-3.821139577918803228e-17
-7.160000000003666543e+00,-3.566746641319995913e-17,2.909317045150198703e-18
-7.157500000003673257e+00,1.967174624067363111e-17,-5.463260103563204697e-17
-7.155000000003679972e+00,-3.578914172081600081e-17,-1.710596158470026429e-17
-7.152500000003686687e+00,-5.428467487274957500e-17,1.980214884082980598e-17
-7.150000000003693401e+00,-3.144686526188873225e-17,-3.776263272448367949e-17
-7.147500000003700116e+00,-5.183076171782881460e-17,1.741806043481188418e-17
-7.145000000003706830e+00,-4.788007935613464316e-17,-1.529967398486400787e-17
-7.142500000003713545e+00,-4.271849810115793017e-17,-1.084434547099002474e-16
-7.140000000003720260e+00,-1.402061728970505070e-17,-6.301193333073998696e-17
-7.137500000003726974e+00,-3.303305887631590410e-17,-1.266458049936346202e-16
-7.135000000003733689e+00,-5.628010724151745249e-17,-5.706816369087703832e-17
-7.132500000003740404e+00,-9.285788137027851567e-17,-1.502771339796316131e-16
-7.130000000003747118e+00,1.926597289532666112e-17,-4.757191942558499824e-17
-7.127500000003753833e+00,2.014995922589977560e-17,-8.252609794776242409e-17
-7.125000000003760547e+00,-8.793385331175124767e-17,-1.686278738322917549e-16
-7.122500000003767262e+00,-7.837543465784745779e-17,-2.697243957318892427e-16
-7.120000000003773977e+00,1.889870726416878864e-17,-2.494992551482395834e-16
-7.117500000003780691e+00,-6.015140740923750424e-17,-1.435563095112095887e-16
-7.115000000003787406e+00,7.687941767869119847e-18,-2.453475942327236329e-16
-7.112500000003794121e+00,2.901824758349234420e-17,-1.881687011305842043e-16
-7.110000000003800835e+00,-2.897753012688546558e-17,-3.000446502593211028e-16
-7.107500000003807550e+00,-4.332321383577484434e-17,-1.668739023917465165e-16
-7.105000000003814264e+00,-2.740302791197587716e-17,-2.042651779254657144e-16
-7.102500000003820979e+00,-2.955117634316577791e-17,-1.875250906830003903e-16
-7.100000000003827694e+00,-3.233191326013250214e-17,-1.454618992512808530e-16
-7.097500000003834408e+00,-3.573045686851380802e-17,-1.124294515164293003e-16
-7.095000000003841123e+00,-1.477576938181519665e-16,-1.636257477348872886e-16
-7.092500000003847838e+00,-8.384789820557276686e-17,-2.225675165603080406e-16
-7.090000000003854552e+00,-6.569084666247082290e-17,-1.334790216254017523e-16
-7.087500000003861267e+00,-4.289888992153510658e-17,-1.759057202555481023e-16
-7.085000000003867981e+00,-7.653318149091815660e-18,-1.026387088037464376e-16
-7.082500000003874696e+00,-4.680904940816598185e-17,-1.370965332817484193e-16
-7.080000000003881411e+00,1.578320822050321996e-17,-9.526539293479513066e-17
-7.077500000003888125e+00,-3.149496768561118759e-17,-1.379328217466267319e-16
-7.075000000003894840e+00,-6.082811570604017478e-17,-1.695711967278778048e-16
-7.072500000003901555e+00,-1.333141300781362374e-17,-1.676786885658667840e-16
-7.070000000003908269e+00,-6.457109567454011429e-17,-1.346847269439038085e-16
-7.067500000003914984e+00,-2.971505309307771028e-17,-1.044978084469875534e-16
-7.065000000003921699e+00,-3.636893729059626882e-17,-1.360548782345405067e-16
-7.062500000003928413e+00,-8.152060266169405860e-17,-1.453745863422369412e-16
-7.060000000003935128e+00,-6.538020786119914611e-17,-1.595188803108467015e-16
-7.057500000003942731e+00,-8.741384883992270739e-17,-1.293239704349322717e-16
-7.055000000003948557e+00,-2.856996734827359444e-17,-2.352384104575213220e-16
-7.052500000003955272e+00,-6.670936321277956744e-17,1.050279744880369584e-17
-7.050000000003961986e+00,6.068272362991018393e-18,-3.902449707805142384e-17
-7.047500000003969589e+00,-9.385725681248436237e-17,-1.492874260996106213e-16
-7.045000000003975416e+00,-3.850297306190727245e-17,-4.081718057037325506e-17
-7.042500000003983018e+00,-1.245920961139417319e-17,-1.227928161135824367e-16
-7.040000000003988845e+00,-2.637535660636364689e-17,-2.476742741703154283e-17
-7.037500000003996448e+00,-2.902598503985795129e-17,-9.979679808387396851e-17
-7.035000000004002274e+00,-7.989464243187068906e-18,-8.087873060455673282e-17
-7.032500000004009877e+00,-4.163568345766920520e-17,-1.149875912909682937e-16
-7.030000000004015703e+00,-3.542971110531913806e-17,-5.987466502717424692e-17
-7.027500000004023306e+00,-5.010437052552847824e-17,-6.672414447843896294e-17
-7.025000000004029133e+00,-4.863040593243844212e-17,-9.948841404864779237e-17
-7.022500000004036735e+00,-3.169353974821579573e-17,-1.248423981641424502e-16
-7.020000000004042562e+00,4.674259143656033441e-18,-1.364777352531293319e-16
-7.017500000004050165e+00,-1.006067643116717998e-16,-6.954073912172455287e-17
-7.015000000004056879e+00,-1.699171663854199310e-17,-1.926521281560194121e-16
-7.012500000004063594e+00,-2.406015473343628237e-17,-9.068199066443298762e-17
-7.010000000004069420e+00,-5.763275794218493213e-17,-2.305051288396872844e-16
-7.007500000004077023e+00,-8.102436509789103645e-18,-1.278101677480424658e-16
-7.005000000004083738e+00,-4.327701972123183835e-17,-8.517551948841970062e-17
-7.002500000004090452e+00,-5.522658475686522172e-17,-1.611034756293505286e-16
-7.000000000004097167e+00,-7.761844638124973524e-18,-7.473519921242648770e-17
-6.997500000004103882e+00,-7.538336276607529185e-17,-1.050148485956844291e-16
-6.995000000004110596e+00,-2.255923927796410202e-18,-1.865813935441176202e-16
-6.992500000004117311e+00,-3.845763397110344395e-18,1.334916716888013196e-17
-6.990000000004124026e+00,-5.837590744367219688e-17,-9.910005998615731495e-18
-6.987500000004130740e+00,-3.191048220564238634e-17,-3.591221022308719887e-17
-6.985000000004137455e+00,-7.671128987119721473e-17,-1.287384627691915394e-16
-6.982500000004144169e+00,-4.165609002822866954e-17,-5.915738185911924332e-17
-6.980000000004150884e+00,-3.834473774223397280e-17,-7.039803056736667737e-17
-6.977500000004157599e+00,-6.607881871689363684e-17,-5.037771537192352686e-17
-6.975000000004164313e+00,-8.687924103765949461e-17,1.468570270343847132e-17
-6.972500000004171028e+00,-5.894123515675208703e-17,-9.038750777615524840e-18
-6.970000000004177743e+00,-8.834637624734555212e-17,4.318291217411956254e-17
-6.967500000004184457e+00,-9.928358926934803414e-17,-4.327306919598224848e-17
-6.965000000004191172e+00,-1.085017212790375249e-16,6.748171499952739921e-17
-6.962500000004197886e+00,-1.038974906275560255e-16,2.079191855615918244e-17
-6.960000000004204601e+00,-4.680195463623584012e-17,5.032848364022774763e-17
-6.957500000004211316e+00,-7.164761055782200008e-17,6.115999446301510236e-17
-6.955000000004218030e+00,-7.149756024388625767e-17,-3.056907750960180189e-17
-6.952500000004224745e+00,-8.368649485718279754e-17,-2.895335916152803288e-17
-6.950000000004231460e+00,5.283355903238862020e-18,-4.293896209936822082e-18
-6.947500000004238174e+00,-8.656087292637659386e-17,-4.520793603368201464e-18
-6.945000000004244889e+00,6.155243345591885994e-18,-9.101401750493272526e-17
-6.942500000004251604e+00,-8.311049093482347523e-18,-3.067267932280934382e-17
-6.940000000004258318e+00,-9.292409301157064385e-17,-8.327821924120789079e-17
-6.937500000004265033e+00,6.684789479966558163e-18,-1.603930629070346267e-17
-6.935000000004271747e+00,-2.365111406912874833e-17,-4.541732048033207006e-17
-6.932500000004278462e+00,-3.993383908163510468e-17,-8.550430079604905394e-17
-6.930000000004285177e+00,2.481995604009457076e-18,-1.500053540944495019e-16
-6.927500000004291891e+00,-5.104338825724550468e-17,-5.186431357959516654e-17
-6.925000000004298606e+00,1.792456494805170776e-17,-2.358262665221701384e-19
-6.922500000004305321e+00,1.217741758170252226e-17,-9.694932490779457326e-17
-6.920000000004312035e+00,-7.057989554291814373e-18,-2.509526422040694641e-17
-6.917500000004318750e+00,-4.251367284531336963e-17,-1.154787707932530161e-16
-6.915000000004325464e+00,-7.844174049641011915e-17,-6.711208091680999278e-17
-6.912500000004332179e+00,-4.338014659835650157e-17,1.336857546217410601e-17
-6.910000000004338894e+00,-9.672625507850003409e-17,-6.664968183815007996e-17
-6.907500000004345608e+00,-1.292940709381840245e-16,-6.192205878033153168e-17
-6.905000000004352323e+00,-1.174861850029360995e-16,-5.371591095478495670e-17
-6.902500000004359038e+00,-8.276935427048655979e-17,-3.630622451127193006e-18
-6.900000000004366640e+00,-7.444084594783908538e-17,-1.538178770279474166e-18
-6.897500000004372467e+00,2.373981708702483011e-17,3.704097193729154552e-18
-6.895000000004379181e+00,-3.709076646654835800e-17,3.285505621034115384e-17
-6.892500000004385896e+00,-1.866708998227663441e-17,-3.445600944660866426e-17
-6.890000000004393499e+00,-5.917773223420289153e-17,4.510683061943809622e-20
-6.887500000004399325e+00,-4.905703665196212043e-17,4.984336578511845458e-17
-6.885000000004406928e+00,-3.533145635206299235e-17,-1.545149504827670882e-17
-6.882500000004412755e+00,-3.509311268429842494e-17,-4.970615022560564729e-17
-6.880000000004420357e+00,-5.631518338821786295e-17,-7.676018933450331202e-17
-6.877500000004426184e+00,-1.936285763503693432e-17,-3.599776590789832229e-17
-6.875000000004433787e+00,-4.598327770280496405e-17,4.421014062818283402e-18
-6.872500000004439613e+00,-6.544734280816331724e-17,-3.648982480674327453e-17
-6.870000000004447216e+00,9.420885353015544827e-18,-8.779741464902196717e-17
-6.867500000004453042e+00,-7.473754034177602457e-18,-9.093258085602862413e-17
-6.865000000004460645e+00,5.425806111483299514e-17,-1.184453157918686468e-16
-6.862500000004466472e+00,-1.896459241979945131e-17,-1.149198000346111867e-16
-6.860000000004474074e+00,-7.427409908854023533e-17,-2.277304127560207929e-16
-6.857500000004480789e+00,4.398290220785225079e-17,-1.856877224376193761e-16
-6.855000000004487504e+00,4.063573640034821396e-17,-1.766034865625906338e-16
-6.852500000004493330e+00,8.810345930018471910e-18,-1.979906553724991028e-16
-6.850000000004500933e+00,4.631980719022685112e-18,-2.061558744579223068e-16
-6.847500000004507648e+00,-4.135020177864493310e-17,-1.175357307281509465e-16
-6.845000000004514362e+00,-7.545343043390302796e-17,-1.561479997382021595e-16
-6.842500000004520189e+00,-2.101153426499800312e-18,-1.694288531416031884e-16
-6.840000000004527791e+00,5.713449010192126888e-17,-6.865365651025778382e-17
-6.837500000004534506e+00,-6.952806986143142497e-17,-1.159315013260044736e-16
-6.835000000004541221e+00,-1.191986058359018386e-16,-1.750663982519192190e-17
-6.832500000004547935e+00,-2.748270743315017155e-17,-1.643112434504834668e-16
-6.830000000004554650e+00,-4.400172497603882220e-17,-3.526644667935719209e-17
-6.827500000004561365e+00,-5.789020460268809984e-17,-9.989741839201091777e-17
-6.825000000004568079e+00,-5.443046252199468153e-17,-1.422359815538553946e-16
-6.822500000004574794e+00,-5.215981216645066085e-17,-1.487205839288071543e-16
-6.820000000004581509e+00,2.139851493953227645e-17,-6.220257788833398454e-17
-6.817500000004588223e+00,-1.341211198054126203e-17,-7.874940021142392491e-17
-6.815000000004594938e+00,-3.430682547533263282e-17,-1.048439640841178406e-16
-6.812500000004601652e+00,6.727140711746733200e-17,-1.388214301024652608e-16
-6.810000000004608367e+00,-5.484301495589813374e-17,-6.879748391386653895e-17
-6.807500000004615082e+00,-1.920492814517703715e-17,-8.971183371720112092e-17
-6.805000000004621796e+00,-2.168421913421854674e-17,5.561255780255342627e-17
-6.802500000004628511e+00,-5.093171165102246037e-17,8.360287917149947947e-18
-6.800000000004635226e+00,-1.122571044190109130e-17,-1.193636047116507156e-17
-6.797500000004641940e+00,-6.300108585556018197e-17,2.131083995002113918e-17
-6.795000000004648655e+00,-3.868126332094493347e-17,4.393426239354402464e-17
-6.792500000004655369e+00,2.144977511459439664e-17,1.323557276589174286e-17
-6.790000000004662084e+00,-6.224294468492580042e-17,-3.733034745296405755e-18
-6.787500000004668799e+00,-1.176181972953484091e-16,2.639129612421134910e-17
-6.785000000004675513e+00,-1.172106305928565266e-16,-1.676242176187937244e-17
-6.782500000004682228e+00,-1.041463110912160800e-16,3.265379725351651361e-17
-6.780000000004688943e+00,-1.168849003830055215e-17,-2.102115535103628263e-17
-6.777500000004695657e+00,-8.868044203895396643e-17,-1.238294056874677662e-16
-6.775000000004702372e+00,-9.644483222768503100e-17,-6.508649876933281426e-17
-6.772500000004709086e+00,-9.964199117682803762e-17,-2.179665439805999995e-17
-6.770000000004715801e+00,-1.086227419758541310e-16,-7.531956242295244881e-19
-6.767500000004722516e+00,-2.305827928379821676e-17,3.202245350398764645e-17
-6.765000000004729230e+00,-1.065474371172195746e-16,6.034562801991582178e-17
-6.762500000004735945e+00,-3.274556522818639177e-17,3.376047774016152213e-17
-6.760000000004742660e+00,-9.919196495255038067e-17,5.918213245584445288e-17
-6.757500000004749374e+00,-8.077554026038922164e-17,-3.571322668018676594e-17
-6.755000000004756089e+00,2.298603947715206368e-17,7.780124056558455021e-17
-6.752500000004762803e+00,-7.474430008127409329e-17,-3.349227569958994775e-17
-6.750000000004769518e+00,-4.513739777082776198e-17,1.407296064787315437e-17
-6.747500000004776233e+00,2.841090237751261187e-18,-1.920266136327860285e-17
-6.745000000004782947e+00,9.076651742854068509e-18,-9.751611603074292924e-17
-6.742500000004789662e+00,4.196154211020266899e-18,-8.209803709734887841e-17
-6.740000000004796377e+00,-7.271308513039237348e-17,-1.139602625041262691e-16
-6.737500000004803091e+00,-7.151609439738495338e-17,-7.141915628725027224e-17
-6.735000000004809806e+00,-5.446156406843366097e-17,-5.021483950203674670e-17
-6.732500000004817409e+00,-3.647637081309239833e-17,-9.581531892092947052e-17
-6.730000000004823235e+00,-8.030661302620886408e-17,-1.401351774097896888e-16
-6.727500000004829950e+00,-1.075601059484910113e-16,-8.466823849922574030e-17
-6.725000000004836664e+00,1.771195826928426275e-18,-5.670494243797127481e-17
-6.722500000004844267e+00,-9.754006459324043189e-17,-9.440385137638943294e-17
-6.720000000004850094e+00,-2.021572045255091580e-17,-9.210944460336478785e-17
-6.717500000004857696e+00,-6.410278456005784478e-17,-1.012149780116738944e-16
-6.715000000004863523e+00,7.807766948027606498e-18,-1.012897597548150260e-16
-6.712500000004871126e+00,-8.289091573260116710e-17,-1.384261442932355455e-16
-6.710000000004876952e+00,-1.121554945926921621e-17,-1.494916771480612522e-16
-6.707500000004884555e+00,-2.754570337370051903e-17,-4.762270206332052812e-17
-6.705000000004891270e+00,-3.626022191109550145e-17,-1.858568986510510743e-16
-6.702500000004897984e+00,-6.181105794163625351e-17,-4.221736212560012383e-17
-6.700000000004903811e+00,-1.726891222186453127e-17,-1.628552635927964028e-16
-6.697500000004911413e+00,-7.559030072759363535e-17,-1.165318034367985922e-16
-6.695000000004917240e+00,2.050683521732842378e-17,-5.415575509977952919e-17
-6.692500000004924843e+00,-1.847512161246351961e-17,-1.411209634928746460e-16
-6.690000000004931557e+00,2.042206873352651468e-17,2.054311206628157856e-17
-6.687500000004938272e+00,-4.770985606593850317e-18,-6.807089957973186328e-17
-6.685000000004944098e+00,-4.909269716108419878e-17,-2.115279454113894292e-17
-6.682500000004951701e+00,-6.702419858500121351e-18,-5.597356634033591271e-17
-6.680000000004958416e+00,-9.646639504633587857e-17,-4.525075040108962284e-18
-6.677500000004965131e+00,-4.440534724044589390e-17,-2.871174060874817413e-17
-6.675000000004971845e+00,-1.077705763997593325e-16,-1.049130377490682696e-17
-6.672500000004978560e+00,-8.228241040982047594e-17,-6.618732320927319501e-17
-6.670000000004985274e+00,-4.385899202794438517e-17,-5.813935626486369165e-17
-6.667500000004991989e+00,-1.036880363709555601e-16,-2.069929829154947199e-17
-6.665000000004998704e+00,6.972360093952305603e-18,-6.713399039963905683e-17
-6.662500000005005418e+00,5.105088580436501688e-17,-1.929135012400306211e-16
-6.660000000005012133e+00,1.820253908754111901e-18,-8.278914859610286712e-17
-6.657500000005018848e+00,2.133367309491096555e-18,-1.633300236537819985e-17
-6.655000000005025562e+00,9.551184360585790436e-18,-5.409719222616135847e-17
-6.652500000005032277e+00,-4.850670563703788788e-17,-1.716524622587290753e-16
-6.650000000005038991e+00,2.350970236023738411e-17,-1.379840766867851652e-16
-6.647500000005045706e+00,-6.023520054942877200e-17,-1.089338089213563231e-16
-6.645000000005052421e+00,-4.083283191696975222e-17,-9.973562546771148268e-17
-6.642500000005059135e+00,-4.495689277870881158e-18,-1.822928696941067357e-16
-6.640000000005065850e+00,-6.673939142662426747e-17,-1.476172429425967208e-16
-6.637500000005072565e+00,-4.948502242582249114e-17,-2.207995167591171433e-16
-6.635000000005079279e+00,-8.185583238823694685e-17,-1.299118577819839370e-16
-6.632500000005085994e+00,-2.313710827597573606e-17,-2.416648865862487306e-16
-6.630000000005092708e+00,-3.146318024186512140e-17,-1.691990226279428078e-16
-6.627500000005099423e+00,-2.648273464454736032e-17,-1.320820648202218207e-16
-6.625000000005106138e+00,-4.782378527624523704e-17,-1.887337464832058988e-16
-6.622500000005112852e+00,-1.776841140848863281e-17,-7.595570094292788384e-17
-6.620000000005119567e+00,-1.912845868441951780e-17,-1.989995520361539663e-18
-6.617500000005126282e+00,-7.085882082717204319e-17,-1.096340405624788470e-16
-6.615000000005132996e+00,-2.395033518701397389e-17,-2.630429667468045822e-17
-6.612500000005139711e+00,-1.709337447419255070e-17,-5.898144856143561654e-17
-6.610000000005146426e+00,-1.197763457862701234e-17,-6.859390117632404879e-17
-6.607500000005153140e+00,-1.898854807910268367e-17,-1.319206528637651985e-16
-6.605000000005159855e+00,-6.831292703146726732e-17,-1.020755467187333104e-16
-6.602500000005166569e+00,-3.158231503282772769e-17,-8.012513830367695327e-17
-6.600000000005173284e+00,9.026225971895930641e-18,-7.558407502860953803e-17
-6.597500000005179999e+00,-1.352297420837503967e-16,-5.714908597327006565e-17
-6.595000000005186713e+00,2.003053048829569807e-17,-5.858780438250084189e-17
-6.592500000005193428e+00,-3.516890299174302777e-17,-9.937474921075156265e-17
-6.590000000005201031e+00,-4.178580507477518285e-17,-4.422674784350873363e-18
-6.587500000005206857e+00,-1.616478435975894403e-17,-7.438768861676044041e-17
-6.585000000005213572e+00,-1.040620144019766552e-16,4.518893611866153984e-18
-6.582500000005220286e+00,-5.140046139512200539e-17,-5.194582664342212629e-17
-6.580000000005227889e+00,-1.270549053878840158e-17,-9.891324407456251806e-17
-6.577500000005233716e+00,4.833543050595777710e-18,-4.182891044043107426e-18
-6.575000000005240430e+00,-5.091305166998884664e-17,-4.276361691487295085e-18
-6.572500000005247145e+00,-8.704271358081124874e-17,-7.588836128369526743e-17
-6.570000000005253860e+00,2.601605527546727623e-17,-1.302275920195762023e-16
-6.567500000005260574e+00,-6.531522460094009620e-17,-1.127952538408415195e-16
-6.565000000005268177e+00,-2.924855419282653525e-17,-1.477327568361169553e-16
-6.562500000005274003e+00,-1.862065239520653475e-17,-1.531529735989988495e-16
-6.560000000005280718e+00,-1.056773320448191453e-16,-8.064866020200646785e-17
-6.557500000005287433e+00,-8.849162051031149507e-17,-1.409773701842108596e-16
-6.555000000005295036e+00,-3.637340320737476968e-17,-1.666213605735122668e-16
-6.552500000005300862e+00,-9.123860290786533037e-17,-1.197578129439942844e-16
-6.550000000005308465e+00,1.927341577297701663e-17,-1.506053176790339307e-16
-6.547500000005315179e+00,-1.238230009002935830e-16,-6.504887069014596830e-17
-6.545000000005321894e+00,-7.495522081454492158e-17,-7.992703636946587477e-17
-6.542500000005327720e+00,5.093590103878370986e-18,-1.422082152605921619e-16
-6.540000000005335323e+00,-4.873828737820578466e-17,-8.105769306222455786e-17
-6.537500000005342038e+00,-7.083300710130831560e-17,-4.972970908253822525e-17
-6.535000000005348753e+00,-2.382253179567354464e-17,-4.767118830257884061e-17
-6.532500000005354579e+00,2.479720128892787039e-18,-7.087054791151766634e-17
-6.530000000005362182e+00,-1.086613370411307347e-16,-8.817399514665671823e-17
-6.527500000005368896e+00,-7.463889772022706783e-17,-2.368172656170468409e-17
-6.525000000005375611e+00,-1.520143427614852389e-16,-8.709174770687086611e-17
-6.522500000005382326e+00,-7.006757577649654881e-17,-9.356491472901036710e-17
-6.520000000005389040e+00,-5.293761814097073015e-17,-6.169721795487115564e-17
-6.517500000005395755e+00,-6.269725798784736244e-17,-4.998958147965926464e-17
-6.515000000005402470e+00,8.317703211133316622e-18,-4.496885304982054225e-17
-6.512500000005409184e+00,-1.034885918132548472e-16,-1.607020139945081135e-16
-6.510000000005415899e+00,-3.723225457904261174e-17,-1.076097931449306201e-16
-6.507500000005422613e+00,-4.708397311254737321e-17,-1.594626713228444454e-16
-6.505000000005429328e+00,-6.544963164567827118e-17,-1.863161686973580426e-16
-6.502500000005436043e+00,-3.849851483208914374e-17,-1.323148639546525194e-16
-6.500000000005442757e+00,4.919605579602013698e-17,-5.314756857391724654e-17
-6.497500000005449472e+00,-3.657598839247494637e-17,-1.503500354750248571e-16
-6.495000000005456187e+00,-3.347613559171970552e-17,-1.410740675292523922e-16
-6.492500000005462901e+00,-1.209324795177569751e-16,-2.012519681117851569e-16
-6.490000000005469616e+00,-4.134994654824128974e-17,-2.451227785011394504e-16
-6.487500000005476331e+00,-2.184298664785966428e-17,-1.874265513879247861e-16
-6.485000000005483045e+00,-7.020840623978078963e-17,-1.647472319914156504e-16
-6.482500000005489760e+00,-2.489114999938959909e-17,-2.762696184800903737e-16
-6.480000000005496474e+00,-4.728763542865320242e-18,-8.002263591924038242e-17
-6.477500000005503189e+00,-7.523014843517965400e-17,-1.372629968824866979e-16
-6.475000000005509904e+00,-8.867416865872348870e-17,-1.032151214113286936e-16
-6.472500000005516618e+00,-1.231905938834544862e-17,-2.180522980982244275e-16
-6.470000000005523333e+00,-1.821466578198071230e-17,-1.204927851698884466e-16
-6.467500000005530048e+00,-3.078297031526206643e-17,-1.996668179831827815e-16
-6.465000000005536762e+00,2.730009557145070357e-17,-2.083774923531751658e-16
-6.462500000005543477e+00,-3.859029946671455002e-17,-2.017971981084333855e-16
-6.460000000005550191e+00,-4.102950296114967782e-17,-2.271280629157431655e-16
-6.457500000005556906e+00,-1.153803637092162086e-16,-2.616032098162194346e-16
-6.455000000005563621e+00,5.727441925884123981e-17,-1.141471943611639746e-16
-6.452500000005570335e+00,-2.467115655574875296e-17,-1.654808639146929280e-16
-6.450000000005577050e+00,-3.426291888651458540e-17,-1.428421502984253924e-16
-6.447500000005583765e+00,-5.392520264986046985e-17,-1.816896034158502030e-16
-6.445000000005590479e+00,2.624882069395685956e-17,-1.930816415331021853e-16
-6.442500000005597194e+00,3.502710839162687772e-17,-2.346966446010016583e-16
-6.440000000005603908e+00,-5.913031277472811148e-17,-2.164439280446992654e-16
-6.437500000005610623e+00,-4.300157443051545993e-17,-2.693631215309727132e-16
-6.435000000005617338e+00,-2.142646344744910411e-17,-2.455520987403341693e-16
-6.432500000005624052e+00,-8.768811792271556054e-18,-2.320082525414614606e-16
-6.430000000005630767e+00,2.670590696555391732e-17,-3.137845582304730306e-16
-6.427500000005637482e+00,-4.773856463331974473e-17,-2.475015059506055962e-16
-6.425000000005644196e+00,-8.206995759110700354e-17,-2.832012535940855054e-16
-6.422500000005651799e+00,-7.169436338850337159e-17,-2.268788294054307674e-16
-6.420000000005657625e+00,-6.113294059767458048e-17,-3.295784940054767931e-16
-6.417500000005664340e+00,-6.339702550353751889e-17,-3.648938054245167735e-16
-6.415000000005671055e+00,1.950422331899728421e-17,-2.516221587635990649e-16
-6.412500000005678658e+00,-6.307459101323003710e-17,-3.243051367627568040e-16
-6.410000000005684484e+00,2.209736541595049581e-17,-2.502528882862938499e-16
-6.407500000005692087e+00,1.517373784450753485e-18,-2.326143656199796892e-16
-6.405000000005697913e+00,-1.056049579033585831e-16,-1.525971506666998283e-16
-6.402500000005705516e+00,-1.126823733225154180e-16,-2.375880943088492594e-16
-6.400000000005711343e+00,-4.799437068060122162e-17,-2.308652689754900288e-16
-6.397500000005718945e+00,-9.351920650788704511e-17,-1.130145119167774202e-16
-6.395000000005724772e+00,-5.085319993233021726e-17,-1.508557244387573463e-16
-6.392500000005732375e+00,-5.448321042011037378e-18,-1.415512813922118195e-16
-6.390000000005738201e+00,-2.717647511787486675e-18,-7.083331198465020347e-17
-6.387500000005745804e+00,-8.649706975743302258e-17,-1.369997910929846528e-16
-6.385000000005751630e+00,-6.148652675425524730e-17,-4.208747473889006207e-17
-6.382500000005759233e+00,-6.392056184417703135e-17,-1.154764647049178520e-16
-6.380000000005765948e+00,-6.196300756945241200e-17,-1.588130672604448595e-16
-6.377500000005772662e+00,-8.753465795078587598e-17,-8.005701793531279466e-17
-6.375000000005778489e+00,-1.101335136992226114e-16,-8.181644585174463465e-17
-6.372500000005786092e+00,-4.100450699685943279e-17,-6.705837868409767999e-17
-6.370000000005792806e+00,-8.479131833565033124e-17,-4.837906628217763483e-17
-6.367500000005799521e+00,-3.551611632581661296e-17,-4.097458586923448887e-17
-6.365000000005806235e+00,-6.627167715080222404e-17,-9.126575258626798221e-17
-6.362500000005812950e+00,-2.751208892924396017e-17,1.758784597434419456e-17
-6.360000000005819665e+00,-4.054965386738774880e-17,-1.514058106549550887e-17
-6.357500000005826379e+00,-3.877124527350275681e-17,-3.915129398038907703e-17
-6.355000000005833094e+00,-9.174880679972751343e-17,-1.257605012619835168e-16
-6.352500000005839809e+00,-9.465047894774690111e-17,-2.647387520292246898e-17
-6.350000000005846523e+00,-2.428148150730240255e-17,-7.779239464206496763e-17
-6.347500000005853238e+00,2.587373316869661782e-18,-1.112971076014620395e-16
-6.345000000005859953e+00,-1.763133645644994864e-17,-1.640732285405052979e-16
-6.342500000005866667e+00,-1.030100574118410329e-16,-1.787603473811035315e-16
-6.340000000005873382e+00,-7.627830285802568189e-17,-1.257394012197335837e-16
-6.337500000005880096e+00,-1.076625676776046514e-16,-1.452383880515659132e-16
-6.335000000005886811e+00,1.454999865713753201e-17,-1.447327965556383659e-16
-6.332500000005893526e+00,2.907540078076582276e-17,-2.657204257483830511e-16
-6.330000000005900240e+00,-8.176766660271746904e-17,-1.542092336504175866e-16
-6.327500000005906955e+00,-3.169603223040190015e-17,-1.425448925510209611e-16
-6.325000000005913670e+00,-4.497508000173473992e-17,-2.299660163487555196e-16
-6.322500000005920384e+00,-1.111395366617998899e-16,-1.959381514137856405e-16
-6.320000000005927099e+00,-1.974678112016444725e-17,-1.848036446536270768e-16
-6.317500000005933813e+00,-6.783437294484348283e-17,-2.386908464778748821e-16
-6.315000000005940528e+00,6.003431817309530648e-17,-1.942653507604801288e-16
-6.312500000005947243e+00,-2.635196373480833860e-17,-2.401571007466000203e-16
-6.310000000005953957e+00,-5.081536340465609867e-17,-1.703070479156837110e-16
-6.307500000005960672e+00,-9.465410071323299131e-17,-2.921719930041370023e-16
-6.305000000005967387e+00,1.183605967630527728e-17,-3.022962823957027574e-16
-6.302500000005974101e+00,-6.163733388792646164e-18,-3.237496552568868819e-16
-6.300000000005980816e+00,-1.266360045559341873e-17,-3.096465640185815398e-16
-6.297500000005987530e+00,-6.486024264624602445e-17,-3.077568502301464917e-16
-6.295000000005994245e+00,-6.216803284269449342e-17,-3.278546086278777755e-16
-6.292500000006000960e+00,-1.721006910133851587e-17,-3.482589944880365166e-16
-6.290000000006007674e+00,1.379267802645425839e-17,-2.983790076210423836e-16
-6.287500000006014389e+00,-5.932132572409915089e-18,-2.241639084057200623e-16
-6.285000000006021104e+00,-5.213579623608107958e-18,-2.136990055674562041e-16
-6.282500000006027818e+00,-9.093126114917629181e-17,-2.717352948452482323e-16
-6.280000000006034533e+00,9.594688372484779754e-19,-2.647036843455848256e-16
-6.277500000006041248e+00,2.702674490982644007e-17,-1.779329037713064762e-16
-6.275000000006047962e+00,-6.944209729321351676e-18,-2.410313982556287973e-16
-6.272500000006054677e+00,3.456889488571805767e-18,-2.153336462802786259e-16
-6.270000000006061391e+00,-5.358985903978267931e-17,-2.253537139488438547e-16
-6.267500000006068106e+00,-1.311710379366677715e-16,-2.174363928681798712e-16
-6.265000000006074821e+00,1.734844229760515703e-17,-2.339258274744913432e-16
-6.262500000006081535e+00,-1.643215563280897703e-17,-1.989104150614298668e-16
-6.260000000006088250e+00,-6.617923998330662973e-17,-1.103441739378059249e-16
-6.257500000006094965e+00,-6.317907158105911651e-17,-1.821678284910658065e-16
-6.255000000006102567e+00,-4.958993485120426232e-17,-2.063658625513302859e-16
-6.252500000006108394e+00,-6.928372510846027240e-17,-1.312649656471465850e-16
-6.250000000006115108e+00,-4.304967931747603521e-17,-1.262075909472271467e-16
-6.247500000006121823e+00,6.347331176557411679e-18,-1.475514487078755790e-16
-6.245000000006129426e+00,-2.660101835364279329e-17,-8.463807837584724807e-17
-6.242500000006135252e+00,-9.529104108017884491e-17,-1.840247687671734622e-16
-6.240000000006142855e+00,-4.059715077869070523e-17,-7.979097583267292874e-17
-6.237500000006148682e+00,-4.831569061988993268e-17,-6.114030693659598510e-17
-6.235000000006156284e+00,-1.025056743808577020e-16,-1.474909438351605266e-16
-6.232500000006162111e+00,-1.858546881478634475e-17,-6.874144237264436805e-17
-6.230000000006169714e+00,-1.141602409300262541e-16,-1.618368487962830691e-16
-6.227500000006175540e+00,-1.160800868261094471e-16,-1.681116291296168645e-16
-6.225000000006183143e+00,8.895866742560232231e-18,1.519003402195950448e-17
-6.222500000006188969e+00,-6.250421543810729989e-17,-3.041988763004493293e-17
-6.220000000006196572e+00,-7.449785845406154300e-18,-1.395050637092665932e-17
-6.217500000006202399e+00,-1.778989560774726573e-17,3.554535076460599479e-18
-6.215000000006210001e+00,-1.981596611102270721e-17,1.083126077706515726e-17
-6.212500000006216716e+00,-1.191053291172540018e-16,-5.435298653482851252e-17
-6.210000000006223431e+00,-1.268820732370401634e-16,-5.645392022096949907e-17
-6.207500000006229257e+00,-9.468862173964930974e-17,3.190646635942514446e-17
-6.205000000006236860e+00,-1.121133852346205634e-16,7.522648269128774660e-17
-6.202500000006243575e+00,-2.072296627415593754e-17,9.224912186536878106e-18
-6.200000000006250289e+00,-1.618362847148831111e-17,3.694054163066795164e-17
-6.197500000006257004e+00,-1.621688474651143800e-17,7.940955177759856691e-17
-6.195000000006263718e+00,-1.439728034544270702e-16,-1.011719090804151930e-16
-6.192500000006270433e+00,2.969076269468075544e-18,4.729704141883192679e-17
-6.190000000006277148e+00,-1.058959576110606918e-18,-6.636691391789217704e-17
-6.187500000006283862e+00,-2.543134850964291537e-17,1.656768471034687063e-17
-6.185000000006290577e+00,-2.576420586395490696e-17,2.979760799650108295e-17
-6.182500000006297292e+00,-2.481461546897812330e-17,-8.607418006202167234e-17
-6.180000000006304006e+00,-1.214743192687325633e-16,6.856748331503830044e-17
-6.177500000006310721e+00,-2.517138390848947883e-17,-7.216310965252489560e-17
-6.175000000006317435e+00,-5.328682751998559717e-17,-3.666866314864597017e-17
-6.172500000006324150e+00,-1.021694043845686243e-16,-9.965122508134600874e-17
-6.170000000006330865e+00,-1.119423972245283579e-17,-1.064928955729500721e-16
-6.167500000006338468e+00,-9.117249546972565305e-17,-5.427067343375329339e-17
-6.165000000006344294e+00,-8.866089076577673480e-17,-3.883495636688481350e-17
-6.162500000006351897e+00,-6.049412943725612928e-18,-7.653837489537307392e-17
-6.160000000006357723e+00,-5.151142913870228036e-17,-7.045768948578238649e-17
-6.157500000006364438e+00,-9.080151612017170234e-17,-1.166737772353488670e-16
-6.155000000006371152e+00,-9.856191073108891784e-17,-5.747234435820405135e-17
-6.152500000006377867e+00,-6.811805954953812769e-17,-7.046271955503376783e-17
-6.150000000006384582e+00,-4.825234121950279654e-17,-8.434506900075681127e-17
-6.147500000006392185e+00,-6.455034132543668173e-17,-1.776234134911242910e-16
-6.145000000006398011e+00,-1.184760700100027040e-16,-1.785455523031944384e-16
-6.142500000006405614e+00,-8.697316507982166307e-17,-2.354025033943880929e-16
-6.140000000006411440e+00,-1.252089093687867259e-16,-2.038141611806773124e-16
-6.137500000006419043e+00,2.767568131948829359e-17,-2.767610242383654432e-16
-6.135000000006424870e+00,-3.971429918182452263e-17,-1.621285501185548224e-16
-6.132500000006432472e+00,-1.517494314501579777e-16,-2.654026082060578811e-16
-6.130000000006438299e+00,-6.397255224364600757e-17,-2.054519370145027412e-16
-6.127500000006445013e+00,-8.407415734790040115e-17,-3.431389109988304736e-16
-6.125000000006451728e+00,-6.318431061923711084e-17,-3.099653604114041095e-16
-6.122500000006459331e+00,-2.018687538537905941e-17,-3.032581552560698293e-16
-6.120000000006465157e+00,-7.131577334824147569e-17,-2.863043743502008156e-16
-6.117500000006472760e+00,3.270429432392075450e-17,-1.572950061027649041e-16
-6.115000000006478587e+00,-6.035366750049357042e-17,-2.549450488297754674e-16
-6.112500000006486189e+00,-4.786314951330208887e-18,-2.287094546458175487e-16
-6.110000000006492016e+00,-9.719537376512554336e-18,-3.354175009468344349e-16
-6.107500000006499619e+00,-1.200085384086313822e-16,-1.659304148772958323e-16
-6.105000000006506333e+00,3.553633786687020442e-17,-2.130458735927755933e-16
-6.102500000006513048e+00,-8.032359941194913240e-17,-2.731131291011770053e-16
-6.100000000006518874e+00,-6.092297950177690463e-17,-2.837511630272671483e-16
-6.097500000006526477e+00,7.241331952001223695e-19,-2.270275073433973233e-16
-6.095000000006532304e+00,-6.589609388579620930e-18,-1.093037358283200622e-16
-6.092500000006539906e+00,-8.209194530051418404e-17,-1.887600047652380599e-16
-6.090000000006545733e+00,-4.545357057885904386e-18,-9.021887183559768776e-17
-6.087500000006553336e+00,-2.684732968102618649e-17,-1.052660165153111517e-16
-6.085000000006560050e+00,-5.496118615108097719e-17,-4.759692618811069851e-17
-6.082500000006566765e+00,-1.274323022624201284e-16,-2.756466412585167550e-16
-6.080000000006573480e+00,-2.322635748867295259e-17,-1.650449086369510006e-16
-6.077500000006580194e+00,-4.232532255023891165e-18,-2.251423204563763197e-16
-6.075000000006586021e+00,-4.798660111561584369e-17,-1.659689890951832445e-16
-6.072500000006593623e+00,-9.394151555463111967e-17,-2.701805812939321846e-16
-6.070000000006599450e+00,-8.696324102147539732e-17,-3.299024878087143967e-16
-6.067500000006607053e+00,-2.721407331889306428e-17,-1.772957791476561171e-16
-6.065000000006612879e+00,-6.090302141426562739e-17,-2.140108647034694465e-16
-6.062500000006620482e+00,-7.022626774770529805e-17,-1.905184057185753498e-16
-6.060000000006627197e+00,-6.429840025538985681e-17,-1.058570337552155786e-16
-6.057500000006633911e+00,-8.383550041245059377e-17,-2.240663089021555746e-16
-6.055000000006640626e+00,-3.162632561784734059e-17,-1.352707823555191975e-16
-6.052500000006647340e+00,2.002814788782098120e-17,-1.610519470029651392e-16
-6.050000000006654055e+00,-5.685512210001357936e-17,-1.762154454822059589e-16
-6.047500000006660770e+00,-1.508845983939777143e-16,-1.457149845388965471e-16
-6.045000000006666596e+00,1.568568674142756214e-17,-2.397253328782031447e-16
-6.042500000006674199e+00,-2.609516810509074000e-17,-8.837143682472387984e-17
-6.040000000006680914e+00,1.510013995377542336e-17,-1.509507851460168215e-16
-6.037500000006687628e+00,-1.229012699187195720e-16,-3.070358225162085952e-16
-6.035000000006694343e+00,-3.916393036030455098e-17,-1.495544094535861797e-16
-6.032500000006701057e+00,-1.297165575243387937e-16,-1.270244992365575189e-16
-6.030000000006707772e+00,-1.356950562544079360e-17,-1.831140926139398981e-16
-6.027500000006714487e+00,-2.823989138699767575e-17,-1.166209760137837188e-16
-6.025000000006721201e+00,-8.050745627991941367e-17,-1.652249731092214927e-16
-6.022500000006727916e+00,-5.460660442731012728e-17,-1.975831176718958024e-16
-6.020000000006735519e+00,3.302729281461384335e-17,-2.095085235753803099e-16
-6.017500000006741345e+00,-3.453205937985801997e-19,-2.829331214342336568e-16
-6.015000000006748060e+00,-7.209196155608311777e-17,-1.202517590229850800e-16
-6.012500000006754775e+00,-8.115549215560515253e-17,-1.831288082775814984e-16
-6.010000000006761489e+00,-3.516580133199175375e-17,-2.960033569183458506e-16
-6.007500000006768204e+00,2.375094294084454204e-17,-2.531324913053265904e-16
-6.005000000006774918e+00,-8.427883740086137064e-17,-2.934826778995405450e-16
-6.002500000006781633e+00,-6.434408542138332057e-17,-1.849975169668945320e-16
-6.000000000006789236e+00,-1.354567109670749000e-16,-3.610043921005237927e-16
-5.997500000006795062e+00,-1.069226596978155365e-16,-3.308046094190447466e-16
-5.995000000006802665e+00,-4.709160325736391968e-17,-2.397220462759626003e-16
-5.992500000006808492e+00,-1.799568282604707799e-17,-3.021618095321099154e-16
-5.990000000006815206e+00,-2.359810518351685072e-17,-2.280688772651301069e-16
-5.987500000006821921e+00,-2.515355489029618651e-17,-2.657510725556714755e-16
-5.985000000006828635e+00,-4.946951504450920294e-17,-2.466707107928950839e-16
-5.982500000006835350e+00,-1.966934706284059265e-17,-3.147502880396550458e-16
-5.980000000006842953e+00,-7.817667088779181903e-17,-2.421765455191100702e-16
-5.977500000006848779e+00,2.667069137474767422e-17,-3.645425436572922171e-16
-5.975000000006856382e+00,9.898435159201937024e-18,-2.420086390631846923e-16
-5.972500000006862209e+00,-7.818456040967618823e-17,-2.496002765994479794e-16
-5.970000000006869811e+00,-9.254346209263566872e-17,-2.103509127330559034e-16
-5.967500000006875638e+00,-4.476914493189753142e-17,-1.631097736040526153e-16
-5.965000000006883241e+00,-5.255437939345895579e-17,-2.420464344181033694e-16
-5.962500000006889067e+00,2.467638845701244104e-18,-3.294310925113953533e-16
-5.960000000006896670e+00,-3.631873296836410315e-17,-3.163724350508607289e-16
-5.957500000006902496e+00,-3.044474458991095795e-17,-1.216690067993769530e-16
-5.955000000006910099e+00,-5.710116502500222481e-17,-2.713934336550803917e-16
-5.952500000006915926e+00,-1.425338350312347274e-17,-3.242686365354238192e-16
-5.950000000006923528e+00,-7.937355171163056478e-17,-2.762932592192114135e-16
-5.947500000006929355e+00,-3.491301201724001825e-17,-3.609502334504153643e-16
-5.945000000006936958e+00,1.562622795128165716e-17,-2.573397083286833532e-16
-5.942500000006942784e+00,-9.157214205649576603e-17,-2.652998633859131479e-16
-5.940000000006950387e+00,9.046588990546545184e-18,-1.490614744600815636e-16
-5.937500000006957102e+00,-6.429984607566135307e-17,-3.098206871170372163e-16
-5.935000000006963816e+00,5.217249546022887815e-18,-2.543860210165875997e-16
-5.932500000006969643e+00,-8.322188991895411115e-17,-2.746292128588959482e-16
-5.930000000006977245e+00,-9.782381659853867472e-17,-1.834181163907787608e-16
-5.927500000006983072e+00,-3.378677047594258596e-17,-3.621517284065375173e-16
-5.925000000006990675e+00,-7.426842665546158445e-17,-2.788520184193330920e-16
-5.922500000006996501e+00,-1.073233472237493915e-16,-2.245229511230620833e-16
-5.920000000007004104e+00,1.510201844576784929e-17,-2.290782220069617286e-16
-5.917500000007010819e+00,-8.039650693992376790e-17,-2.966340052817603770e-16
-5.915000000007017533e+00,-8.853928945148818488e-17,-2.223324184687546337e-16
-5.912500000007024248e+00,-2.062919637806859614e-17,-2.840896405945189206e-16
-5.910000000007030962e+00,-3.281101556663574307e-17,-1.916089430891815877e-16
-5.907500000007037677e+00,-7.622374753381237777e-17,-1.809100692588435868e-16
-5.905000000007044392e+00,-7.596712905130357794e-17,-1.921426826864200962e-16
-5.902500000007050218e+00,-9.733573652480755885e-17,-1.785049162253204066e-16
-5.900000000007057821e+00,-1.073029883455620875e-16,-1.559327966545810621e-16
-5.897500000007064536e+00,-1.741105716080197924e-16,-2.299856080941164090e-16
-5.895000000007071250e+00,-1.425182555432618963e-16,-1.756224932827596104e-16
-5.892500000007077965e+00,-1.227397565344494799e-16,-2.276947207147471730e-16
-5.890000000007084680e+00,-8.000519688483218428e-17,-1.930430639566734395e-16
-5.887500000007091394e+00,-6.631782071678969423e-17,-1.598373315803350971e-16
-5.885000000007098109e+00,-9.758560180134355408e-17,-2.262890624875124760e-16
-5.882500000007104823e+00,-4.215112743931234998e-17,-2.606667589559028482e-16
-5.880000000007111538e+00,-9.186006924447515112e-17,-1.420805859365639439e-16
-5.877500000007117364e+00,-5.708130016343491576e-17,-1.058569574629844537e-16
-5.875000000007124967e+00,-8.012636461545673174e-17,-2.857946100354509789e-16
-5.872500000007131682e+00,-1.433118022251325617e-16,-1.996538679378216913e-16
-5.870000000007138397e+00,-7.817108837093180973e-17,-2.098067930658315489e-16
-5.867500000007145111e+00,-2.988535840150199760e-17,-2.013485516448893207e-16
-5.865000000007151826e+00,-4.191394922707740412e-17,-1.614956140569600637e-16
-5.862500000007158540e+00,2.089792073452737063e-17,-1.319245469085097036e-16
-5.860000000007165255e+00,-3.279286264959875741e-17,-1.050338396167431105e-16
-5.857500000007171970e+00,-1.216146800600938593e-16,-1.550998218899689102e-16
-5.855000000007178684e+00,-7.181593382886291176e-17,-1.079578210106359783e-16
-5.852500000007186287e+00,-7.310868064714310094e-17,-1.473206512366037384e-16
-5.850000000007192114e+00,-1.090021670391977002e-16,-4.690552794339551757e-18
-5.847500000007198828e+00,-7.158613289401990165e-17,-2.326326189111201485e-17
-5.845000000007205543e+00,-6.823039950206834981e-17,-7.643667089989281745e-17
-5.842500000007212257e+00,-4.043784367823451052e-17,-1.281286415156209265e-16
-5.840000000007218972e+00,-7.575879861723015325e-17,-1.514835719604649894e-16
-5.837500000007225687e+00,-1.210856613522050690e-16,-1.303126910721272240e-16
-5.835000000007232401e+00,-2.740934816613481450e-17,-1.811446704582126112e-16
-5.832500000007240004e+00,-5.866653088638473036e-17,-1.431429576239982401e-16
-5.830000000007245831e+00,-1.153544209160750147e-16,-2.220577802530800961e-16
-5.827500000007253433e+00,-5.376242624537700827e-17,-5.547240327501075442e-17
-5.825000000007259260e+00,-3.058957073119670625e-17,-1.458352504400800203e-16
-5.822500000007265974e+00,-1.531876920746975885e-17,-6.468697938638032784e-17
-5.820000000007272689e+00,-1.732256436155394372e-17,-6.841548501636538525e-17
-5.817500000007279404e+00,-1.014132831788217172e-16,-1.305238659843255684e-16
-5.815000000007286118e+00,-5.547846376648476149e-17,-1.275802751186389798e-16
-5.812500000007293721e+00,-6.709668605563643266e-17,-1.835901780378656132e-16
-5.810000000007299548e+00,-9.919198044585848068e-17,-8.755707048069704870e-17
-5.807500000007307150e+00,-3.688237717543146792e-17,-2.120081925195472314e-16
-5.805000000007312977e+00,3.643071238323600959e-17,-2.203646808831010302e-16
-5.802500000007320580e+00,-3.694572701725718557e-17,-8.690304604255117533e-17
-5.800000000007326406e+00,-6.241864305482348543e-17,-5.853604798489421813e-17
-5.797500000007334009e+00,-1.915498975826529336e-17,-1.874284278654468231e-16
-5.795000000007339835e+00,-2.282337647056080315e-17,-1.885975563490510951e-16
-5.792500000007347438e+00,-3.425522873512518056e-17,-1.357968643369977990e-17
-5.790000000007353265e+00,5.468029095554999904e-17,-4.156894660974870225e-17
-5.787500000007360867e+00,-4.437729185736927336e-17,-1.371217330740194756e-16
-5.785000000007366694e+00,-3.771530810836706502e-17,-1.221563014899093866e-16
-5.782500000007374297e+00,-8.412913141027528056e-17,-8.726854043840296727e-17
-5.780000000007380123e+00,-3.783838798285969201e-17,-1.294155218255397606e-16
-5.777500000007387726e+00,-1.258960648132382438e-16,-2.066696228452289343e-16
-5.775000000007393552e+00,-5.494867193868695019e-17,-1.097017101812426424e-16
-5.772500000007401155e+00,-1.710623841199283739e-17,-5.993113186388944922e-17
-5.770000000007407870e+00,-7.933912098510865190e-17,-1.847051161361900901e-16
-5.767500000007414585e+00,-1.173357404623319039e-16,-1.302449515921372016e-16
-5.765000000007420411e+00,-4.396939005697514134e-17,-1.553361079473864254e-16
-5.762500000007428014e+00,-1.027557428290909968e-16,-6.117628581464152644e-17
-5.760000000007433840e+00,-9.239686626015853640e-17,-9.792075611550946693e-17
-5.757500000007441443e+00,-9.551653065032780228e-17,-2.076073239307206120e-16
-5.755000000007447269e+00,-4.522351524991347684e-17,-2.243073259787041068e-16
-5.752500000007454872e+00,-8.407093818620694809e-17,-2.292870324177823194e-16
-5.750000000007461587e+00,-1.197008911542040003e-16,-2.072636739607427547e-16
-5.747500000007468302e+00,6.744981018645282126e-19,-1.641953358332636053e-16
-5.745000000007475016e+00,-1.203458010079730269e-16,-1.866591545301975997e-16
-5.742500000007481731e+00,-3.443695193037125511e-17,-2.045386107272630913e-16
-5.740000000007488445e+00,-6.592595343191829859e-17,-7.258641881411288633e-17
-5.737500000007495160e+00,-9.182639221949181173e-17,-1.781533941563460744e-16
-5.735000000007500986e+00,-1.078042947541030823e-16,-2.286419359951969910e-16
-5.732500000007508589e+00,-1.180186550025691113e-16,-2.184744831699093924e-16
-5.730000000007515304e+00,-9.108915863697903409e-18,-1.088218079374417561e-16
-5.727500000007522019e+00,-1.502456439824472052e-16,-8.023561171566678595e-17
-5.725000000007528733e+00,-1.149859997704396782e-16,-1.638245584047949710e-17
-5.722500000007535448e+00,-1.169929219885895070e-16,-1.454754376628235359e-16
-5.720000000007542162e+00,-6.967305982884296687e-17,-1.493451751731737604e-16
-5.717500000007548877e+00,-5.865382656239820274e-17,-2.313141973703949745e-16
-5.715000000007555592e+00,-8.167382504402246214e-17,-2.642251561760232774e-16
-5.712500000007562306e+00,-4.284790497809864873e-17,-2.161358067689762447e-16
-5.710000000007569021e+00,-4.056900398608860892e-17,-1.009925866611482202e-16
-5.707500000007575736e+00,-6.815611178944342946e-17,-2.962870598907264109e-16
-5.705000000007582450e+00,-8.077724331124789678e-17,-1.778687878536125120e-16
-5.702500000007589165e+00,-1.096657491700061775e-16,-1.601927910872262792e-16
-5.700000000007595879e+00,-4.443269267194764548e-17,-2.232209321742537299e-16
-5.697500000007602594e+00,-1.039694666067996070e-16,-1.590622973947569037e-16
-5.695000000007609309e+00,-3.668432844768062212e-17,-3.280349888448262248e-16
-5.692500000007616023e+00,2.806421743419775810e-17,-1.751477050953204941e-16
-5.690000000007622738e+00,-2.120544941088353847e-17,-2.841268001440874445e-16
-5.687500000007629453e+00,-9.673058549112234337e-17,-2.170226208986819502e-16
-5.685000000007637055e+00,-2.877070739363335970e-17,-1.630630183508729948e-16
-5.682500000007642882e+00,-8.497804810219914280e-17,-1.961682017633399623e-16
-5.680000000007649597e+00,-8.694607117822966180e-17,-2.763983474750448945e-16
-5.677500000007656311e+00,-4.456685986864121859e-17,-2.976371392914262150e-16
-5.675000000007663026e+00,-8.193184910157365572e-17,-9.270740079205992746e-17
-5.672500000007669740e+00,-7.130982468168767395e-17,-2.769244459329696799e-16
-5.670000000007676455e+00,-3.945476797741867863e-17,-2.049964471137276282e-16
-5.667500000007683170e+00,-4.943072232880627104e-17,-2.388225859262235601e-16
-5.665000000007690772e+00,-3.157599425869188273e-17,-1.826899324079375203e-16
-5.662500000007696599e+00,-1.252027998507759718e-16,-3.024820964078196643e-16
-5.660000000007704202e+00,-8.457586805183578528e-18,-2.349698941406481302e-16
-5.657500000007710028e+00,-1.034764863333354867e-16,-1.816144330998034102e-16
-5.655000000007717631e+00,-1.014450599242417343e-16,-2.043698726916751588e-16
-5.652500000007723457e+00,-1.419241529845488202e-17,-2.703145487635200581e-16
-5.650000000007730172e+00,-7.330329546262946361e-17,-9.304632728283379005e-17
-5.647500000007736887e+00,-5.377531345549684606e-18,-2.094381893867290678e-16
-5.645000000007744489e+00,-1.667880710452532010e-17,-1.805292468093792312e-16
-5.642500000007750316e+00,-2.150684534603200704e-17,-2.195635288598322586e-16
-5.640000000007757919e+00,-3.172751778038214758e-17,-2.232127357328458969e-16
-5.637500000007763745e+00,-5.343774522265376404e-17,-1.732855975192907113e-16
-5.635000000007771348e+00,-1.070638428164499686e-16,-2.339255711663127497e-16
-5.632500000007777174e+00,-8.231606483421585720e-17,-1.575459955496601325e-16
-5.630000000007784777e+00,-3.731262061220436707e-17,-1.757432262736070402e-16
-5.627500000007790604e+00,-1.277108828234768489e-16,-2.269356858912228391e-16
-5.625000000007798207e+00,3.658621399961063666e-18,-2.317356308850643096e-16
-5.622500000007804033e+00,-2.069808026205165152e-17,-2.168820064287438210e-16
-5.620000000007811636e+00,-8.600742973879957353e-17,-4.859097862516167509e-16
-5.617500000007817462e+00,-4.200756994865007061e-17,-2.633183214058939661e-16
-5.615000000007825065e+00,-1.232012420799423491e-16,-4.191305240999173718e-16
-5.612500000007830891e+00,-1.273464148648589004e-16,-2.831242116980280632e-16
-5.610000000007838494e+00,-5.795719781992461906e-17,-4.141977466983021257e-16
-5.607500000007844321e+00,-8.970008674525163587e-18,-3.486654783667564620e-16
-5.605000000007851924e+00,-1.011201586211672432e-16,-3.749479415552071136e-16
-5.602500000007858638e+00,-7.306139509933059750e-17,-3.027899035585841864e-16
-5.600000000007865353e+00,-8.182167727098122755e-17,-4.188113589328925172e-16
-5.597500000007871179e+00,7.286797512529717415e-18,-2.767985980874663307e-16
-5.595000000007878782e+00,-1.211207746897217207e-16,-3.899115370741592050e-16
-5.592500000007884609e+00,-1.220800783673844022e-17,-4.070552781455646315e-16
-5.590000000007892211e+00,-3.113974179558896202e-17,-4.146405539874094818e-16
-5.587500000007898038e+00,-7.625819516637184736e-17,-3.776982055664389419e-16
-5.585000000007905641e+00,-6.861725810196320993e-17,-4.259181854673564604e-16
-5.582500000007912355e+00,1.077650249106679808e-17,-4.602687249390840776e-16
-5.580000000007919070e+00,-7.009301650451216135e-17,-4.271812276060962178e-16
-5.577500000007925784e+00,-2.114715426762604058e-17,-3.529787894765823975e-16
-5.575000000007932499e+00,-4.848933658907909905e-17,-4.607273283605854031e-16
-5.572500000007939214e+00,-6.342593367925065934e-17,-4.356073956819300877e-16
-5.570000000007945928e+00,-1.176003309471598501e-17,-3.584116701765931058e-16
-5.567500000007951755e+00,-2.586624337762302003e-17,-5.007079145771795141e-16
-5.565000000007959358e+00,1.688216656887919541e-17,-4.482064068355092247e-16
-5.562500000007966072e+00,-5.476418019501584579e-17,-3.930614824247853672e-16
-5.560000000007972787e+00,-6.394198040169604460e-17,-4.852513694716150455e-16
-5.557500000007979502e+00,-4.042557317863874542e-17,-4.353526063698032093e-16
-5.555000000007986216e+00,-7.414685232050493805e-17,-4.474305690981258471e-16
-5.552500000007992931e+00,-5.306698546893886975e-17,-4.177666173501215062e-16
-5.550000000007999645e+00,-5.800620838681572107e-17,-4.429705664218515479e-16
-5.547500000008006360e+00,2.080594903705885832e-17,-4.829206700091087241e-16
-5.545000000008013075e+00,-7.127056751182770594e-17,-4.299199982714827856e-16
-5.542500000008020677e+00,-1.514588388977370501e-17,-2.909739042446740746e-16
-5.540000000008026504e+00,2.824542699160524101e-17,-4.153306370897004958e-16
-5.537500000008033219e+00,-6.797183554417877245e-17,-4.474664327138826770e-16
-5.535000000008039933e+00,-5.166392259291106402e-17,-4.621606933560707434e-16
-5.532500000008046648e+00,-7.849502235060403269e-17,-4.370353456318369566e-16
-5.530000000008053362e+00,-2.075503257679273529e-17,-4.072652750146288556e-16
-5.527500000008060077e+00,2.922976794502179223e-17,-5.374397939198177420e-16
-5.525000000008066792e+00,-5.955630859452591813e-17,-4.373565914913214685e-16
-5.522500000008074394e+00,-7.428645868356020361e-17,-5.079245911423327529e-16
-5.520000000008080221e+00,-8.577707030611758079e-17,-3.290303994628578757e-16
-5.517500000008087824e+00,-1.252398923481080467e-16,-3.669245666147798540e-16
-5.515000000008093650e+00,-6.345595213168568869e-17,-3.656551149233454506e-16
-5.512500000008100365e+00,1.709066222201611756e-17,-4.056522405020319534e-16
-5.510000000008107079e+00,-9.103099217352024181e-17,-4.656666127436413178e-16
-5.507500000008113794e+00,-3.886486894660127353e-17,-4.015734568074613326e-16
-5.505000000008120509e+00,-2.327657220722431469e-17,-3.678317110543096822e-16
-5.502500000008127223e+00,-1.185754904256188519e-16,-4.057126378735713512e-16
-5.500000000008133938e+00,-3.600487834249682423e-17,-3.610274847768995165e-16
-5.497500000008141541e+00,-3.649371903396414450e-17,-4.848629704993203683e-16
-5.495000000008147367e+00,-6.409251034591003554e-17,-4.530018074623834979e-16
-5.492500000008154970e+00,-1.344782719443704397e-17,-3.903200169897476056e-16
-5.490000000008160796e+00,-3.493030846433357951e-17,-5.274469573066803436e-16
-5.487500000008168399e+00,-5.369803286887116122e-17,-4.695400358959518566e-16
-5.485000000008174226e+00,1.248643477849364130e-18,-5.306152191311850885e-16
-5.482500000008180940e+00,-2.968764099659611052e-17,-4.786226216403833955e-16
-5.480000000008187655e+00,-4.362347167416796147e-17,-4.253288356141879844e-16
-5.477500000008195258e+00,-6.598198683644144186e-17,-5.080251335643593178e-16
-5.475000000008201084e+00,2.964624232028879319e-17,-4.184360369390903879e-16
-5.472500000008208687e+00,-1.018495695017310962e-17,-5.756515474451274404e-16
-5.470000000008214514e+00,-7.986564592744584366e-17,-5.479240116060512895e-16
-5.467500000008222116e+00,2.538090078581516901e-17,-3.740577508404035670e-16
-5.465000000008227943e+00,-2.723447167546949453e-17,-4.587506610517307460e-16
-5.462500000008235546e+00,1.935700220675059878e-18,-6.033562456282513811e-16
-5.460000000008242260e+00,5.303062185600082234e-17,-4.965211278795974263e-16
-5.457500000008248975e+00,-8.121658396023028139e-18,-6.165657470870379768e-16
-5.455000000008254801e+00,-4.872121355209302574e-17,-4.998642081309189543e-16
-5.452500000008262404e+00,-2.367513181886941746e-17,-5.398288273239743190e-16
-5.450000000008268231e+00,-2.007115712916192717e-17,-5.168219319731797861e-16
-5.447500000008275833e+00,-6.420955990505936233e-17,-5.309536676307875271e-16
-5.445000000008281660e+00,-4.709434628122200991e-17,-5.235619591174657216e-16
-5.442500000008289263e+00,-7.067161419074075679e-17,-6.483573514376373030e-16
-5.440000000008295089e+00,-7.885980492188329451e-17,-5.824510934742920569e-16
-5.437500000008302692e+00,-5.677435740193353349e-17,-5.708541133789047884e-16
-5.435000000008309406e+00,-1.955270907347760411e-17,-4.607113328962462158e-16
-5.432500000008316121e+00,-8.309793127245799444e-17,-5.989519037752332468e-16
-5.430000000008322836e+00,1.779285204575302561e-17,-7.605215469276927511e-16
-5.427500000008329550e+00,-3.897656621834228715e-17,-6.798603078491196737e-16
-5.425000000008335377e+00,-8.193641285275782639e-17,-6.691213066102938536e-16
-5.422500000008342980e+00,-7.883078866289635481e-17,-7.433241792038516508e-16
-5.420000000008348806e+00,-6.363440552096744577e-17,-6.599729535598716183e-16
-5.417500000008356409e+00,4.151243307406231585e-18,-6.431772781064863494e-16
-5.415000000008363124e+00,-1.001003597980997646e-16,-4.680755049233910808e-16
-5.412500000008369838e+00,1.278564015864838951e-17,-6.612046598475082812e-16
-5.410000000008376553e+00,-3.766218084331369813e-18,-5.631380785088553450e-16
-5.407500000008383267e+00,-2.083059550548718915e-17,-5.772323067984784144e-16
-5.405000000008389982e+00,-4.714580773705479369e-17,-6.294435060095748074e-16
-5.402500000008396697e+00,1.601749010598221612e-17,-6.261583904648883496e-16
-5.400000000008402523e+00,-1.426132140437656404e-16,-6.102117019490751225e-16
-5.397500000008410126e+00,-4.344651480158293899e-17,-6.728142072737650589e-16
-5.395000000008416841e+00,-8.680412740859838149e-17,-6.258187111242984819e-16
-5.392500000008423555e+00,-3.322611274324580556e-17,-6.390915834912188228e-16
-5.390000000008430270e+00,-5.013416764549539359e-17,-6.751652948978816038e-16
-5.387500000008436984e+00,-1.849178747086893951e-17,-6.938378399837313650e-16
-5.385000000008443699e+00,-7.311463580667466389e-17,-5.437460070254638181e-16
-5.382500000008450414e+00,-3.423150128711886206e-17,-4.640734714470229725e-16
-5.380000000008457128e+00,-3.517351084383088688e-17,-6.118830988633446484e-16
-5.377500000008463843e+00,-6.511532866151192066e-17,-4.940729517226226619e-16
-5.375000000008471446e+00,-6.182116496482672658e-18,-5.562726904830057997e-16
-5.372500000008477272e+00,-9.708066056699844039e-18,-5.427794177170759067e-16
-5.370000000008483987e+00,-1.062478071010832103e-16,-6.380696253923733017e-16
-5.367500000008490701e+00,-6.703506059450194970e-17,-6.785942039823667507e-16
-5.365000000008497416e+00,-5.181075517348205993e-17,-7.267591974279560419e-16
-5.362500000008504131e+00,-3.242125629304689504e-17,-6.863964788887412213e-16
-5.360000000008510845e+00,-4.316225474302713869e-17,-5.981568170816357265e-16
-5.357500000008517560e+00,5.352605829478190925e-17,-6.223322478277540424e-16
-5.355000000008525163e+00,1.312438466685265253e-17,-6.621055442511088410e-16
-5.352500000008530989e+00,-7.250828606903121049e-18,-6.489184412357288022e-16
-5.350000000008538592e+00,-3.179987495760446220e-17,-7.204071924718865929e-16
-5.347500000008544419e+00,-1.824158896555289795e-17,-6.851055193203849131e-16
-5.345000000008552021e+00,-6.542048686285531099e-17,-7.291543412631695722e-16
-5.342500000008557848e+00,-6.356628682693368792e-17,-7.191601261570786065e-16
-5.340000000008564562e+00,-1.815426090434323925e-17,-7.113578292019456926e-16
-5.337500000008571277e+00,-2.324184935328674169e-17,-7.502808142165880400e-16
-5.335000000008578880e+00,-1.510895178558693478e-17,-8.101507648272132525e-16
-5.332500000008584706e+00,-9.325371146616691588e-17,-8.016309111344115697e-16
-5.330000000008592309e+00,-7.149288915848181723e-17,-9.423211513681923533e-16
-5.327500000008598136e+00,-1.937392338375622870e-17,-8.607628255061003131e-16
-5.325000000008605738e+00,-6.123025757992026398e-17,-8.335316602536574889e-16
-5.322500000008611565e+00,-5.492838791079883602e-17,-9.603444195737896293e-16
-5.320000000008619168e+00,-3.959489127304718181e-17,-7.860513528073243094e-16
-5.317500000008624994e+00,-1.039332707625115096e-17,-8.671453661518468157e-16
-5.315000000008631709e+00,-6.336496504134273480e-17,-9.217140188738651732e-16
-5.312500000008638423e+00,-9.095309422222522939e-17,-8.695215675737629226e-16
-5.310000000008646026e+00,1.683108523130352009e-17,-8.733999247420105019e-16
-5.307500000008651853e+00,-7.235205413853743461e-17,-9.991325715770955113e-16
-5.305000000008659455e+00,-7.381594215628894050e-17,-1.001320704198807562e-15
-5.302500000008665282e+00,4.533637521747357958e-18,-9.724525114626607247e-16
-5.300000000008672885e+00,-4.833475962103187497e-17,-1.019110204194449431e-15
-5.297500000008678711e+00,-1.120832857034449093e-16,-9.717135580624453191e-16
-5.295000000008686314e+00,-1.386685338591625643e-17,-1.126283467665148424e-15
-5.292500000008693029e+00,-5.529852808382091842e-17,-9.224600511352154092e-16
-5.290000000008699743e+00,2.646984138617382525e-17,-1.046970485101771381e-15
-5.287500000008705570e+00,-4.479973544197368226e-17,-9.373308245506256195e-16
-5.285000000008713172e+00,-9.623483055831013000e-18,-1.151878696645847771e-15
-5.282500000008718999e+00,-4.822787681090136295e-17,-1.112419433513522913e-15
-5.280000000008726602e+00,-9.418873525148500015e-17,-1.213530290476569181e-15
-5.277500000008732428e+00,-2.115142706894587043e-17,-1.261530740586604143e-15
-5.275000000008740031e+00,-5.399242746024312735e-17,-1.169329116296945085e-15
-5.272500000008746746e+00,-9.490969471233737558e-17,-1.348721165497780245e-15
-5.270000000008753460e+00,-1.058525166281238594e-17,-1.171947194486969196e-15
-5.267500000008760175e+00,-3.226247939830138862e-17,-1.271366191584433917e-15
-5.265000000008766889e+00,5.215557622661418271e-17,-1.314598128457939282e-15
-5.262500000008773604e+00,-4.994416570841219192e-17,-1.460009112116926576e-15
-5.260000000008780319e+00,2.102402104666073249e-18,-1.441564695626514950e-15
-5.257500000008786145e+00,-7.243828482571035385e-17,-1.541847683644261696e-15
-5.255000000008793748e+00,-7.338825191534347038e-17,-1.501468407492859834e-15
-5.252500000008799574e+00,-3.931066048484559368e-17,-1.541184467298523853e-15
-5.250000000008807177e+00,-2.433044692770114431e-18,-1.504580398358503334e-15
-5.247500000008813892e+00,-1.049115546660155867e-16,-1.602225071103218332e-15
-5.245000000008820606e+00,-7.549296834952320262e-17,-1.572408036349314634e-15
-5.242500000008827321e+00,4.044009591637583203e-17,-1.584945062708241085e-15
-5.240000000008834036e+00,-7.297402123247685645e-17,-1.715113684408137881e-15
-5.237500000008840750e+00,-8.332246763759248109e-17,-1.752538795811505844e-15
-5.235000000008847465e+00,3.978300225107575913e-17,-1.739921754889100119e-15
-5.232500000008854180e+00,-4.104009583943774096e-17,-1.679226129836379185e-15
-5.230000000008860894e+00,1.266931750645436054e-17,-1.771032640910024442e-15
-5.227500000008867609e+00,-7.704101675726388287e-17,-1.736748420407510908e-15
-5.225000000008874323e+00,-3.211989165591544737e-17,-1.867516372988351724e-15
-5.222500000008881038e+00,4.198207855504147380e-18,-1.936036730826467085e-15
-5.220000000008887753e+00,-1.785230251408250575e-17,-1.926289548793058662e-15
-5.217500000008894467e+00,-3.727196373035719446e-17,-1.879632725511902529e-15
-5.215000000008901182e+00,-6.433992235524080967e-17,-1.965026878230821325e-15
-5.212500000008907897e+00,-2.396200138772276869e-17,-1.896474056444640472e-15
-5.210000000008914611e+00,-4.057973155563396148e-17,-1.943403734711673413e-15
-5.207500000008922214e+00,-1.434613619109825596e-17,-1.982902052635562947e-15
-5.205000000008928041e+00,-2.168302785269497656e-17,-1.964491614593048553e-15
-5.202500000008934755e+00,-4.502512108677340522e-17,-2.129701355375810601e-15
-5.200000000008941470e+00,-9.004008796859677727e-17,-2.028276786195895859e-15
-5.197500000008948184e+00,-2.701671871425713626e-17,-2.139041787191530752e-15
-5.195000000008954899e+00,-5.867090917640142847e-17,-2.123332474360169593e-15
-5.192500000008961614e+00,-5.694299818115758730e-17,-2.230674537675590565e-15
-5.190000000008968328e+00,-2.728504188020741355e-17,-2.223683662307951425e-15
-5.187500000008975931e+00,-5.832589567554484758e-17,-2.285220455411447763e-15
-5.185000000008981758e+00,-5.720418139146687890e-17,-2.291962107185531928e-15
-5.182500000008989360e+00,-2.972929850457166711e-17,-2.322954239282734173e-15
-5.180000000008995187e+00,-6.598869902535360096e-17,-2.403131298884131228e-15
-5.177500000009002790e+00,-7.011038571515441282e-17,-2.478106487214068482e-15
-5.175000000009008616e+00,-3.967551920027163981e-17,-2.522267588485173578e-15
-5.172500000009015331e+00,-7.937224173846691186e-17,-2.685970169031827568e-15
-5.170000000009022045e+00,-3.425626050656271268e-17,-2.616719246565145579e-15
-5.167500000009029648e+00,-7.930847858103366448e-17,-2.618779842776349369e-15
-5.165000000009035475e+00,-5.005289963474503760e-18,-2.734601986709486372e-15
-5.162500000009043077e+00,-3.901438582706514053e-17,-2.817272131657801580e-15
-5.160000000009048904e+00,-5.969916455154777697e-17,-2.781526446958531305e-15
-5.157500000009056507e+00,-8.395794934726548662e-17,-2.893523660385361571e-15
-5.155000000009062333e+00,-6.868048625905918001e-17,-2.864998381781098541e-15
-5.152500000009069936e+00,-2.879894823339481851e-17,-2.964953394472729285e-15
-5.150000000009075762e+00,-1.192710737547336756e-16,-3.039351540997819207e-15
-5.147500000009083365e+00,-1.391944582759883638e-17,-2.931260436443700800e-15
-5.145000000009089192e+00,-4.972499690153458515e-17,-3.076956438937681309e-15
-5.142500000009096794e+00,-3.617384115617292356e-17,-3.099761817699688475e-15
-5.140000000009102621e+00,5.917087464040994966e-18,-3.204862006496556119e-15
-5.137500000009110224e+00,-2.150215974852720466e-17,-3.147033763602884239e-15
-5.135000000009116050e+00,-3.002041830349592444e-17,-3.250568853448183290e-15
-5.132500000009123653e+00,-4.311030724228924290e-17,-3.334784681636119675e-15
-5.130000000009129479e+00,-4.461912305723873622e-17,-3.352564935264870392e-15
-5.127500000009137082e+00,-7.399153964743534629e-17,-3.537442561844966666e-15
-5.125000000009143797e+00,-8.857351101883990300e-17,-3.522746793196206516e-15
-5.122500000009150511e+00,-2.508466888718129029e-17,-3.552772770654000240e-15
-5.120000000009157226e+00,5.483142347140194268e-18,-3.572831653955252157e-15
-5.117500000009163941e+00,-7.336823415075592839e-17,-3.714985663501328399e-15
-5.115000000009169767e+00,-3.874782725595960281e-17,-3.709926072308862389e-15
-5.112500000009177370e+00,-6.180843462948759882e-17,-3.858802336376480122e-15
-5.110000000009183196e+00,-6.646388823826386166e-17,-3.824944832137768980e-15
-5.107500000009190799e+00,-5.615059960256095588e-17,-3.930581025482954724e-15
-5.105000000009197514e+00,-3.855013432394681373e-17,-3.990086470401979814e-15
-5.102500000009204228e+00,-6.505726760577886663e-17,-4.005359981744207819e-15
-5.100000000009210943e+00,-4.278771990229540324e-17,-4.155500618929424702e-15
-5.097500000009217658e+00,-2.489928185144438368e-17,-4.048176879236721076e-15
-5.095000000009224372e+00,-1.147386883865942696e-16,-4.142268863685627141e-15
-5.092500000009231087e+00,-7.630563573469034305e-17,-4.344510955119916217e-15
-5.090000000009236913e+00,-4.824855364940769580e-17,-4.349430816855548373e-15
-5.087500000009244516e+00,-5.916191578183499863e-17,-4.365187956397653869e-15
-5.085000000009251231e+00,-2.919807882896763850e-17,-4.525176075119146216e-15
-5.082500000009257946e+00,-2.396869544368355825e-17,-4.443198774894162006e-15
-5.080000000009264660e+00,-4.613029439511188519e-17,-4.681674901191343371e-15
-5.077500000009271375e+00,-4.756435829478695863e-17,-4.736748646642902777e-15
-5.075000000009278089e+00,-4.569840026381374841e-17,-4.710544867319859403e-15
-5.072500000009284804e+00,3.661834214759229756e-18,-4.803058063680298761e-15
-5.070000000009291519e+00,1.040262436453018170e-17,-4.921824655847798206e-15
-5.067500000009298233e+00,-6.494992056265027288e-17,-4.958523173962339641e-15
-5.065000000009304948e+00,-1.606795083814595871e-17,-4.997419410113382946e-15
-5.062500000009311663e+00,-2.316542746194425877e-17,-5.114860729917201472e-15
-5.060000000009318377e+00,-4.534017501494219646e-17,-5.231873744608064388e-15
-5.057500000009325092e+00,-5.565723052767256694e-17,-5.279720109047456483e-15
-5.055000000009331806e+00,-7.071446291579161468e-17,-5.358701556437334350e-15
-5.052500000009338521e+00,-7.456027492555748649e-17,-5.551149938953707253e-15
-5.050000000009345236e+00,-4.972459211977034660e-17,-5.593693541827794402e-15
-5.047500000009351950e+00,-4.449375283766759541e-17,-5.637858642155194733e-15
-5.045000000009358665e+00,-3.978759253131995101e-17,-5.697366524320515013e-15
-5.042500000009365380e+00,2.530353673062040966e-17,-5.788400870343059620e-15
-5.040000000009372982e+00,-1.567638796553101290e-17,-5.865956265232133612e-15
-5.037500000009378809e+00,-2.817601622034239708e-17,-5.933418158294812092e-15
-5.035000000009385523e+00,-7.862439213131675354e-18,-6.006428528202578385e-15
-5.032500000009392238e+00,-2.653818320734452090e-17,-6.137892683477670761e-15
-5.030000000009398953e+00,-5.305515431031400663e-17,-6.283014519068898288e-15
-5.027500000009405667e+00,-1.932248233861886535e-17,-6.345027066860867869e-15
-5.025000000009412382e+00,-2.640039081921104627e-18,-6.445924267045925401e-15
-5.022500000009419097e+00,-1.386204721829887065e-17,-6.555427176973793708e-15
-5.020000000009426699e+00,-1.665911657047641096e-17,-6.657954456714817978e-15
-5.017500000009432526e+00,-1.078236632281264435e-16,-6.646637445603711239e-15
-5.015000000009440129e+00,-6.505799938369036921e-17,-6.801613991403578170e-15
-5.012500000009445955e+00,-1.915439794294517411e-17,-6.969964911709660438e-15
-5.010000000009453558e+00,-3.198070163995631800e-17,-7.043417634726934227e-15
-5.007500000009459384e+00,1.903008675427259861e-17,-7.078216543356003519e-15
-5.005000000009466099e+00,-5.956723814664366004e-17,-7.154928078995381730e-15
-5.002500000009472814e+00,-2.529325084011110958e-17,-7.351265830597444595e-15
-5.000000000009480416e+00,-5.177341301549469541e-17,-7.485739604194315161e-15
-4.997500000009486243e+00,-2.111212100035951496e-17,-7.659548431774342114e-15
-4.995000000009493846e+00,-4.142537251591155581e-17,-7.681864329791368932e-15
-4.992500000009499672e+00,-3.417090775840184106e-17,-7.835585193374564790e-15
-4.990000000009507275e+00,-1.432639208966281983e-17,-7.993708223848941306e-15
-4.987500000009513101e+00,-4.174083087633519478e-17,-8.140266962340191961e-15
-4.985000000009520704e+00,-2.249557009811146117e-17,-8.279972999966496066e-15
-4.982500000009526531e+00,-3.795022836174701962e-17,-8.348917224115400268e-15
-4.980000000009534133e+00,-6.144126393579276713e-17,-8.490220242003479599e-15
-4.977500000009539960e+00,-8.031776848620158427e-17,-8.619569661086790615e-15
-4.975000000009547563e+00,-1.803856153786258862e-17,-8.767960461962931766e-15
-4.972500000009553389e+00,-8.006141460173275468e-17,-9.002027249111025316e-15
-4.970000000009560992e+00,-1.998050527933930270e-17,-9.171933984566516196e-15
-4.967500000009566818e+00,-4.992822442346049971e-17,-9.283774855413623928e-15
-4.965000000009574421e+00,-3.552097280139277629e-17,-9.545134892044425788e-15
-4.962500000009580248e+00,-2.342616661646489220e-17,-9.658557289270153188e-15
-4.960000000009587851e+00,-7.239476384947241091e-17,-9.841553217707035519e-15
-4.957500000009594565e+00,-8.816490392285866902e-17,-9.977466264308733689e-15
-4.955000000009601280e+00,-3.090894736602521523e-18,-1.012647583912181518e-14
-4.952500000009607994e+00,-4.421685375424963673e-17,-1.031340085773542859e-14
-4.950000000009614709e+00,-5.868264516161329620e-17,-1.051502283409470451e-14
-4.947500000009620535e+00,-7.636503289181537404e-19,-1.073431043615824010e-14
-4.945000000009628138e+00,5.206019433699610126e-18,-1.084908674779846546e-14
-4.942500000009633965e+00,-3.467333388355839940e-17,-1.104619674830613193e-14
-4.940000000009641568e+00,-6.722889291902799958e-18,-1.131158261281709508e-14
-4.937500000009648282e+00,7.809135288789746369e-18,-1.145898583208088926e-14
-4.935000000009654997e+00,-2.279422182045007805e-17,-1.159174390701072774e-14
-4.932500000009661711e+00,1.120906901805320011e-17,-1.175432219222899282e-14
-4.930000000009668426e+00,-2.325393843072478335e-17,-1.204511690346968493e-14
-4.927500000009675141e+00,-7.027998856167837397e-18,-1.224129058168715857e-14
-4.925000000009681855e+00,2.059071767226964574e-18,-1.243607535285887134e-14
-4.922500000009687682e+00,-3.101961988602489304e-17,-1.254420905107854221e-14
-4.920000000009695285e+00,-6.922676470601140148e-18,-1.289363182493439921e-14
-4.917500000009701999e+00,-5.085510848206473231e-17,-1.314131200566222445e-14
-4.915000000009708714e+00,-5.518146650317478037e-17,-1.337823073260933131e-14
-4.912500000009715428e+00,-5.897258545557671579e-17,-1.361983931668097520e-14
-4.910000000009722143e+00,-5.399768687510824621e-17,-1.382257201900827772e-14
-4.907500000009728858e+00,-3.193700134697587148e-17,-1.408195111698713094e-14
-4.905000000009735572e+00,-5.073085044921128806e-18,-1.431601172504644830e-14
-4.902500000009742287e+00,-5.783141420433224735e-17,-1.455253782851246787e-14
-4.900000000009749002e+00,4.478656753945013871e-18,-1.467497078952581113e-14
-4.897500000009756604e+00,-2.287164719935687066e-17,-1.501259615061596324e-14
-4.895000000009762431e+00,6.348103366121133079e-18,-1.528252990343401356e-14
-4.892500000009769145e+00,1.065094469776947035e-17,-1.551426734308399495e-14
-4.890000000009775860e+00,2.689360788493954239e-17,-1.574215838021442235e-14
-4.887500000009782575e+00,-2.147092257299541432e-17,-1.604940432864208959e-14
-4.885000000009789289e+00,-2.878193952961584223e-17,-1.633362180634894763e-14
-4.882500000009796004e+00,-4.808468967900888910e-17,-1.660866760999257818e-14
-4.880000000009802719e+00,-5.544080520886367349e-17,-1.697851415221428040e-14
-4.877500000009809433e+00,-6.040197280894453746e-17,-1.716275282682521445e-14
-4.875000000009816148e+00,-3.730201081927144891e-17,-1.750393163427070847e-14
-4.872500000009823751e+00,2.770589654460021343e-17,-1.776489222059171295e-14
-4.870000000009829577e+00,9.265462052841188862e-18,-1.802127560353179579e-14
-4.867500000009837180e+00,1.216378007925161554e-17,-1.828685639472925245e-14
-4.865000000009843006e+00,-5.266429311503729146e-18,-1.863872873161030184e-14
-4.862500000009849721e+00,3.778878972945494697e-18,-1.896309924961523247e-14
-4.860000000009856436e+00,-5.543877353564452077e-17,-1.931584913997793975e-14
-4.857500000009863150e+00,-3.414161552239718585e-17,-1.944900154052395038e-14
-4.855000000009869865e+00,1.255468629619995562e-17,-1.986854521560580322e-14
-4.852500000009877468e+00,2.619835237261173971e-17,-2.018758573252898187e-14
-4.850000000009883294e+00,-6.909262204981964781e-18,-2.055897564753705263e-14
-4.847500000009890897e+00,6.405407514654021172e-18,-2.097304226568969329e-14
-4.845000000009896723e+00,1.801924130937217302e-17,-2.122431451273004675e-14
-4.842500000009904326e+00,-7.053568382983911732e-17,-2.172499086446633981e-14
-4.840000000009910153e+00,-6.119503707603091661e-17,-2.209144486292044414e-14
-4.837500000009916867e+00,1.832350205758880145e-17,-2.233779525849086362e-14
-4.835000000009923582e+00,-3.626262924839972314e-17,-2.282818524786666369e-14
-4.832500000009931185e+00,-2.693171109006506207e-17,-2.316661627198258655e-14
-4.830000000009937011e+00,3.001876686827929323e-18,-2.361253011497803763e-14
-4.827500000009944614e+00,-1.206625012094175684e-17,-2.408289695683063365e-14
-4.825000000009950440e+00,-2.274107787612651697e-17,-2.439000879907194844e-14
-4.822500000009958043e+00,-9.667743284873492067e-18,-2.475125330405132161e-14
-4.820000000009963870e+00,-1.175913728379811532e-17,-2.515001527603708709e-14
-4.817500000009971473e+00,-2.853708241925085322e-17,-2.561250726325150858e-14
-4.815000000009977299e+00,-7.021660456813158195e-18,-2.616646580834956822e-14
-4.812500000009984902e+00,-1.908023002597139831e-17,-2.661916972966312864e-14
-4.810000000009990728e+00,-1.864453129247728492e-17,-2.713239218862317295e-14
-4.807500000009998331e+00,-2.420993981999720234e-17,-2.766762540152600915e-14
-4.805000000010004158e+00,-1.322877278854122690e-17,-2.808128706567829705e-14
-4.802500000010011760e+00,-2.008275641180069428e-17,-2.854892102296032112e-14
-4.800000000010017587e+00,-6.596599453358603858e-18,-2.920003696797117206e-14
-4.797500000010025190e+00,-7.931205046521332855e-18,-2.977495322227474372e-14
-4.795000000010031016e+00,-1.545741358764405611e-17,-3.005708057937776426e-14
-4.792500000010038619e+00,-4.145275211891534629e-17,-3.073789171406722749e-14
-4.790000000010045333e+00,-1.461694460517232433e-17,-3.115413295617274893e-14
-4.787500000010052048e+00,2.406496750115224450e-17,-3.172113819609013999e-14
-4.785000000010058763e+00,-4.456630528655307262e-18,-3.225782805224798001e-14
-4.782500000010065477e+00,-4.950234033052518137e-18,-3.291395137145829030e-14
-4.780000000010071304e+00,2.956780104221834596e-17,-3.341645055710648304e-14
-4.777500000010078907e+00,1.062329883439125781e-17,-3.392883056772550678e-14
-4.775000000010084733e+00,-6.459236023682442949e-18,-3.458653531108223650e-14
-4.772500000010092336e+00,3.730314529803228890e-17,-3.521095411564193557e-14
-4.770000000010099050e+00,2.976813002780064036e-17,-3.579786712205097068e-14
-4.767500000010105765e+00,-5.361628963834493589e-17,-3.644922620345710949e-14
-4.765000000010112480e+00,-1.414411751875851609e-17,-3.707604786642389613e-14
-4.762500000010119194e+00,1.062462460546309874e-17,-3.760122021859618416e-14
-4.760000000010125909e+00,1.588209894826396744e-17,-3.826676120898298632e-14
-4.757500000010132624e+00,-2.308577284063830213e-18,-3.888275169639953853e-14
-4.755000000010139338e+00,-1.578679563401478875e-17,-3.966767755573884925e-14
-4.752500000010146053e+00,-1.656967161581536558e-17,-4.033610743191478341e-14
-4.750000000010152768e+00,-2.946349041946801249e-17,-4.106487888177366482e-14
-4.747500000010159482e+00,-4.223118687648108630e-17,-4.178175555583701608e-14
-4.745000000010166197e+00,-4.277947204054022221e-17,-4.250088541082590452e-14
-4.742500000010172911e+00,1.880729874094089730e-18,-4.320798583372224117e-14
-4.740000000010179626e+00,-9.172767798706852433e-18,-4.400787964127209498e-14
-4.737500000010186341e+00,1.953572740420164806e-17,-4.474185886615297333e-14
-4.735000000010193055e+00,2.017352042401178209e-18,-4.547876691855396136e-14
-4.732500000010199770e+00,4.129892705807067566e-18,-4.625012286122127512e-14
-4.730000000010207373e+00,5.934526832161380841e-19,-4.716245864118774392e-14
-4.727500000010213199e+00,3.876922824797250943e-17,-4.792058968641151473e-14
-4.725000000010219914e+00,4.382066676555654991e-17,-4.871741974089367248e-14
-4.722500000010226628e+00,-1.495509846440411827e-17,-4.955400170463018741e-14
-4.720000000010233343e+00,-1.350150438076603486e-17,-5.045018456441430831e-14
-4.717500000010240058e+00,-9.175869652717364604e-18,-5.134302210087308032e-14
-4.715000000010246772e+00,-3.007538725821858854e-18,-5.222922148958426560e-14
-4.712500000010253487e+00,-2.554926060492854770e-17,-5.312000325665054823e-14
-4.710000000010261090e+00,1.114783742812479011e-17,-5.398985865386558636e-14
-4.707500000010266916e+00,-8.985035763536779397e-18,-5.500541603859870127e-14
-4.705000000010274519e+00,-1.139841142557954082e-17,-5.590870165074859467e-14
-4.702500000010280345e+00,2.882923177600469359e-17,-5.679208537451244085e-14
-4.700000000010287948e+00,-1.595774386404954462e-17,-5.777291969314210171e-14
-4.697500000010293775e+00,2.685789585248093518e-17,-5.878739972388723119e-14
-4.695000000010300489e+00,-5.130470484139008109e-18,-5.978354312142665632e-14
-4.692500000010307204e+00,-2.506381994869825230e-17,-6.096716171578648972e-14
-4.690000000010313919e+00,4.029970476946092909e-17,-6.196371212473551550e-14
-4.687500000010320633e+00,-1.868142911169225132e-17,-6.300317210890996599e-14
-4.685000000010328236e+00,4.521692704144611489e-18,-6.410893604443830808e-14
-4.682500000010334062e+00,1.205364938572389552e-19,-6.527871315005566863e-14
-4.680000000010341665e+00,-1.115419886006085869e-17,-6.640618641148828535e-14
-4.677500000010347492e+00,1.386051787419297745e-17,-6.743337242973853660e-14
-4.675000000010355095e+00,-2.272032410149297803e-18,-6.864093060254452567e-14
-4.672500000010360921e+00,-4.494621092464192474e-17,-6.995469419965750974e-14
-4.670000000010368524e+00,-1.474720105141486528e-17,-7.112697632396570850e-14
-4.667500000010374350e+00,-7.973280652576450439e-18,-7.234244600241328237e-14
-4.665000000010381953e+00,-8.896463016520833482e-19,-7.354021307300517760e-14
-4.662500000010387780e+00,1.724236134424635564e-18,-7.489730371097269326e-14
-4.660000000010395382e+00,-2.182589270350964389e-18,-7.614167835568755485e-14
-4.657500000010401209e+00,8.722816779543904226e-18,-7.746525671523007272e-14
-4.655000000010408812e+00,-3.585301469918530940e-18,-7.877825997472194694e-14
-4.652500000010414638e+00,-4.292464915256874777e-18,-8.019397281853378966e-14
-4.650000000010422241e+00,-5.747039679697877243e-19,-8.154462619790920840e-14
-4.647500000010428955e+00,-1.244983661750582971e-17,-8.298885044683672956e-14
-4.645000000010435670e+00,-4.117007745685089932e-19,-8.438311564561091204e-14
-4.642500000010442385e+00,-2.710004698206942507e-17,-8.589224259798630386e-14
-4.640000000010449099e+00,-3.662622848389725892e-17,-8.733370326805270251e-14
-4.637500000010454926e+00,2.222191975259795736e-17,-8.875429127743309491e-14
-4.635000000010462529e+00,-7.808912644760833466e-18,-9.033068270135020040e-14
-4.632500000010468355e+00,-4.357760966377513895e-18,-9.192661040941953936e-14
-4.630000000010475958e+00,-1.029504622836314973e-17,-9.352649922048289888e-14
-4.627500000010481784e+00,-4.727782484585809964e-17,-9.510385906588198922e-14
-4.625000000010489387e+00,-6.092227556565793485e-17,-9.688091975079594777e-14
-4.622500000010496102e+00,-1.558295084189338070e-17,-9.838280018960069312e-14
-4.620000000010502816e+00,-7.231155421980929099e-18,-1.001411041866238723e-13
-4.617500000010509531e+00,-5.600937526603207298e-17,-1.019713905483509057e-13
-4.615000000010516246e+00,-3.153722894191085456e-17,-1.036733500181968039e-13
-4.612500000010522072e+00,-5.027462407893870348e-17,-1.054701501493779333e-13
-4.610000000010529675e+00,-3.928846510147988218e-18,-1.073303801687300425e-13
-4.607500000010535501e+00,-9.840029434772829854e-18,-1.091773165979563378e-13
-4.605000000010543104e+00,-2.104840963396754250e-17,-1.111249381710580549e-13
-4.602500000010549819e+00,-3.946894060944558885e-17,-1.131344829339611220e-13
-4.600000000010556533e+00,-2.858885215283289798e-18,-1.150369571457429927e-13
-4.597500000010563248e+00,-2.002876481431707525e-17,-1.169913926731047849e-13
-4.595000000010569963e+00,-1.456806506766490552e-18,-1.190469699534333872e-13
-4.592500000010576677e+00,-3.159391885105586374e-17,-1.211302837850900649e-13
-4.590000000010583392e+00,-2.302259949343536045e-17,-1.231741092302360152e-13
-4.587500000010590107e+00,-2.726548718760412911e-17,-1.252438571520250181e-13
-4.585000000010596821e+00,-2.178518223130241731e-17,-1.274671616633688478e-13
-4.582500000010603536e+00,-1.344547863697786490e-17,-1.296592824004584004e-13
-4.580000000010610250e+00,-2.135706718743498206e-17,-1.318998516766381902e-13
-4.577500000010616965e+00,-3.137089877641417254e-17,-1.341780976701320861e-13
-4.575000000010623680e+00,-1.496755191035921693e-17,-1.363504619990454907e-13
-4.572500000010630394e+00,-5.137942481458933873e-17,-1.388070565958693449e-13
-4.570000000010637109e+00,-3.455525993495384317e-17,-1.411329835228176279e-13
-4.567500000010643824e+00,-2.010176816796204124e-17,-1.435245581630651758e-13
-4.565000000010650538e+00,-6.201843911731712341e-17,-1.459878771100539866e-13
-4.562500000010658141e+00,4.911594652298150338e-19,-1.485073227322575784e-13
-4.560000000010663967e+00,-3.731792423559078853e-18,-1.510402286625105711e-13
-4.557500000010671570e+00,-4.700309352783735905e-17,-1.537641733782764673e-13
-4.555000000010677397e+00,-3.479674349790089221e-17,-1.563883530625230862e-13
-4.552500000010684111e+00,-1.640083609897647723e-17,-1.592030365967311199e-13
-4.550000000010690826e+00,-2.966091013708421788e-17,-1.618663244458286421e-13
-4.547500000010697541e+00,-4.953352284884452411e-17,-1.646106264302452358e-13
-4.545000000010704255e+00,1.369307174694283223e-17,-1.675144426255867721e-13
-4.542500000010711858e+00,5.784614777547551422e-18,-1.703040103782108553e-13
-4.540000000010717685e+00,-4.716759239744733186e-18,-1.732341746599283967e-13
-4.537500000010725287e+00,-5.415899066049093056e-17,-1.763404741968297188e-13
-4.535000000010731114e+00,-4.215483721719542030e-17,-1.793857376782677407e-13
-4.532500000010738717e+00,-5.646260433771645789e-17,-1.825350340675097779e-13
-4.530000000010744543e+00,1.376873251553896255e-18,-1.855730885911273383e-13
-4.527500000010751258e+00,-2.730948304972631092e-17,-1.888089755719749405e-13
-4.525000000010757972e+00,-1.695175514233190035e-17,-1.920417455932411875e-13
-4.522500000010765575e+00,-1.057019404456971019e-18,-1.953776153021269392e-13
-4.520000000010771402e+00,2.383022242754492576e-17,-1.986700863145731648e-13
-4.517500000010779004e+00,1.384447322545019270e-17,-2.021101612381173983e-13
-4.515000000010784831e+00,-3.560786177766378775e-17,-2.056708548909781606e-13
-4.512500000010792434e+00,-3.020664097932447718e-17,-2.091723760269838975e-13
-4.510000000010798260e+00,-1.129081478547878518e-17,-2.127345525164805700e-13
-4.507500000010805863e+00,-2.664078583475413063e-17,-2.164474286324729897e-13
-4.505000000010811689e+00,-3.216774760708471184e-17,-2.201516413682990397e-13
-4.502500000010819292e+00,-3.319758555966591039e-17,-2.239766874124221033e-13
-4.500000000010825119e+00,-4.405375376546597355e-17,-2.277812357828676332e-13
-4.497500000010832721e+00,-1.870657689404465823e-17,-2.317611722712398435e-13
-4.495000000010838548e+00,-1.117731082306773481e-17,-2.356655678555872955e-13
-4.492500000010846151e+00,-4.214791853612634578e-17,-2.398290348413273586e-13
-4.490000000010851977e+00,-4.336747147460286410e-17,-2.439501917900236562e-13
-4.487500000010859580e+00,1.934471785637502131e-17,-2.480813604852626454e-13
-4.485000000010865406e+00,-2.624766938476431873e-17,-2.523997942070516166e-13
-4.482500000010873009e+00,2.682740468787284095e-18,-2.567443838922705223e-13
-4.480000000010879724e+00,-2.556336599288783838e-17,-2.611407968605235230e-13
-4.477500000010886438e+00,-3.112104009227350227e-17,-2.656358235819448285e-13
-4.475000000010893153e+00,6.835053992636859224e-19,-2.703024601487972974e-13
-4.472500000010899868e+00,-1.244415657116616911e-17,-2.749259015761647650e-13
-4.470000000010905694e+00,-4.737217055132916947e-18,-2.795627655869727678e-13
-4.467500000010913297e+00,-7.215546887103578270e-18,-2.844700104048909595e-13
-4.465000000010919123e+00,-1.328303749858414905e-17,-2.893021385210930347e-13
-4.462500000010926726e+00,-9.447712573912429082e-18,-2.943365644307845191e-13
-4.460000000010933441e+00,1.105214733037187649e-17,-2.993718190457289895e-13
-4.457500000010940155e+00,6.238884209323705882e-18,-3.045381352879977398e-13
-4.455000000010946870e+00,-8.429676078056933072e-18,-3.099167536276585842e-13
-4.452500000010953585e+00,1.968072069315659895e-17,-3.152125890862915976e-13
-4.450000000010960299e+00,-1.408577673604731046e-17,-3.206802405308075243e-13
-4.447500000010967014e+00,-1.451334645604891748e-17,-3.261524240250737068e-13
-4.445000000010973729e+00,-1.463943976767738944e-17,-3.318664515964413651e-13
-4.442500000010980443e+00,1.597469135041856686e-17,-3.374960912026051572e-13
-4.440000000010986270e+00,3.125318410893452688e-18,-3.433606863246517834e-13
-4.437500000010993872e+00,2.072265551310155990e-17,-3.492564683626013392e-13
-4.435000000011000587e+00,9.286183761164356054e-18,-3.552652391339290330e-13
-4.432500000011007302e+00,-5.250683627875400133e-18,-3.614601592459874891e-13
-4.430000000011014016e+00,1.398011920535847413e-17,-3.676267391591950158e-13
-4.427500000011020731e+00,-1.710027895203344292e-17,-3.739833361543208760e-13
-4.425000000011027446e+00,2.375847088269842243e-17,-3.802998350115461376e-13
-4.422500000011034160e+00,-6.589610705169915024e-18,-3.869599313367929353e-13
-4.420000000011040875e+00,-5.521318892493053622e-18,-3.936590745322538821e-13
-4.417500000011047590e+00,-1.607293720153597680e-17,-4.004900487979502332e-13
-4.415000000011054304e+00,3.046826795797645214e-18,-4.072949237711595761e-13
-4.412500000011061019e+00,7.491561529882553551e-19,-4.143279016022611775e-13
-4.410000000011067733e+00,-1.210659464272986117e-17,-4.215779793726110634e-13
-4.407500000011074448e+00,-3.061099620604060876e-18,-4.287599285297355676e-13
-4.405000000011081163e+00,1.440255556094025997e-17,-4.361474596962328565e-13
-4.402500000011087877e+00,1.272702334462705181e-17,-4.436874999738913258e-13
-4.400000000011094592e+00,-1.647614448567879297e-17,-4.514523966033373879e-13
-4.397500000011101307e+00,-1.381078065406718949e-17,-4.592292729117772310e-13
-4.395000000011108909e+00,4.923245382734589469e-18,-4.671318362307743511e-13
-4.392500000011114736e+00,3.160938239319674834e-17,-4.751591442828047609e-13
-4.390000000011122339e+00,2.700267208702064256e-17,-4.833524070114519959e-13
-4.387500000011128165e+00,-8.344669342684769948e-18,-4.918369937766299588e-13
-4.385000000011134880e+00,-1.274991200025012491e-17,-5.003051784552403072e-13
-4.382500000011141594e+00,1.393116571192104126e-17,-5.089543282791748154e-13
-4.380000000011148309e+00,1.604337661374368648e-17,-5.176461154933970992e-13
-4.377500000011155024e+00,-1.165713989477258034e-17,-5.266655858734998718e-13
-4.375000000011162626e+00,-1.748947882961015083e-17,-5.357653688621939441e-13
-4.372500000011168453e+00,-3.574234662994042655e-18,-5.450560783460207611e-13
-4.370000000011176056e+00,1.232459906341883042e-17,-5.543746282459691420e-13
-4.367500000011181882e+00,-3.717828752875052674e-18,-5.640828664580331718e-13
-4.365000000011189485e+00,-2.147982688137314262e-17,-5.738288478155427572e-13
-4.362500000011195311e+00,1.669829581737701755e-18,-5.836396649473589746e-13
-4.360000000011202914e+00,2.610165180611193850e-17,-5.936839657790079820e-13
-4.357500000011208741e+00,-6.943492733804013994e-18,-6.040248693142410484e-13
-4.355000000011216343e+00,-4.976461317183411125e-18,-6.144585582047117613e-13
-4.352500000011222170e+00,-2.050983028700810082e-17,-6.251222992258108281e-13
-4.350000000011229773e+00,-1.841365700439146569e-17,-6.359941022282426583e-13
-4.347500000011235599e+00,-1.483016619614543029e-17,-6.469421036459975382e-13
-4.345000000011243202e+00,-3.639865225688609716e-17,-6.581538482963998985e-13
-4.342500000011249028e+00,1.803003549694594116e-17,-6.694307927294498238e-13
-4.340000000011256631e+00,2.068156024299326573e-17,-6.810749996642226339e-13
-4.337500000011262458e+00,-3.639260256748550213e-19,-6.928311675577105847e-13
-4.335000000011270060e+00,-3.956734058089049058e-17,-7.048456196636503356e-13
-4.332500000011276775e+00,-1.039836753903659215e-17,-7.170286327758928085e-13
-4.330000000011283490e+00,2.237658820248971643e-18,-7.293715075122956005e-13
-4.327500000011289316e+00,3.260297408610649755e-18,-7.420017606697238295e-13
-4.325000000011296919e+00,-2.656881693207358728e-17,-7.548228612929593550e-13
-4.322500000011302745e+00,8.236853905462823589e-19,-7.678748462475186896e-13
-4.320000000011310348e+00,1.537593118690599781e-17,-7.810788240498453055e-13
-4.317500000011316175e+00,7.075209175748726548e-19,-7.946549250700319331e-13
-4.315000000011323777e+00,-7.335765961787114308e-18,-8.082945297776964340e-13
-4.312500000011330492e+00,-3.084527760404010269e-18,-8.222557029227650593e-13
-4.310000000011337207e+00,-1.711060961000315234e-17,-8.364742384116339070e-13
-4.307500000011343921e+00,-1.303124072740729502e-18,-8.508254989177956746e-13
-4.305000000011350636e+00,3.833355438712681478e-18,-8.656588785271787354e-13
-4.302500000011356462e+00,-2.728162745539354366e-18,-8.805142302431069983e-13
-4.300000000011364065e+00,-4.447333060046012378e-18,-8.957946088919834697e-13
-4.297500000011369892e+00,-1.181163576470203023e-17,-9.112524369878251260e-13
-4.295000000011377495e+00,1.676910787675697602e-17,-9.269550044613431604e-13
-4.292500000011384209e+00,1.593671276611697877e-17,-9.429880519255576081e-13
-4.290000000011390924e+00,-1.342203332750971723e-17,-9.593476480787092504e-13
-4.287500000011397638e+00,-1.837612205043556510e-18,-9.759129528442012798e-13
-4.285000000011404353e+00,4.294943485255987565e-18,-9.927548627773601273e-13
-4.282500000011411068e+00,-4.294154716510436356e-18,-1.009981138874764236e-12
-4.280000000011417782e+00,1.206995077108366073e-17,-1.027363417133908128e-12
-4.277500000011424497e+00,5.289075007076115169e-18,-1.045234546180417772e-12
-4.275000000011431212e+00,1.357143323416718685e-17,-1.063168498702708719e-12
-4.272500000011437926e+00,-1.038891071200346448e-17,-1.081707884642390710e-12
-4.270000000011444641e+00,2.469048005535666565e-17,-1.100298783989050847e-12
-4.267500000011451355e+00,1.135672508294513034e-17,-1.119297070656713321e-12
-4.265000000011458070e+00,8.332406953038796101e-18,-1.138714724389557473e-12
-4.262500000011464785e+00,1.645563327123062051e-18,-1.158453082065961509e-12
-4.260000000011464394e+00,3.438884181921200494e-17,-1.178315318336660206e-12
-4.257500000011464891e+00,1.058177663817169012e-17,-1.198809400571456065e-12
-4.255000000011464500e+00,2.259697082932620022e-17,-1.219488829204122053e-12
-4.252500000011464110e+00,7.857160917448598864e-18,-1.240596500908550046e-12
-4.250000000011464607e+00,2.218058798878483552e-17,-1.262057349358430418e-12
-4.247500000011463328e+00,2.852769740778886554e-17,-1.283846344425945639e-12
-4.245000000011463825e+00,2.564065930948925320e-17,-1.305971114286311249e-12
-4.242500000011462546e+00,2.095553145112223836e-17,-1.328652443497286019e-12
-4.240000000011463044e+00,1.290570831330137300e-17,-1.351648110810114964e-12
-4.237500000011462653e+00,-2.634276014621464928e-18,-1.374981728253254548e-12
-4.235000000011462262e+00,1.539504213235625561e-19,-1.398771038737985747e-12
-4.232500000011462760e+00,2.675466686634836181e-18,-1.422924930123325054e-12
-4.230000000011462369e+00,1.956993774833490397e-18,-1.447483764206277470e-12
-4.227500000011461978e+00,2.999891947603211963e-17,-1.472417795095661136e-12
-4.225000000011462475e+00,1.785026937838073795e-17,-1.497975483930977246e-12
-4.222500000011461196e+00,1.523231454613033786e-17,-1.523829317227084551e-12
-4.220000000011461694e+00,1.750590681833584434e-17,-1.550095010427380813e-12
-4.217500000011460415e+00,2.121316313906031878e-17,-1.576994696554352517e-12
-4.215000000011460912e+00,1.761450674025958381e-17,-1.604226157416354677e-12
-4.212500000011460521e+00,1.340964986623628305e-17,-1.631963183735070546e-12
-4.210000000011460131e+00,1.462875512919476022e-17,-1.660193454057524862e-12
-4.207500000011460628e+00,2.922974945117213605e-17,-1.688823381796285748e-12
-4.205000000011460237e+00,2.070005518399029537e-17,-1.718053822033080374e-12
-4.202500000011459846e+00,2.065298382731608094e-17,-1.747683501924790601e-12
-4.200000000011460344e+00,1.884002470319111833e-17,-1.777849220799264536e-12
-4.197500000011452848e+00,4.896599330814879882e-18,-1.808657629031508802e-12
-4.195000000011446240e+00,5.869230234852277299e-18,-1.839830960515265744e-12
-4.192500000011438743e+00,1.230020506102701698e-17,-1.871690565200276984e-12
-4.190000000011432135e+00,-1.887385425601933434e-17,-1.904071180310498175e-12
-4.187500000011424639e+00,-2.187915242814231728e-19,-1.936867466592546919e-12
-4.185000000011418031e+00,4.225632522028104538e-18,-1.970357835680884088e-12
-4.182500000011409647e+00,-8.447691026845407968e-18,-2.004514404507337474e-12
-4.180000000011403039e+00,9.522891189895363007e-18,-2.039001992611603825e-12
-4.177500000011395542e+00,1.769566058585265577e-17,-2.074232338343199840e-12
-4.175000000011388046e+00,-8.132624055885348604e-18,-2.110183978544050158e-12
-4.172500000011381438e+00,-2.635503073994170181e-17,-2.146696082898745536e-12
-4.170000000011373942e+00,-7.646694295961182238e-18,-2.183769790080450073e-12
-4.167500000011367334e+00,-4.113478112963240411e-18,-2.221495336832357314e-12
-4.165000000011359838e+00,-2.689580007776569678e-18,-2.259926550904076978e-12
-4.162500000011353229e+00,8.799699642172980994e-18,-2.298951138810487405e-12
-4.160000000011345733e+00,6.698485842209886356e-18,-2.338726780027803518e-12
-4.157500000011339125e+00,3.239016900357326887e-17,-2.379071264177576204e-12
-4.155000000011331629e+00,-6.675032682113068062e-18,-2.420325512848864112e-12
-4.152500000011324133e+00,-1.168501890599953849e-17,-2.462109533050399224e-12
-4.150000000011316637e+00,5.738265595393210282e-18,-2.504680212481194069e-12
-4.147500000011309140e+00,2.030595170801602114e-17,-2.547864257025590314e-12
-4.145000000011302532e+00,6.260337265701801418e-18,-2.591919864066955182e-12
-4.142500000011295036e+00,2.104830817349039479e-19,-2.636701615208728513e-12
-4.140000000011288428e+00,-4.953592594493518810e-18,-2.682299565059495675e-12
-4.137500000011280932e+00,-9.070853611215049845e-18,-2.728643469852034147e-12
-4.135000000011274324e+00,1.455549187872792322e-17,-2.775799703116476644e-12
-4.132500000011266827e+00,2.545578742720366810e-17,-2.823701736442672101e-12
-4.130000000011260219e+00,1.340832922235800854e-17,-2.872588500347782114e-12
-4.127500000011252723e+00,5.287435530066790606e-18,-2.922247712363005366e-12
-4.125000000011246115e+00,2.746033311113117392e-17,-2.972692633827957284e-12
-4.122500000011238619e+00,-8.503638044111898394e-18,-3.024161673254260023e-12
-4.120000000011230235e+00,8.223993458704607271e-18,-3.076292174045933653e-12
-4.117500000011223626e+00,-3.507921904564074993e-18,-3.129505741231141964e-12
-4.115000000011216130e+00,1.785858785040058236e-17,-3.183490041403321746e-12
-4.112500000011209522e+00,1.388494137889393799e-17,-3.238531671984505092e-12
-4.110000000011202026e+00,-5.771268197839382918e-18,-3.294487332537796929e-12
-4.107500000011195418e+00,-7.065110213018261881e-18,-3.351476006190378059e-12
-4.105000000011187922e+00,4.761707860676628339e-18,-3.409378335717540495e-12
-4.102500000011181314e+00,3.235480072622642768e-18,-3.468428471687953805e-12
-4.100000000011173817e+00,-7.803351166653343957e-18,-3.528305672870761842e-12
-4.097500000011167209e+00,-9.358896272299795325e-18,-3.589280372342591450e-12
-4.095000000011159713e+00,7.959824330756548209e-18,-3.651268234210195109e-12
-4.092500000011152217e+00,-1.816198936417465103e-17,-3.714492106939672400e-12
-4.090000000011144721e+00,9.504960783630114310e-18,-3.778600189492196430e-12
-4.087500000011137224e+00,4.682491592379097005e-18,-3.843972423878093899e-12
-4.085000000011130616e+00,5.875844066753717234e-18,-3.910320776621158775e-12
-4.082500000011123120e+00,9.847445053813755253e-18,-3.977966140168351829e-12
-4.080000000011116512e+00,1.918549339376449267e-17,-4.046641033793276856e-12
-4.077500000011109016e+00,-1.743274594182229745e-17,-4.116614711147323479e-12
-4.075000000011102408e+00,-1.498166980997873852e-17,-4.187740494509989321e-12
-4.072500000011094912e+00,-4.056551799339709483e-18,-4.260169406062772709e-12
-4.070000000011088304e+00,-6.587190286444873495e-18,-4.333714879196820498e-12
-4.067500000011080807e+00,-5.894600231150127537e-18,-4.408617214946113078e-12
-4.065000000011074199e+00,9.894594936913787539e-19,-4.484855454692551323e-12
-4.062500000011066703e+00,-6.041541272298052765e-19,-4.562398154893913695e-12
-4.060000000011059207e+00,-1.309703342473459646e-17,-4.641191310846558335e-12
-4.057500000011051711e+00,-1.096573580518176173e-18,-4.721414447678224298e-12
-4.055000000011044214e+00,-5.854558249508687181e-18,-4.802974697999287153e-12
-4.052500000011037606e+00,1.073623500472801605e-17,-4.885882331017759057e-12
-4.050000000011030110e+00,-8.798920128858058911e-18,-4.970441366516209818e-12
-4.047500000011023502e+00,1.363524491799320583e-17,-5.056272777950622926e-12
-4.045000000011016006e+00,1.390120248729848043e-17,-5.143627225268693526e-12
-4.042500000011009398e+00,-6.256653775783383127e-18,-5.232470258102021207e-12
-4.040000000011001902e+00,-1.151607400358565081e-18,-5.322953604491340018e-12
-4.037500000010995294e+00,-1.008652519124848845e-17,-5.415066426148259395e-12
-4.035000000010987797e+00,1.120260966200560462e-17,-5.508566829822149959e-12
-4.032500000010980301e+00,4.283252904524230885e-18,-5.603752481286281893e-12
-4.030000000010973693e+00,1.286873155353737728e-17,-5.700610634454112014e-12
-4.027500000010965309e+00,-8.433730274062806298e-19,-5.799046823995831209e-12
-4.025000000010958701e+00,-4.460161767186818705e-18,-5.899326066069492163e-12
-4.022500000010951204e+00,7.717013031362237305e-18,-6.001299559539808601e-12
-4.020000000010944596e+00,1.061090225375042228e-17,-6.104980277889842975e-12
-4.017500000010937100e+00,1.501964065141111414e-18,-6.210580210234772051e-12
-4.015000000010930492e+00,2.641790334291084545e-17,-6.317806852796020231e-12
-4.012500000010922996e+00,-1.046742871753167737e-17,-6.427105392315097336e-12
-4.010000000010916388e+00,2.129749541424228619e-18,-6.538121110073269227e-12
-4.007500000010908892e+00,8.285975501051676170e-20,-6.651100940944343254e-12
-4.005000000010901395e+00,2.072735396371812423e-17,-6.766005942060803936e-12
-4.002500000010894787e+00,-1.285188009669683402e-17,-6.882986189721682077e-12
-4.000000000010887291e+00,-1.339607893911528717e-17,-7.001959800261080163e-12
-3.997500000010880683e+00,-7.814138259143065153e-18,-7.123029885995592855e-12
-3.995000000010872299e+00,9.228810035256531439e-19,-7.246054060042184402e-12
-3.992500000010865691e+00,-2.038277331700016326e-17,-7.371384240747381093e-12
-3.990000000010858194e+00,-2.399172608153932674e-17,-7.498742592041402401e-12
-3.987500000010851586e+00,6.001090863321217834e-18,-7.628224195783136215e-12
-3.985000000010844090e+00,2.690486364535324948e-17,-7.760036129225109227e-12
-3.982500000010837482e+00,2.367135717035038296e-17,-7.894129514223883302e-12
-3.980000000010829986e+00,6.280425361392223194e-18,-8.030553882613164534e-12
-3.977500000010822490e+00,3.480470458491032648e-18,-8.169427408196091604e-12
-3.975000000010815882e+00,-1.248619755393857964e-17,-8.310566081016828932e-12
-3.972500000010808385e+00,2.136875998282707833e-17,-8.454138747163145565e-12
-3.970000000010801777e+00,9.271686617677611574e-18,-8.600324312359955169e-12
-3.967500000010794281e+00,7.486666602999071409e-18,-8.748935851697781852e-12
-3.965000000010786785e+00,3.438395127697015679e-18,-8.900143206791942760e-12
-3.962500000010779289e+00,8.445001753169673593e-18,-9.053983798426437045e-12
-3.960000000010772681e+00,-5.303347644151239543e-18,-9.210487716398343655e-12
-3.957500000010765184e+00,2.012096191413612000e-17,-9.369623577806878131e-12
-3.955000000010758576e+00,5.095594081436412259e-18,-9.531473170151546869e-12
-3.952500000010751080e+00,1.447173239741922431e-17,-9.696188388426611907e-12
-3.950000000010743584e+00,1.181301920484186441e-17,-9.863786077599957180e-12
-3.947500000010736976e+00,-7.277081289210824215e-18,-1.003428600045664789e-11
-3.945000000010729480e+00,1.187818456596137607e-17,-1.020767395871946202e-11
-3.942500000010722871e+00,2.679555277227195434e-18,-1.038415214819823257e-11
-3.940000000010715375e+00,3.781398241328740096e-17,-1.056351606458923240e-11
-3.937500000010708767e+00,2.950529278638579994e-18,-1.074617347900130731e-11
-3.935000000010701271e+00,6.928148954242516179e-18,-1.093182092990187382e-11
-3.932500000010693775e+00,1.785676678292553198e-18,-1.112071212686381018e-11
-3.930000000010686279e+00,1.406985210046802882e-17,-1.131290682715158996e-11
-3.927500000010679670e+00,2.357529100012559317e-17,-1.150828124570719013e-11
-3.925000000010672174e+00,-1.468206723800103549e-18,-1.170726988724113972e-11
-3.922500000010664678e+00,9.332575346992318069e-18,-1.190960661821579647e-11
-3.920000000010658070e+00,2.319352653653001232e-17,-1.211531952647595461e-11
-3.917500000010650574e+00,3.755718603493692680e-17,-1.232474785119000426e-11
-3.915000000010643966e+00,-1.045641277287578028e-17,-1.253775329759612575e-11
-3.912500000010636469e+00,-1.176138405870562319e-17,-1.275451399970998699e-11
-3.910000000010629861e+00,1.308646273589425964e-18,-1.297489762009591496e-11
-3.907500000010622365e+00,-9.975565397974613264e-18,-1.319908135077838010e-11
-3.905000000010615757e+00,9.819532495101994556e-18,-1.342726438015652194e-11
-3.902500000010607373e+00,-8.923123899206985366e-18,-1.365925495749672740e-11
-3.900000000010600765e+00,1.226480860084587126e-17,-1.389529431829288550e-11
-3.897500000010593268e+00,-3.830578978254677543e-18,-1.413547406807615383e-11
-3.895000000010585772e+00,-1.101893629028672843e-19,-1.437977549125528988e-11
-3.892500000010579164e+00,-2.145563645467179736e-18,-1.462812601097433393e-11
-3.890000000010571668e+00,-2.393200295411502599e-17,-1.488106628657817991e-11
-3.887500000010565060e+00,1.515852345143964395e-17,-1.513815542432290054e-11
-3.885000000010557564e+00,3.053177648825217812e-17,-1.539971584164040506e-11
-3.882500000010550956e+00,-1.499765984203416999e-18,-1.566588478687928559e-11
-3.880000000010543459e+00,1.528371566717969163e-17,-1.593663905506870318e-11
-3.877500000010536851e+00,2.301459338149382668e-17,-1.621201445771840235e-11
-3.875000000010529355e+00,9.076488932603620590e-19,-1.649217293415201280e-11
-3.872500000010522747e+00,8.470968805098587805e-18,-1.677724502837004144e-11
-3.870000000010514363e+00,8.784761406724484875e-18,-1.706711248079385430e-11
-3.867500000010506866e+00,6.410524703687476698e-18,-1.736215380630320478e-11
-3.865000000010500258e+00,1.573146176385008140e-17,-1.766217512630894686e-11
-3.862500000010492762e+00,1.819759107672562151e-17,-1.796742495571852114e-11
-3.860000000010486154e+00,1.524668476620029566e-17,-1.827788433522633025e-11
-3.857500000010478658e+00,8.732151074196717346e-18,-1.859380683507705683e-11
-3.855000000010472050e+00,9.699342138880714175e-18,-1.891522178733259051e-11
-3.852500000010464554e+00,-7.697346089352233767e-18,-1.924198721344520984e-11
-3.850000000010457946e+00,-1.016260707701737129e-17,-1.957465072322424236e-11
-3.847500000010450449e+00,1.229130545778186673e-17,-1.991287529143496923e-11
-3.845000000010443841e+00,-1.857395435065509038e-18,-2.025702455429718011e-11
-3.842500000010436345e+00,-2.286389499204522664e-17,-2.060720392346031751e-11
-3.840000000010428849e+00,-3.014238625878019069e-18,-2.096311235469028499e-11
-3.837500000010421353e+00,-9.109801520433766088e-18,-2.132550521055902083e-11
-3.835000000010413856e+00,2.608834514760989119e-17,-2.169407914767026752e-11
-3.832500000010407248e+00,4.801263637640336849e-18,-2.206902683809472864e-11
-3.830000000010399752e+00,-4.260128385330695135e-18,-2.245047635395258824e-11
-3.827500000010393144e+00,-2.220450686119412787e-17,-2.283847421280824568e-11
-3.825000000010385648e+00,-1.899301697635626398e-17,-2.323315271353608144e-11
-3.822500000010379040e+00,6.204060750708999794e-18,-2.363464685815701126e-11
-3.820000000010371544e+00,2.235339184333446839e-17,-2.404297168114792201e-11
-3.817500000010364936e+00,1.224612587755866588e-17,-2.445853638276744692e-11
-3.815000000010357439e+00,4.958371150687233322e-17,-2.488111825228829167e-11
-3.812500000010350831e+00,-3.691653599310236676e-17,-2.531126978390368943e-11
-3.810000000010343335e+00,1.289260570039664521e-17,-2.574861071532707926e-11
-3.807500000010334951e+00,3.372722441153281004e-17,-2.619355013138959105e-11
-3.805000000010328343e+00,2.877921467639212566e-17,-2.664623318284937276e-11
-3.802500000010320846e+00,2.260540044659775485e-17,-2.710672453758961705e-11
-3.800000000010314238e+00,4.056083614926796934e-17,-2.757518234589047239e-11
-3.797500000010306742e+00,2.855203770125092516e-18,-2.805177154367523751e-11
-3.795000000010300134e+00,1.893111249539336065e-17,-2.853648602010079890e-11
-3.792500000010292638e+00,3.115761181276406603e-17,-2.902955174276407627e-11
-3.790000000010286030e+00,1.163141195867000552e-17,-2.953134439913433708e-11
-3.787500000010278534e+00,1.097896550996354028e-17,-3.004171685473885427e-11
-3.785000000010271926e+00,-2.395496947276071103e-17,-3.056083980983479858e-11
-3.782500000010264429e+00,-7.259540664436938687e-18,-3.108893749393596152e-11
-3.780000000010256933e+00,1.999390710226191965e-17,-3.162621692223999996e-11
-3.777500000010249437e+00,1.738791000527410317e-17,-3.217276617495629055e-11
-3.775000000010241941e+00,1.436770647166100256e-17,-3.272873132999428711e-11
-3.772500000010235333e+00,2.617130944848402361e-17,-3.329430008479654279e-11
-3.770000000010227836e+00,4.566798422084663563e-17,-3.386967679066683320e-11
-3.767500000010221228e+00,3.257000601882644764e-17,-3.445502833715672601e-11
-3.765000000010213732e+00,3.132483597942810616e-17,-3.505052025389459182e-11
-3.762500000010207124e+00,3.823799973186961979e-17,-3.565626000189425226e-11
-3.760000000010199628e+00,3.126385436160880055e-17,-3.627242160269810479e-11
-3.757500000010193020e+00,-8.861331245350188571e-18,-3.689926060212654845e-11
-3.755000000010185524e+00,8.247631978705353627e-18,-3.753688689939593504e-11
-3.752500000010178027e+00,5.906323692501529870e-17,-3.818569025840127723e-11
-3.750000000010171419e+00,-6.925540377766394200e-18,-3.884571179005555704e-11
-3.747500000010163923e+00,2.165271022847548836e-17,-3.951689921151438292e-11
-3.745000000010156427e+00,2.845815322188664302e-17,-4.019987554122431326e-11
-3.742500000010148931e+00,1.916549350198010280e-18,-4.089453022079781339e-11
-3.740000000010142323e+00,1.738284293030777697e-17,-4.160125727189638606e-11
-3.737500000010134826e+00,9.914714188112780073e-18,-4.232026718631794291e-11
-3.735000000010128218e+00,8.668017849248351772e-19,-4.305160097918978633e-11
-3.732500000010120722e+00,1.159954411652161998e-19,-4.379559721481991458e-11
-3.730000000010114114e+00,3.454928276042849494e-17,-4.455241642142555755e-11
-3.727500000010106618e+00,5.875715149100934475e-17,-4.532229990190159573e-11
-3.725000000010099122e+00,6.115039458986020392e-17,-4.610558598419380084e-11
-3.722500000010092513e+00,5.134964094454613814e-17,-4.690236037082327176e-11
-3.720000000010085017e+00,-7.124199974264732423e-19,-4.771301541509577957e-11
-3.717500000010078409e+00,1.729106693500612705e-17,-4.853748966144750558e-11
-3.715000000010070025e+00,5.285974075008179862e-17,-4.937636154906731825e-11
-3.712500000010063417e+00,-1.699968715823888697e-17,-5.022973620511648713e-11
-3.710000000010055921e+00,1.164894138772494358e-17,-5.109773973389196840e-11
-3.707500000010049312e+00,2.082579410167236126e-17,-5.198085815132282704e-11
-3.705000000010041816e+00,5.332809502035656787e-17,-5.287910920461041270e-11
-3.702500000010035208e+00,2.917580072429849343e-17,-5.379291480189976082e-11
-3.700000000010027712e+00,2.989050483763002215e-17,-5.472261934601390807e-11
-3.697500000010020216e+00,4.939653209136115420e-18,-5.566833609296364551e-11
-3.695000000010013608e+00,3.811514858337686467e-18,-5.663037032631267963e-11
-3.692500000010006111e+00,5.366965081430538576e-17,-5.760899150755914937e-11
-3.690000000009999503e+00,2.809856058370713470e-17,-5.860459323383288766e-11
-3.687500000009992007e+00,1.262511245481711652e-17,-5.961737286037430262e-11
-3.685000000009985399e+00,-1.435785928509296572e-17,-6.064772486185434027e-11
-3.682500000009977015e+00,2.007441492584009731e-17,-6.169579900174859755e-11
-3.680000000009970407e+00,1.111952302207852536e-18,-6.276207461439698849e-11
-3.677500000009962910e+00,2.292075109596191525e-18,-6.384660303499550585e-11
-3.675000000009956302e+00,-1.382885190493489316e-19,-6.495007312863788411e-11
-3.672500000009948806e+00,1.664380165012223865e-17,-6.607243170810721251e-11
-3.670000000009941310e+00,1.315608092658176834e-18,-6.721428133669979949e-11
-3.667500000009934702e+00,7.643629685557574039e-18,-6.837579907799564730e-11
-3.665000000009927206e+00,8.121624643253839696e-18,-6.955742695032202475e-11
-3.662500000009920598e+00,1.459190230675878345e-17,-7.075956233557793557e-11
-3.660000000009913101e+00,3.862094655725714879e-18,-7.198239950083247856e-11
-3.657500000009906493e+00,1.335741141040025322e-17,-7.322633468337635413e-11
-3.655000000009898997e+00,2.363996340850390539e-17,-7.449186519086988755e-11
-3.652500000009891501e+00,3.167343884796649926e-17,-7.577920810656409245e-11
-3.650000000009884005e+00,4.309389935925757348e-17,-7.708881718178263088e-11
-3.647500000009877397e+00,2.198907878807496664e-17,-7.842112666178617502e-11
-3.645000000009869900e+00,4.340968218335284223e-17,-7.977633465342532611e-11
-3.642500000009862404e+00,5.651626654071617166e-17,-8.115497142071169082e-11
-3.640000000009855796e+00,4.077230934218101797e-17,-8.255753601249792009e-11
-3.637500000009848300e+00,-7.367532409712622042e-18,-8.398423389388954746e-11
-3.635000000009841692e+00,-1.600155014898107139e-17,-8.543578282803826883e-11
-3.632500000009834196e+00,-4.287890716522268145e-18,-8.691214695364468748e-11
-3.630000000009827588e+00,-3.030944241854445079e-18,-8.841417061638840464e-11
-3.627500000009820091e+00,-4.867427671945386525e-19,-8.994209443233422743e-11
-3.625000000009813483e+00,3.407751550503821891e-17,-9.149647258499675969e-11
-3.622500000009805987e+00,-8.495628759564447657e-18,-9.307768188667183222e-11
-3.620000000009798491e+00,2.109151440641937106e-17,-9.468628628773864030e-11
-3.617500000009790995e+00,6.982606081822060673e-17,-9.632265104759265918e-11
-3.615000000009784387e+00,4.726940393374310125e-17,-9.798715987754788290e-11
-3.612500000009776890e+00,1.579078473679426979e-17,-9.968060792857870615e-11
-3.610000000009769394e+00,3.941525385453574181e-17,-1.014032432820714821e-10
-3.607500000009762786e+00,2.317366684898637641e-17,-1.031556460055403551e-10
-3.605000000009755290e+00,-1.940351634830013861e-18,-1.049383842872811573e-10
-3.602500000009748682e+00,4.107787915935475801e-17,-1.067518961269842073e-10
-3.600000000009741186e+00,2.385550802977470423e-17,-1.085966949707328025e-10
-3.597500000009734578e+00,2.044551164964931123e-18,-1.104734268212232912e-10
-3.595000000009727081e+00,4.597679128750330587e-17,-1.123825620700968842e-10
-3.592500000009720473e+00,2.893745468455993772e-17,-1.143248209209685116e-10
-3.590000000009712089e+00,2.614113965342813538e-17,-1.163005650223505088e-10
-3.587500000009705481e+00,3.620777500107844134e-17,-1.183103349233928349e-10
-3.585000000009697985e+00,-1.054874134094467402e-17,-1.203549928150392194e-10
-3.582500000009690488e+00,6.516058135222525692e-17,-1.224349281789262869e-10
-3.580000000009683880e+00,4.631641202586585684e-17,-1.245507545329734144e-10
-3.577500000009676384e+00,3.995269522185812797e-17,-1.267032763398751659e-10
-3.575000000009669776e+00,1.055050210481851074e-17,-1.288929276665533789e-10
-3.572500000009662280e+00,1.626851998383551475e-17,-1.311204099515365472e-10
-3.570000000009655672e+00,2.354891596227532588e-17,-1.333864428932080225e-10
-3.567500000009648176e+00,5.197944215259104783e-17,-1.356914996484956850e-10
-3.565000000009641568e+00,2.626987894696713254e-17,-1.380364761029772949e-10
-3.562500000009634071e+00,4.615756811953620879e-17,-1.404218753200590248e-10
-3.560000000009627463e+00,4.558692777574624019e-17,-1.428486578775527291e-10
-3.557500000009619079e+00,8.445093454072956993e-17,-1.453174421804402276e-10
-3.555000000009611583e+00,4.067026046987948181e-17,-1.478287365433823524e-10
-3.552500000009604975e+00,3.647990255956282156e-17,-1.503835641137109591e-10
-3.550000000009597478e+00,7.754038635388102824e-18,-1.529824004978188645e-10
-3.547500000009590870e+00,6.679419754770507725e-18,-1.556261910461861609e-10
-3.545000000009583374e+00,7.980915587513981899e-17,-1.583156568078780448e-10
-3.542500000009576766e+00,6.353692407644398393e-17,-1.610516330559175465e-10
-3.540000000009569270e+00,6.496606010551090339e-17,-1.638348508766158077e-10
-3.537500000009562662e+00,3.388396401169495072e-17,-1.666662319157852078e-10
-3.535000000009555166e+00,3.734953659047156196e-17,-1.695465029609166235e-10
-3.532500000009548558e+00,5.689111641797452620e-17,-1.724765468783197274e-10
-3.530000000009541061e+00,3.206230475091373783e-17,-1.754573412280942435e-10
-3.527500000009532677e+00,1.232538155430219229e-17,-1.784895043236106787e-10
-3.525000000009526069e+00,1.769350838294769603e-17,-1.815741525712283828e-10
-3.522500000009518573e+00,3.715359722421938875e-17,-1.847119179855854311e-10
-3.520000000009511965e+00,5.214296448967426699e-17,-1.879041381340112107e-10
-3.517500000009504468e+00,3.238069328403845715e-17,-1.911514543445353103e-10
-3.515000000009497860e+00,8.729682141090997537e-17,-1.944548265057137652e-10
-3.512500000009490364e+00,4.189070705128480242e-17,-1.978153429392405613e-10
-3.510000000009483756e+00,4.508425115845592988e-17,-2.012339337754365893e-10
-3.507500000009476260e+00,4.735593418605674376e-17,-2.047116394196527963e-10
-3.505000000009469652e+00,-7.999870161497763966e-18,-2.082494362133955525e-10
-3.502500000009462156e+00,9.369092307394183466e-17,-2.118482288220054172e-10
-3.500000000009454659e+00,1.035186367709624258e-16,-2.155093945956171773e-10
-3.497500000009448051e+00,6.713516233162115330e-17,-2.192338439547323062e-10
-3.495000000009439667e+00,4.616662178193442251e-17,-2.230225609943117320e-10
-3.492500000009433059e+00,1.773269067822381952e-17,-2.268767668570100930e-10
-3.490000000009425563e+00,2.942929116614903107e-17,-2.307975738224726965e-10
-3.487500000009418955e+00,6.123428177850570005e-17,-2.347860948020324139e-10
-3.485000000009411458e+00,6.783364141038119790e-17,-2.388436358817288674e-10
-3.482500000009404850e+00,6.679554126252301637e-17,-2.429712485932329314e-10
-3.480000000009397354e+00,7.768919550506483769e-17,-2.471702442063347721e-10
-3.477500000009390746e+00,6.486288025356659983e-17,-2.514417643274591656e-10
-3.475000000009383250e+00,6.353657672358277697e-17,-2.557872245158856677e-10
-3.472500000009375754e+00,7.850083843149256832e-17,-2.602075295805227863e-10
-3.470000000009369145e+00,3.822759068548861856e-17,-2.647044825688083864e-10
-3.467500000009361649e+00,7.197869371356252873e-17,-2.692789294426194556e-10
-3.465000000009354153e+00,7.782172776481426785e-17,-2.739326038326308939e-10
-3.462500000009346657e+00,8.341706848886909907e-17,-2.786665885533920503e-10
-3.460000000009340049e+00,8.113512968024692917e-17,-2.834824659310285447e-10
-3.457500000009332553e+00,7.056401962505947550e-17,-2.883815865972606574e-10
-3.455000000009325944e+00,5.718224342304060080e-17,-2.933653602146077714e-10
-3.452500000009318448e+00,1.093729847370047643e-16,-2.984350956364672186e-10
-3.450000000009311840e+00,1.076176893121141246e-16,-3.035926317957938731e-10
-3.447500000009304344e+00,9.952685194129953072e-17,-3.088392039530495605e-10
-3.445000000009296848e+00,3.976246982041689662e-17,-3.141765749107728946e-10
-3.442500000009290240e+00,6.780990061853951719e-17,-3.196060701975168894e-10
-3.440000000009282743e+00,1.548127078105167304e-16,-3.251293913079975572e-10
-3.437500000009276135e+00,1.285049787520925359e-16,-3.307481740263615362e-10
-3.435000000009268639e+00,8.829602148194060137e-17,-3.364640673298458650e-10
-3.432500000009261143e+00,1.023540594072729509e-16,-3.422787726288831068e-10
-3.430000000009253647e+00,9.124072810365555292e-17,-3.481940367009392465e-10
-3.427500000009247039e+00,8.843801468146295928e-17,-3.542113368144577020e-10
-3.425000000009239542e+00,1.537559098171146584e-16,-3.603327583957374097e-10
-3.422500000009232934e+00,1.190037761635999812e-16,-3.665598187234619965e-10
-3.420000000009225438e+00,1.270518836092544149e-16,-3.728946779998326674e-10
-3.417500000009217942e+00,7.856550261515803466e-17,-3.793389011733174066e-10
-3.415000000009211334e+00,6.845332784544392878e-17,-3.858945219126040363e-10
-3.412500000009203838e+00,1.123865438744927714e-16,-3.925634034281618352e-10
-3.410000000009197230e+00,9.109054706179172831e-17,-3.993476529391812660e-10
-3.407500000009189733e+00,1.457744747814740248e-16,-4.062490401237412382e-10
-3.405000000009183125e+00,1.519480145419618401e-16,-4.132697326871466236e-10
-3.402500000009174741e+00,1.022001289340133463e-16,-4.204117903685427333e-10
-3.400000000009168133e+00,1.443432663860506231e-16,-4.276771448229693545e-10
-3.397500000009160637e+00,1.418883886873307877e-16,-4.350682323794118143e-10
-3.395000000009154029e+00,1.377892252676878521e-16,-4.425869579134013584e-10
-3.392500000009146532e+00,1.205263646207288871e-16,-4.502356181348057582e-10
-3.390000000009139924e+00,1.267271633569230682e-16,-4.580163747621789758e-10
-3.387500000009132428e+00,1.605110277167023896e-16,-4.659317131303588700e-10
-3.385000000009124932e+00,1.387605124466380385e-16,-4.739838668891407282e-10
-3.382500000009118324e+00,1.544719312731965741e-16,-4.821750814452877961e-10
-3.380000000009110828e+00,1.166779346149903036e-16,-4.905078562658229662e-10
-3.377500000009104220e+00,1.499614113807247463e-16,-4.989848000108662037e-10
-3.375000000009096723e+00,1.630711363961338920e-16,-5.076081326219980478e-10
-3.372500000009090115e+00,1.705642369640077982e-16,-5.163804438245005039e-10
-3.370000000009081731e+00,1.567265193693107551e-16,-5.253043789567575429e-10
-3.367500000009075123e+00,1.514381768067009005e-16,-5.343826013357468361e-10
-3.365000000009067627e+00,1.525772778671810803e-16,-5.436176838734037424e-10
-3.362500000009061019e+00,2.400778562020976932e-16,-5.530122540347019917e-10
-3.360000000009053522e+00,2.090327957822438228e-16,-5.625693433138775522e-10
-3.357500000009046026e+00,2.138540034149777333e-16,-5.722915147410722259e-10
-3.355000000009039418e+00,2.067131649396035099e-16,-5.821816542142838628e-10
-3.352500000009031922e+00,2.290992861625734505e-16,-5.922427801028977435e-10
-3.350000000009025314e+00,2.276482364132273351e-16,-6.024777408955242756e-10
-3.347500000009017818e+00,2.369184528960952890e-16,-6.128896597668820730e-10
-3.345000000009011210e+00,2.613495053174381086e-16,-6.234813736152222363e-10
-3.342500000009003713e+00,1.944562348671091042e-16,-6.342562563273496441e-10
-3.340000000008996217e+00,2.440603175112950661e-16,-6.452172992294353909e-10
-3.337500000008988721e+00,2.289401179591867202e-16,-6.563678364662127407e-10
-3.335000000008982113e+00,2.560682218926018163e-16,-6.677109592693767997e-10
-3.332500000008974617e+00,2.538591644755171495e-16,-6.792501295511354725e-10
-3.330000000008967120e+00,2.523845474344466849e-16,-6.909887342049125055e-10
-3.327500000008960512e+00,2.842598764173308884e-16,-7.029301249809035118e-10
-3.325000000008953016e+00,2.541273357617664286e-16,-7.150781384100290598e-10
-3.322500000008946408e+00,3.018830344862107829e-16,-7.274358809208632344e-10
-3.320000000008938912e+00,2.564373993913951000e-16,-7.400072817730854172e-10
-3.317500000008932304e+00,2.860486261248463147e-16,-7.527958823310215142e-10
-3.315000000008924808e+00,3.241371279730088893e-16,-7.658054707260473900e-10
-3.312500000008918200e+00,3.475424977756817582e-16,-7.790399078856410952e-10
-3.310000000008910703e+00,3.046553039720846697e-16,-7.925030535705011709e-10
-3.307500000008903207e+00,3.562700012453042746e-16,-8.061987654813232119e-10
-3.305000000008895711e+00,3.608045654839632387e-16,-8.201313536002954024e-10
-3.302500000008888215e+00,3.555182061914108904e-16,-8.343045197039524487e-10
-3.300000000008881607e+00,3.997115112503710258e-16,-8.487227452309374199e-10
-3.297500000008874110e+00,3.538152690171299098e-16,-8.633901741797478599e-10
-3.295000000008867502e+00,3.415711950098188319e-16,-8.783111344238515699e-10
-3.292500000008860006e+00,3.479092065863179905e-16,-8.934898235182688138e-10
-3.290000000008853398e+00,4.063272071019735720e-16,-9.089309551375167066e-10
-3.287500000008845902e+00,4.234612168488003614e-16,-9.246387816216835251e-10
-3.285000000008839294e+00,4.130333278668389782e-16,-9.406181129110736327e-10
-3.282500000008831798e+00,4.387602846607581599e-16,-9.568736366852336590e-10
-3.280000000008825189e+00,4.659570957931452215e-16,-9.734100889851522067e-10
-3.277500000008816805e+00,4.505044034541259040e-16,-9.902322722940108749e-10
-3.275000000008809309e+00,4.776976301338950226e-16,-1.007345210785719016e-09
-3.272500000008802701e+00,4.615187976727434524e-16,-1.024753861736478994e-09
-3.270000000008795205e+00,5.092821024539210375e-16,-1.042463385078641943e-09
-3.267500000008788597e+00,5.289518264411952444e-16,-1.060478912044786696e-09
-3.265000000008781100e+00,5.006445840116459821e-16,-1.078805805922145441e-09
-3.262500000008774492e+00,5.344235266181691456e-16,-1.097449500232661727e-09
-3.260000000008766996e+00,5.410104132739055953e-16,-1.116415359271026578e-09
-3.257500000008760388e+00,5.859262789883183474e-16,-1.135708866647621575e-09
-3.255000000008752892e+00,6.019514506031791061e-16,-1.155335933273192281e-09
-3.252500000008746284e+00,5.928247937889613093e-16,-1.175302143029405772e-09
-3.250000000008738787e+00,6.169291601527857929e-16,-1.195613311252023502e-09
-3.247500000008731291e+00,6.383850679052830157e-16,-1.216275677994098026e-09
-3.245000000008723795e+00,6.727014497571983761e-16,-1.237294931086664498e-09
-3.242500000008716299e+00,6.421784583829907427e-16,-1.258677679418395296e-09
-3.240000000008709691e+00,6.943974633303079197e-16,-1.280429649109477809e-09
-3.237500000008702195e+00,7.352433592879095377e-16,-1.302557701023913515e-09
-3.235000000008695586e+00,7.128829920952608245e-16,-1.325068126026231367e-09
-3.232500000008688090e+00,7.603966882589112047e-16,-1.347967600881285782e-09
-3.230000000008681482e+00,7.601523262550883615e-16,-1.371262829357438108e-09
-3.227500000008673986e+00,8.051974818297548912e-16,-1.394960694040189045e-09
-3.225000000008667378e+00,8.097622646854716457e-16,-1.419068000903551846e-09
-3.222500000008659882e+00,8.837348817580786589e-16,-1.443591889530847474e-09
-3.220000000008652385e+00,8.910914401774299905e-16,-1.468539663716406597e-09
-3.217500000008645777e+00,9.632117017800459131e-16,-1.493918403743904914e-09
-3.215000000008637393e+00,9.247333699751525826e-16,-1.519736029973121451e-09
-3.212500000008630785e+00,1.000692728936088538e-15,-1.545999632356456870e-09
-3.210000000008623289e+00,9.395198041466964220e-16,-1.572717189296212832e-09
-3.207500000008616681e+00,1.004203501865111519e-15,-1.599896418755046032e-09
-3.205000000008609184e+00,1.037349957530936947e-15,-1.627545417713270051e-09
-3.202500000008602576e+00,1.082498352169402041e-15,-1.655672297676969998e-09
-3.200000000008595080e+00,1.096469025489007011e-15,-1.684285120411674305e-09
-3.197500000008588472e+00,1.165316539425699797e-15,-1.713392518183252748e-09
-3.195000000008580976e+00,1.171926087766807360e-15,-1.743002841895714448e-09
-3.192500000008573480e+00,1.173574317147322642e-15,-1.773124945749787504e-09
-3.190000000008566872e+00,1.239348966050630495e-15,-1.803767666784625325e-09
-3.187500000008559375e+00,1.244342784082617987e-15,-1.834939910009561263e-09
-3.185000000008552767e+00,1.326005346524916521e-15,-1.866650747110114034e-09
-3.182500000008544383e+00,1.328637992781001323e-15,-1.898909825247121404e-09
-3.180000000008537775e+00,1.372688031356559317e-15,-1.931726176920561521e-09
-3.177500000008530279e+00,1.357498551783248411e-15,-1.965109778999599394e-09
-3.175000000008523671e+00,1.465269395993958976e-15,-1.999070243811357962e-09
-3.172500000008516174e+00,1.563883957245402992e-15,-2.033617744253682123e-09
-3.170000000008509566e+00,1.558929059263532912e-15,-2.068762173064298177e-09
-3.167500000008502070e+00,1.641143267830590191e-15,-2.104513895983272784e-09
-3.165000000008495462e+00,1.723518771055811509e-15,-2.140883510156739431e-09
-3.162500000008487966e+00,1.712716433668914962e-15,-2.177881790790973927e-09
-3.160000000008480470e+00,1.784438604934262363e-15,-2.215519319902129321e-09
-3.157500000008473862e+00,1.725008942113454403e-15,-2.253807387768822005e-09
-3.155000000008466365e+00,1.842015999905478916e-15,-2.292756912545796750e-09
-3.152500000008458869e+00,1.889697895564098956e-15,-2.332379779266756103e-09
-3.150000000008451373e+00,1.972240850400004269e-15,-2.372687272302359257e-09
-3.147500000008444765e+00,1.992952509713160426e-15,-2.413691430271941134e-09
-3.145000000008437269e+00,2.019993179151838579e-15,-2.455404082023655180e-09
-3.142500000008430661e+00,2.127093259532613938e-15,-2.497837742574284494e-09
-3.140000000008423164e+00,2.102662931633286804e-15,-2.541004682080846839e-09
-3.137500000008416556e+00,2.223863649135869876e-15,-2.584917643319504373e-09
-3.135000000008409060e+00,2.297153389571065605e-15,-2.629589463164557575e-09
-3.132500000008401564e+00,2.366552451927875197e-15,-2.675033354696347549e-09
-3.130000000008394956e+00,2.374520842428386836e-15,-2.721262439232535502e-09
-3.127500000008387460e+00,2.494693644234346249e-15,-2.768290463171871770e-09
-3.125000000008380852e+00,2.565580551005384754e-15,-2.816131363070808486e-09
-3.122500000008373355e+00,2.629187176014403483e-15,-2.864799026839630628e-09
-3.120000000008365859e+00,2.721063409234725899e-15,-2.914307747898369961e-09
-3.117500000008358363e+00,2.828667788293674411e-15,-2.964671974067912277e-09
-3.115000000008351755e+00,2.912031548487912034e-15,-3.015906576753054134e-09
-3.112500000008344259e+00,3.022832801596022342e-15,-3.068026699739075373e-09
-3.110000000008337651e+00,3.048924663636137394e-15,-3.121047415673518015e-09
-3.107500000008330154e+00,3.077637249347441395e-15,-3.174984510984588286e-09
-3.105000000008322658e+00,3.227845027237754521e-15,-3.229853682551100099e-09
-3.102500000008316050e+00,3.353388004105242220e-15,-3.285671105275832628e-09
-3.100000000008308554e+00,3.465200128732810483e-15,-3.342453141815654517e-09
-3.097500000008301946e+00,3.513898474357307569e-15,-3.400216664127408415e-09
-3.095000000008294450e+00,3.570627071138472952e-15,-3.458978134654281152e-09
-3.092500000008287842e+00,3.749777607336955862e-15,-3.518755207603268907e-09
-3.090000000008279457e+00,3.833629808927956144e-15,-3.579565437199970704e-09
-3.087500000008272849e+00,3.929885817852502505e-15,-3.641426499253680044e-09
-3.085000000008265353e+00,4.103506567079906839e-15,-3.704356647597468369e-09
-3.082500000008258745e+00,4.187989869482014664e-15,-3.768374288725500552e-09
-3.080000000008251249e+00,4.329350151742635554e-15,-3.833498284470409771e-09
-3.077500000008243752e+00,4.390062211323260312e-15,-3.899747643218018098e-09
-3.075000000008237144e+00,4.616109758753955571e-15,-3.967142056856206288e-09
-3.072500000008229648e+00,4.773038349998443825e-15,-4.035701142196265177e-09
-3.070000000008223040e+00,4.821831316753410068e-15,-4.105445096083723950e-09
-3.067500000008215544e+00,4.982511598603512166e-15,-4.176394133662268421e-09
-3.065000000008208936e+00,5.177021955512304714e-15,-4.248569454513815179e-09
-3.062500000008201440e+00,5.275184222820037999e-15,-4.321992095807448021e-09
-3.060000000008194831e+00,5.327546691563241643e-15,-4.396683611481043222e-09
-3.057500000008186447e+00,5.534095853258620014e-15,-4.472665917502040742e-09
-3.055000000008179839e+00,5.688882846680657646e-15,-4.549961323708892536e-09
-3.052500000008172343e+00,5.862175416498917141e-15,-4.628592427229346035e-09
-3.050000000008164847e+00,6.074570347648975550e-15,-4.708582466221224650e-09
-3.047500000008158239e+00,6.231359386938407615e-15,-4.789954934147316736e-09
-3.045000000008150742e+00,6.416704014642818363e-15,-4.872733437256601324e-09
-3.042500000008144134e+00,6.606404608758605273e-15,-4.956942825301076908e-09
-3.040000000008136638e+00,6.724848188977181033e-15,-5.042607353521610414e-09
-3.037500000008130030e+00,7.008105997823248900e-15,-5.129752197624591919e-09
-3.035000000008122534e+00,7.168329203090640683e-15,-5.218403247611035693e-09
-3.032500000008115926e+00,7.349128761561650143e-15,-5.308586286528817193e-09
-3.030000000008108429e+00,7.612950729149610162e-15,-5.400327834279883934e-09
-3.027500000008100933e+00,7.865072791829656487e-15,-5.493654885004626931e-09
-3.025000000008093437e+00,8.032483989688791996e-15,-5.588594659770715573e-09
-3.022500000008085941e+00,8.298528719895734485e-15,-5.685175184855189587e-09
-3.020000000008079333e+00,8.501183095524632789e-15,-5.783424884100688015e-09
-3.017500000008071837e+00,8.742888001837436833e-15,-5.883372323205506561e-09
-3.015000000008065228e+00,9.074137210994019247e-15,-5.985047137218246819e-09
-3.012500000008057732e+00,9.229321302685704975e-15,-6.088479226608493038e-09
-3.010000000008051124e+00,9.540829618003497310e-15,-6.193698577178179330e-09
-3.007500000008043628e+00,9.745328569144413684e-15,-6.300736330203608324e-09
-3.005000000008037020e+00,1.014134904329116712e-14,-6.409623940310369968e-09
-3.002500000008029524e+00,1.039128904236298419e-14,-6.520393195567279973e-09
-3.000000000008022916e+00,1.060484858348992992e-14,-6.633076841944458839e-09
-2.997500000008015419e+00,1.097207619822842321e-14,-6.747707975155824525e-09
-2.995000000008007035e+00,1.130390275416892087e-14,-6.864319926165954198e-09
-2.992500000008000427e+00,1.163016284636815136e-14,-6.982947258801090995e-09
-2.990000000007992931e+00,1.202054185107535541e-14,-7.103624479207190420e-09
-2.987500000007986323e+00,1.232306534408583893e-14,-7.226387437295361837e-09
-2.985000000007978826e+00,1.275597845677759839e-14,-7.351271880829725939e-09
-2.982500000007972218e+00,1.304546045836153303e-14,-7.478314627193339522e-09
-2.980000000007964722e+00,1.345732862108761353e-14,-7.607552614946945901e-09
-2.977500000007958114e+00,1.390828079576108385e-14,-7.739024197477185277e-09
-2.975000000007950618e+00,1.416069214775339333e-14,-7.872767951886863565e-09
-2.972500000007944010e+00,1.469156440148713616e-14,-8.008822962709477671e-09
-2.970000000007936514e+00,1.498884633508501205e-14,-8.147229304920748968e-09
-2.967500000007929906e+00,1.544219973463661674e-14,-8.288027383658959284e-09
-2.965000000007921521e+00,1.586683354568724069e-14,-8.431258878555227807e-09
-2.962500000007914025e+00,1.642331362119030982e-14,-8.576965539296315376e-09
-2.960000000007907417e+00,1.689668158794761622e-14,-8.725190260376860651e-09
-2.957500000007899921e+00,1.739853060593778425e-14,-8.875976526537056177e-09
-2.955000000007893313e+00,1.788782702114504103e-14,-9.029368864140585012e-09
-2.952500000007885816e+00,1.841373527789885968e-14,-9.185411840183284150e-09
-2.950000000007879208e+00,1.897719408541452223e-14,-9.344151731094615437e-09
-2.947500000007871712e+00,1.943464056181348679e-14,-9.505634739515812727e-09
-2.945000000007865104e+00,2.004626856772129491e-14,-9.669908478619155153e-09
-2.942500000007857608e+00,2.058518953443381206e-14,-9.837021154335289952e-09
-2.940000000007851000e+00,2.117540042933004965e-14,-1.000702181791703668e-08
-2.937500000007843504e+00,2.183964779233348231e-14,-1.017996043709918592e-08
-2.935000000007836007e+00,2.241222241066884826e-14,-1.035588776586237774e-08
-2.932500000007828511e+00,2.314709526811622091e-14,-1.053485531826408000e-08
-2.930000000007821015e+00,2.377554329503316922e-14,-1.071691578336152063e-08
-2.927500000007814407e+00,2.446266696455170231e-14,-1.090212266387301084e-08
-2.925000000007806911e+00,2.510410988585363508e-14,-1.109053002373139214e-08
-2.922500000007800303e+00,2.592897711083363276e-14,-1.128219349117506831e-08
-2.920000000007792806e+00,2.665337340542160793e-14,-1.147716933591687720e-08
-2.917500000007786198e+00,2.740315505227032932e-14,-1.167551454307047779e-08
-2.915000000007778702e+00,2.817966897781102065e-14,-1.187728764319192069e-08
-2.912500000007772094e+00,2.897015053333036712e-14,-1.208254752041887013e-08
-2.910000000007764598e+00,2.988494168051303226e-14,-1.229135486670739613e-08
-2.907500000007757102e+00,3.077169111888996176e-14,-1.250377049646332837e-08
-2.905000000007750494e+00,3.169129124794023492e-14,-1.271985730228100340e-08
-2.902500000007742109e+00,3.246903349540462642e-14,-1.293967832995041542e-08
-2.900000000007735501e+00,3.345833591721015240e-14,-1.316329829943251698e-08
-2.897500000007728005e+00,3.441225570012683264e-14,-1.339078274227042235e-08
-2.895000000007721397e+00,3.542679083059223790e-14,-1.362219863887983957e-08
-2.892500000007713901e+00,3.652407642702765880e-14,-1.385761369583984402e-08
-2.890000000007707293e+00,3.746368429848589963e-14,-1.409709709566273631e-08
-2.887500000007699796e+00,3.857739282604573273e-14,-1.434071926493509818e-08
-2.885000000007693188e+00,3.976948641044228585e-14,-1.458855156292120401e-08
-2.882500000007685692e+00,4.085556481610504258e-14,-1.484066692426576021e-08
-2.880000000007678196e+00,4.203666920445493431e-14,-1.509713923600592219e-08
-2.877500000007671588e+00,4.329970973445709185e-14,-1.535804383216609769e-08
-2.875000000007664092e+00,4.451018659354953704e-14,-1.562345746352937412e-08
-2.872500000007657484e+00,4.591845357743659871e-14,-1.589345767414231826e-08
-2.870000000007649099e+00,4.722522349836708593e-14,-1.616812398181587625e-08
-2.867500000007642491e+00,4.852381884511179174e-14,-1.644753698949179273e-08
-2.865000000007634995e+00,4.996988899630940114e-14,-1.673177883409766814e-08
-2.862500000007628387e+00,5.138430057143294835e-14,-1.702093285347844332e-08
-2.860000000007620891e+00,5.287295829367287514e-14,-1.731508400266876607e-08
-2.857500000007614283e+00,5.442897857156501862e-14,-1.761431840475561720e-08
-2.855000000007606786e+00,5.591155677391042205e-14,-1.791872433179673967e-08
-2.852500000007599290e+00,5.756155360280349260e-14,-1.822839077163501231e-08
-2.850000000007592682e+00,5.929353432033971518e-14,-1.854340864005789263e-08
-2.847500000007585186e+00,6.102565161293828446e-14,-1.886387088332831330e-08
-2.845000000007578578e+00,6.275288600827567658e-14,-1.918987108767190071e-08
-2.842500000007571082e+00,6.458190317931480401e-14,-1.952150503497389650e-08
-2.840000000007563585e+00,6.642070055558594716e-14,-1.985887036612463556e-08
-2.837500000007556089e+00,6.836305678239448352e-14,-2.020206596578640601e-08
-2.835000000007549481e+00,7.021090019625426775e-14,-2.055119232305969108e-08
-2.832500000007541985e+00,7.234615596349816907e-14,-2.090635242776582461e-08
-2.830000000007535377e+00,7.448075154288092212e-14,-2.126765023288621954e-08
-2.827500000007527881e+00,7.659417168090740306e-14,-2.163519199075236212e-08
-2.825000000007520384e+00,7.879762200201655716e-14,-2.200908539959253365e-08
-2.822500000007513776e+00,8.112812207467617438e-14,-2.238944026177085793e-08
-2.820000000007506280e+00,8.345168640104034941e-14,-2.277636844616607486e-08
-2.817500000007499672e+00,8.599820393487192874e-14,-2.316998336120740279e-08
-2.815000000007492176e+00,8.835698258043054036e-14,-2.357040053248986336e-08
-2.812500000007485568e+00,9.096277848290711298e-14,-2.397773767307885984e-08
-2.810000000007478071e+00,9.357790621826501598e-14,-2.439211430177183015e-08
-2.807500000007470575e+00,9.624066169934352209e-14,-2.481365210653260561e-08
-2.805000000007463079e+00,9.902583991656069253e-14,-2.524247492841254842e-08
-2.802500000007456471e+00,1.018740110256704327e-13,-2.567870836056126672e-08
-2.800000000007448975e+00,1.048169433177178221e-13,-2.612248067024660780e-08
-2.797500000007441479e+00,1.078720775170298348e-13,-2.657392215583838743e-08
-2.795000000007434870e+00,1.109289012954545766e-13,-2.703316554772017138e-08
-2.792500000007427374e+00,1.142014338114865682e-13,-2.750034520079135271e-08
-2.790000000007420766e+00,1.175134371505506348e-13,-2.797559859568434027e-08
-2.787500000007413270e+00,1.208431135374799464e-13,-2.845906517060259448e-08
-2.785000000007406662e+00,1.244468195214786984e-13,-2.895088693076215643e-08
-2.782500000007399166e+00,1.280192896874813881e-13,-2.945120806282466889e-08
-2.780000000007392558e+00,1.317279737633896244e-13,-2.996017577400910973e-08
-2.777500000007384173e+00,1.356130663431073444e-13,-3.047793927808858000e-08
-2.775000000007377565e+00,1.394901997532932144e-13,-3.100465055560456453e-08
-2.772500000007370069e+00,1.435210768541817300e-13,-3.154046443216569136e-08
-2.770000000007362573e+00,1.476938979266303996e-13,-3.208553803371261131e-08
-2.767500000007355965e+00,1.519240048916553467e-13,-3.264003147603055071e-08
-2.765000000007348469e+00,1.562595836316978391e-13,-3.320410747923874957e-08
-2.762500000007341860e+00,1.608138413493780962e-13,-3.377793183890188851e-08
-2.760000000007334364e+00,1.655019025121963038e-13,-3.436167258167429505e-08
-2.757500000007327756e+00,1.702946698203713022e-13,-3.495550159766137388e-08
-2.755000000007320260e+00,1.752090242543703993e-13,-3.555959291911010195e-08
-2.752500000007313652e+00,1.803661701811059175e-13,-3.617412393672948105e-08
-2.750000000007306156e+00,1.854864780307492081e-13,-3.679927521589615404e-08
-2.747500000007299548e+00,1.908542207937422373e-13,-3.743523018755716670e-08
-2.745000000007291163e+00,1.964951964676679480e-13,-3.808217543029475818e-08
-2.742500000007284555e+00,2.020804935055154866e-13,-3.874030107153025964e-08
-2.740000000007277059e+00,2.079336667692303981e-13,-3.940980032520415461e-08
-2.737500000007269563e+00,2.139915337684605840e-13,-4.009086972338399022e-08
-2.735000000007262955e+00,2.202736019376653470e-13,-4.078370898738617692e-08
-2.732500000007255458e+00,2.264895485276848446e-13,-4.148852190678455517e-08
-2.730000000007248850e+00,2.331039047074450983e-13,-4.220551506674549657e-08
-2.727500000007241354e+00,2.398388373358767958e-13,-4.293489915901377102e-08
-2.725000000007234746e+00,2.467212394709190050e-13,-4.367688816217534210e-08
-2.722500000007227250e+00,2.538900041202276182e-13,-4.443170006509306661e-08
-2.720000000007220642e+00,2.612365003162488638e-13,-4.519955661717070319e-08
-2.717500000007213146e+00,2.688035909415782656e-13,-4.598068288794909659e-08
-2.715000000007205649e+00,2.766439580239805914e-13,-4.677530826963890237e-08
-2.712500000007198153e+00,2.846574210643671870e-13,-4.758366624622975522e-08
-2.710000000007190657e+00,2.928461162899407661e-13,-4.840599403139511891e-08
-2.707500000007184049e+00,3.013498479337256879e-13,-4.924253301604624475e-08
-2.705000000007176553e+00,3.100070636542759475e-13,-5.009352898493863305e-08
-2.702500000007169945e+00,3.190040096820200154e-13,-5.095923148840478657e-08
-2.700000000007162448e+00,3.282162814078155625e-13,-5.183989487757825792e-08
-2.697500000007155840e+00,3.377046715771566526e-13,-5.273577772937598288e-08
-2.695000000007148344e+00,3.476318444573522201e-13,-5.364714275334947820e-08
-2.692500000007141736e+00,3.575899948039530968e-13,-5.457425794515885749e-08
-2.690000000007134240e+00,3.679865563989153419e-13,-5.551739513322524320e-08
-2.687500000007127632e+00,3.786336072863357698e-13,-5.647683163974943907e-08
-2.685000000007120136e+00,3.896657711903075360e-13,-5.745284847647721151e-08
-2.682500000007111751e+00,4.008899040180368069e-13,-5.844573287990692457e-08
-2.680000000007105143e+00,4.124176088000852979e-13,-5.945577586577953097e-08
-2.677500000007097647e+00,4.244610036810101326e-13,-6.048327427497599921e-08
-2.675000000007091039e+00,4.366942573962600949e-13,-6.152852958212418048e-08
-2.672500000007083543e+00,4.493678709743051908e-13,-6.259184861721490931e-08
-2.670000000007076935e+00,4.623036799990035896e-13,-6.367354368043876015e-08
-2.667500000007069438e+00,4.757409984662069348e-13,-6.477393215817510432e-08
-2.665000000007062830e+00,4.894880086871368473e-13,-6.589333734622611815e-08
-2.662500000007055334e+00,5.037805409265512663e-13,-6.703208792456773489e-08
-2.660000000007048726e+00,5.182520240180840010e-13,-6.819051793113081179e-08
-2.657500000007041230e+00,5.332809154369727682e-13,-6.936896784005989746e-08
-2.655000000007033734e+00,5.487598478257837202e-13,-7.056778305783949324e-08
-2.652500000007026237e+00,5.646790655104598592e-13,-7.178731617606405766e-08
-2.650000000007018741e+00,5.810248669436804514e-13,-7.302792461103352692e-08
-2.647500000007012133e+00,5.977685618729693931e-13,-7.428997311540630032e-08
-2.645000000007004637e+00,6.150900710021865215e-13,-7.557383194059110590e-08
-2.642500000006998029e+00,6.329544618033190392e-13,-7.687987792571258177e-08
-2.640000000006990533e+00,6.512303320482858692e-13,-7.820849490408430869e-08
-2.637500000006983925e+00,6.701395057993261406e-13,-7.956007268746029336e-08
-2.635000000006976428e+00,6.895749558403185993e-13,-8.093500779368598046e-08
-2.632500000006969820e+00,7.093816134950421093e-13,-8.233370430248192364e-08
-2.630000000006962324e+00,7.301238920720175268e-13,-8.375657259241630847e-08
-2.627500000006954828e+00,7.511738899195972397e-13,-8.520403052252405326e-08
-2.625000000006948220e+00,7.728257655313713022e-13,-8.667650312745196189e-08
-2.622500000006940724e+00,7.951949098731719211e-13,-8.817442267730561172e-08
-2.620000000006933227e+00,8.183040264287830115e-13,-8.969822862965286687e-08
-2.617500000006925731e+00,8.419642165096406745e-13,-9.124836865511851764e-08
-2.615000000006919123e+00,8.663093587063949242e-13,-9.282529775189443601e-08
-2.612500000006911627e+00,8.914814246961237805e-13,-9.442947916295583323e-08
-2.610000000006905019e+00,9.172191239580710050e-13,-9.606138331925143146e-08
-2.607500000006897523e+00,9.439072889753438845e-13,-9.772148962522329377e-08
-2.605000000006890915e+00,9.710644433813769814e-13,-9.941028546501938370e-08
-2.602500000006883418e+00,9.993118720787609595e-13,-1.011282666127314210e-07
-2.600000000006875922e+00,1.028178628600384174e-12,-1.028759374035386695e-07
-2.597500000006869314e+00,1.057979285595782059e-12,-1.046538107951720358e-07
-2.595000000006861818e+00,1.088669207129197461e-12,-1.064624092675145565e-07
-2.592500000006855210e+00,1.120111965172012979e-12,-1.083022632993154109e-07
-2.590000000006846825e+00,1.152516132124716042e-12,-1.101739130804014326e-07
-2.587500000006840217e+00,1.185954434901972863e-12,-1.120779081197008067e-07
-2.585000000006832721e+00,1.220229716829981301e-12,-1.140148075238107798e-07
-2.582500000006826113e+00,1.255644074175520668e-12,-1.159851800844078593e-07
-2.580000000006818617e+00,1.292026885173139038e-12,-1.179896039993940332e-07
-2.577500000006812009e+00,1.329354585048411560e-12,-1.200286677743182181e-07
-2.575000000006804513e+00,1.367745048768551295e-12,-1.221029701467499820e-07
-2.572500000006797016e+00,1.407452789831908802e-12,-1.242131199736110199e-07
-2.570000000006790408e+00,1.448140345751819010e-12,-1.263597368218490396e-07
-2.567500000006782912e+00,1.490049743148919343e-12,-1.285434509346624558e-07
-2.565000000006776304e+00,1.533217494459961659e-12,-1.307649033579824995e-07
-2.562500000006768808e+00,1.577711266631961304e-12,-1.330247464586522938e-07
-2.560000000006762200e+00,1.623411536584557767e-12,-1.353236431371669571e-07
-2.557500000006753815e+00,1.670409532820314828e-12,-1.376622692542403820e-07
-2.555000000006747207e+00,1.718632949499718505e-12,-1.400413104194195500e-07
-2.552500000006739711e+00,1.768494163683249605e-12,-1.424614656638806148e-07
-2.550000000006733103e+00,1.819672069148969892e-12,-1.449234455820092087e-07
-2.547500000006725607e+00,1.872367707890193047e-12,-1.474279725711863905e-07
-2.545000000006718111e+00,1.926554912337410657e-12,-1.499757821077753298e-07
-2.542500000006711502e+00,1.982281110447925800e-12,-1.525676222247693498e-07
-2.540000000006704006e+00,2.039763717636583907e-12,-1.552042535793994765e-07
-2.537500000006697398e+00,2.098884234356728275e-12,-1.578864508147818564e-07
-2.535000000006689902e+00,2.159623207394360023e-12,-1.606150010180276036e-07
-2.532500000006683294e+00,2.222160464130354165e-12,-1.633907051491598541e-07
-2.530000000006675798e+00,2.286524521316056652e-12,-1.662143781473155500e-07
-2.527500000006668301e+00,2.352684250740070232e-12,-1.690868492225065742e-07
-2.525000000006660805e+00,2.420826671469328588e-12,-1.720089615372225795e-07
-2.522500000006654197e+00,2.490936313482915718e-12,-1.749815729763829853e-07
-2.520000000006646701e+00,2.563107004474813516e-12,-1.780055561802947381e-07
-2.517500000006640093e+00,2.637209512309181337e-12,-1.810817992212753587e-07
-2.515000000006632597e+00,2.713716819879607471e-12,-1.842112048963191274e-07
-2.512500000006625100e+00,2.792285258532508266e-12,-1.873946921129694849e-07
-2.510000000006618492e+00,2.873191477599305863e-12,-1.906331955331338426e-07
-2.507500000006610996e+00,2.956407277507608895e-12,-1.939276658295703211e-07
-2.505000000006604388e+00,3.041855281809077591e-12,-1.972790702214320330e-07
-2.502500000006596892e+00,3.130031607361960622e-12,-2.006883927963920992e-07
-2.500000000006590284e+00,3.220578127089786720e-12,-2.041566342489331518e-07
-2.497500000006582788e+00,3.313791058042575677e-12,-2.076848128610914471e-07
-2.495000000006575291e+00,3.409861047532192241e-12,-2.112739643231043357e-07
-2.492500000006567795e+00,3.508636671379627541e-12,-2.149251427969897770e-07
-2.490000000006561187e+00,3.610165566071023136e-12,-2.186394197172327063e-07
-2.487500000006553691e+00,3.714714964761144318e-12,-2.224178857959515731e-07
-2.485000000006546195e+00,3.822288388209011058e-12,-2.262616503729178941e-07
-2.482500000006539587e+00,3.932957630525139247e-12,-2.301718417603152596e-07
-2.480000000006532090e+00,4.046866202841131476e-12,-2.341496081030505012e-07
-2.477500000006525482e+00,4.163948055849455693e-12,-2.381961170224908938e-07
-2.475000000006517986e+00,4.284597680778171628e-12,-2.423125565994722802e-07
-2.472500000006511378e+00,4.408570609697810984e-12,-2.465001353523993264e-07
-2.470000000006503882e+00,4.536347279333469370e-12,-2.507600826852420672e-07
-2.467500000006497274e+00,4.667628357667822340e-12,-2.550936491013127026e-07
-2.465000000006488889e+00,4.802745423254156651e-12,-2.595021073293928301e-07
-2.462500000006482281e+00,4.941820629413483144e-12,-2.639867511909944319e-07
-2.460000000006474785e+00,5.084982999621464827e-12,-2.685488973274342194e-07
-2.457500000006467289e+00,5.232127976475005895e-12,-2.731898851687371484e-07
-2.455000000006460681e+00,5.383731592332760148e-12,-2.779110774455186517e-07
-2.452500000006453185e+00,5.539522333099052945e-12,-2.827138601596150950e-07
-2.450000000006446577e+00,5.699992741508386178e-12,-2.875996429702298986e-07
-2.447500000006439080e+00,5.865047055542836561e-12,-2.925698607634741003e-07
-2.445000000006432472e+00,6.034862668713753617e-12,-2.976259723285240567e-07
-2.442500000006424976e+00,6.209670740563302402e-12,-3.027694623389379686e-07
-2.440000000006418368e+00,6.389455768489324511e-12,-3.080018405784541615e-07
-2.437500000006410872e+00,6.574547484564207420e-12,-3.133246435237268871e-07
-2.435000000006404264e+00,6.764739074458572305e-12,-3.187394336203802865e-07
-2.432500000006395879e+00,6.960737154212224262e-12,-3.242478004270337467e-07
-2.430000000006388383e+00,7.162233790898947370e-12,-3.298513614819133265e-07
-2.427500000006381775e+00,7.369706008335380510e-12,-3.355517617177029732e-07
-2.425000000006374279e+00,7.583054190325663997e-12,-3.413506747335030360e-07
-2.422500000006367671e+00,7.802628430959877656e-12,-3.472498028840918156e-07
-2.420000000006360175e+00,8.028550585567938018e-12,-3.532508782051065652e-07
-2.417500000006353567e+00,8.261050917383995380e-12,-3.593556623346474676e-07
-2.415000000006346070e+00,8.500334952676849379e-12,-3.655659478353269244e-07
-2.412500000006339462e+00,8.746363079331339488e-12,-3.718835575422244398e-07
-2.410000000006331966e+00,8.999635708488139051e-12,-3.783103466517070324e-07
-2.407500000006325358e+00,9.260331885495234346e-12,-3.848482016267643527e-07
-2.405000000006317862e+00,9.528475081710788063e-12,-3.914990421330618325e-07
-2.402500000006309477e+00,9.804264509717741102e-12,-3.982648205544487970e-07
-2.400000000006302869e+00,1.008814773657976146e-11,-4.051475233719431383e-07
-2.397500000006295373e+00,1.038029706862832956e-11,-4.121491710467933874e-07
-2.395000000006288765e+00,1.068094843128064945e-11,-4.192718193114117184e-07
-2.392500000006281269e+00,1.099016790262079314e-11,-4.265175593470224863e-07
-2.390000000006274661e+00,1.130839153117069519e-11,-4.338885179084974661e-07
-2.387500000006267165e+00,1.163584725823942165e-11,-4.413868598275514526e-07
-2.385000000006260557e+00,1.197279471105979516e-11,-4.490147857886017709e-07
-2.382500000006253060e+00,1.231952477857420414e-11,-4.567745353446525906e-07
-2.380000000006246452e+00,1.267620737713643694e-11,-4.646683868173031623e-07
-2.377500000006238956e+00,1.304332955261444373e-11,-4.726986576420087180e-07
-2.375000000006231460e+00,1.342102239883438566e-11,-4.808677055505385703e-07
-2.372500000006224852e+00,1.380952845996578431e-11,-4.891779285460735565e-07
-2.370000000006216467e+00,1.420944247481125812e-11,-4.976317665018443005e-07
-2.367500000006209859e+00,1.462088109141049354e-11,-5.062317014410023343e-07
-2.365000000006202363e+00,1.504431089229573778e-11,-5.149802580586262266e-07
-2.362500000006195755e+00,1.547986677704215314e-11,-5.238800047960124119e-07
-2.360000000006188259e+00,1.592820076829612398e-11,-5.329335544876432962e-07
-2.357500000006181651e+00,1.638931964572469528e-11,-5.421435652441137548e-07
-2.355000000006174155e+00,1.686400583655130439e-11,-5.515127407486462387e-07
-2.352500000006167546e+00,1.735230311733980111e-11,-5.610438316810552267e-07
-2.350000000006160050e+00,1.785477350289866812e-11,-5.707396365451088908e-07
-2.347500000006152554e+00,1.837175241975689926e-11,-5.806030014320386621e-07
-2.345000000006145946e+00,1.890377366374891109e-11,-5.906368223871386978e-07
-2.342500000006138450e+00,1.945112933235222660e-11,-6.008440450044964028e-07
-2.340000000006130954e+00,2.001444320081247546e-11,-6.112276658777189936e-07
-2.337500000006123457e+00,2.059393901163261432e-11,-6.217907337897972071e-07
-2.335000000006116849e+00,2.119026420061207874e-11,-6.325363499178888571e-07
-2.332500000006109353e+00,2.180380252539612772e-11,-6.434676683209943472e-07
-2.330000000006102745e+00,2.243518252131465104e-11,-6.545878991818464221e-07
-2.327500000006095249e+00,2.308485756606754441e-11,-6.659003067328406227e-07
-2.325000000006088641e+00,2.375334166157399230e-11,-6.774082120155782079e-07
-2.322500000006081144e+00,2.444111137326279251e-11,-6.891149939165840547e-07
-2.320000000006073648e+00,2.514887508620013793e-11,-7.010240890622523388e-07
-2.317500000006067040e+00,2.587698745566630324e-11,-7.131389938920948803e-07
-2.315000000006059544e+00,2.662642424579073472e-11,-7.254632653163233136e-07
-2.312500000006052936e+00,2.739733274632597746e-11,-7.380005213376388222e-07
-2.310000000006045440e+00,2.819070323788432645e-11,-7.507544427069895911e-07
-2.307500000006037943e+00,2.900693990390889644e-11,-7.637287739600006392e-07
-2.305000000006030447e+00,2.984696223040789273e-11,-7.769273238849913918e-07
-2.302500000006023839e+00,3.071122577012926710e-11,-7.903539675441724760e-07
-2.300000000006016343e+00,3.160054233665260466e-11,-8.040126467302185019e-07
-2.297500000006009735e+00,3.251554402444015716e-11,-8.179073714646302771e-07
-2.295000000006002239e+00,3.345708702609120740e-11,-8.320422209343040066e-07
-2.292500000005995631e+00,3.442597605035036878e-11,-8.464213450683783098e-07
-2.290000000005988134e+00,3.542275329153061583e-11,-8.610489653367650022e-07
-2.287500000005980638e+00,3.644844255707550424e-11,-8.759293759622027384e-07
-2.285000000005974030e+00,3.750378129917386135e-11,-8.910669458176679892e-07
-2.282500000005966534e+00,3.858985552845757534e-11,-9.064661188915965583e-07
-2.280000000005959926e+00,3.970728585409097657e-11,-9.221314161935487894e-07
-2.277500000005951541e+00,4.085706069491267241e-11,-9.380674370509177994e-07
-2.275000000005944933e+00,4.204014067628682385e-11,-9.542788597368288616e-07
-2.272500000005937437e+00,4.325755384160188343e-11,-9.707704436030323176e-07
-2.270000000005930829e+00,4.451009733193234910e-11,-9.875470306172909287e-07
-2.267500000005923333e+00,4.579894807266293098e-11,-1.004613546041888419e-06
-2.265000000005916725e+00,4.712518996336115140e-11,-1.021974999970783151e-06
-2.262500000005909229e+00,4.848967618755776174e-11,-1.039636490124684080e-06
-2.260000000005901732e+00,4.989385508712500567e-11,-1.057603201152707029e-06
-2.257500000005895124e+00,5.133858709471585635e-11,-1.075880407752306623e-06
-2.255000000005887628e+00,5.282515562468197910e-11,-1.094473476209828473e-06
-2.252500000005881020e+00,5.435483947517374787e-11,-1.113387864786039614e-06
-2.250000000005873524e+00,5.592868917086846345e-11,-1.132629126622312940e-06
-2.247500000005866916e+00,5.754825848611315994e-11,-1.152202910660122556e-06
-2.245000000005858531e+00,5.921469298961718665e-11,-1.172114963543863903e-06
-2.242500000005851923e+00,6.092924628242551168e-11,-1.192371131112368028e-06
-2.240000000005844427e+00,6.269352145085454952e-11,-1.212977360033429537e-06
-2.237500000005837819e+00,6.450897535265594466e-11,-1.233939700100293962e-06
-2.235000000005830323e+00,6.637683699069110084e-11,-1.255264305669917806e-06
-2.232500000005822827e+00,6.829902207166000413e-11,-1.276957437042978334e-06
-2.230000000005816219e+00,7.027659913799410508e-11,-1.299025463095461155e-06
-2.227500000005808722e+00,7.231164150820246623e-11,-1.321474862840134336e-06
-2.225000000005802114e+00,7.440554641688667823e-11,-1.344312226722572335e-06
-2.222500000005794618e+00,7.656012205942758696e-11,-1.367544259767419652e-06
-2.220000000005788010e+00,7.877701385022163754e-11,-1.391177782443629054e-06
-2.217500000005780514e+00,8.105796920684780797e-11,-1.415219733032511798e-06
-2.215000000005773018e+00,8.340529780571472508e-11,-1.439677170148777250e-06
-2.212500000005765521e+00,8.582039680479577700e-11,-1.464557273746205150e-06
-2.210000000005758913e+00,8.830542835622887271e-11,-1.489867348447683648e-06
-2.207500000005751417e+00,9.086245997495278541e-11,-1.515614825046795219e-06
-2.205000000005743921e+00,9.349350976041979080e-11,-1.541807262243247621e-06
-2.202500000005737313e+00,9.620085277874465307e-11,-1.568452349865531449e-06
-2.200000000005729817e+00,9.898646357732315322e-11,-1.595557910657105096e-06
-2.197500000005723209e+00,1.018528147459308598e-10,-1.623131902393633013e-06
-2.195000000005715712e+00,1.048020231889409256e-10,-1.651182420094633204e-06
-2.192500000005709104e+00,1.078366956331932634e-10,-1.679717699123586898e-06
-2.190000000005701608e+00,1.109593421009151352e-10,-1.708746117157940246e-06
-2.187500000005695000e+00,1.141723028428309627e-10,-1.738276195931802191e-06
-2.185000000005687504e+00,1.174783830375711071e-10,-1.768316605564727098e-06
-2.182500000005680008e+00,1.208801775087574284e-10,-1.798876165264091410e-06
-2.180000000005672511e+00,1.243804348309022981e-10,-1.829963846775028143e-06
-2.177500000005665015e+00,1.279820892756947141e-10,-1.861588777217718536e-06
-2.175000000005658407e+00,1.316879717227252122e-10,-1.893760240938286515e-06
-2.172500000005650911e+00,1.355012038841740292e-10,-1.926487682824409223e-06
-2.170000000005644303e+00,1.394249376294878794e-10,-1.959780711555269353e-06
-2.167500000005636807e+00,1.434621400815908557e-10,-1.993649100993526534e-06
-2.165000000005630199e+00,1.476164097229258100e-10,-2.028102794795030504e-06
-2.162500000005622702e+00,1.518908567158183027e-10,-2.063151907857947527e-06
-2.160000000005616094e+00,1.562889009598177529e-10,-2.098806729951847217e-06
-2.157500000005608598e+00,1.608146171507334600e-10,-2.135077728736824003e-06
-2.155000000005601990e+00,1.654712584713643879e-10,-2.171975553045986967e-06
-2.152500000005593606e+00,1.702627541072783352e-10,-2.209511035339621764e-06
-2.150000000005586109e+00,1.751929352458723924e-10,-2.247695195491163625e-06
-2.147500000005579501e+00,1.802659043814312065e-10,-2.286539243732547755e-06
-2.145000000005572005e+00,1.854857300932824513e-10,-2.326054584084540299e-06
-2.142500000005565397e+00,1.908568294435681319e-10,-2.366252817679749397e-06
-2.140000000005557901e+00,1.963833733568186520e-10,-2.407145746065428563e-06
-2.137500000005551293e+00,2.020700471780795923e-10,-2.448745374627786947e-06
-2.135000000005543797e+00,2.079212033794556328e-10,-2.491063916620292958e-06
-2.132500000005537188e+00,2.139418614362705339e-10,-2.534113796006168601e-06
-2.130000000005529692e+00,2.201369780257965860e-10,-2.577907651594997271e-06
-2.127500000005523084e+00,2.265113697199924907e-10,-2.622458340436345164e-06
-2.125000000005515588e+00,2.330703536216919844e-10,-2.667778941974807709e-06
-2.122500000005508092e+00,2.398193312352410288e-10,-2.713882761569116788e-06
-2.120000000005500596e+00,2.467636478285398525e-10,-2.760783334722733191e-06
-2.117500000005493099e+00,2.539090671051246422e-10,-2.808494430627281473e-06
-2.115000000005486491e+00,2.612613674515514391e-10,-2.857030056570556839e-06
-2.112500000005478995e+00,2.688266706941015152e-10,-2.906404461807355609e-06
-2.110000000005472387e+00,2.766109324627391909e-10,-2.956632141948855000e-06
-2.107500000005464891e+00,2.846207453706375107e-10,-3.007727842885304021e-06
-2.105000000005458283e+00,2.928622642474856914e-10,-3.059706565607240567e-06
-2.102500000005450786e+00,3.013426012334931948e-10,-3.112583570423458845e-06
-2.100000000005444178e+00,3.100683942188622049e-10,-3.166374380932114128e-06
-2.097500000005436682e+00,3.190469464433348235e-10,-3.221094789441174154e-06
-2.095000000005429186e+00,3.282854033525051122e-10,-3.276760860974522858e-06
-2.092500000005422578e+00,3.377915597281037679e-10,-3.333388938054699302e-06
-2.090000000005414194e+00,3.475727986887870869e-10,-3.390995646200556966e-06
-2.087500000005407585e+00,3.576372558451009545e-10,-3.449597897220317366e-06
-2.085000000005400089e+00,3.679931885730042880e-10,-3.509212896463750100e-06
-2.082500000005393481e+00,3.786489943125787903e-10,-3.569858145544186918e-06
-2.080000000005385985e+00,3.896134442072359986e-10,-3.631551449127558132e-06
-2.077500000005379377e+00,4.008952073458159984e-10,-3.694310919399455493e-06
-2.075000000005371881e+00,4.125038460382882591e-10,-3.758154981568825752e-06
-2.072500000005365273e+00,4.244486002727264481e-10,-3.823102379093618451e-06
-2.070000000005357776e+00,4.367391328429467513e-10,-3.889172179582069977e-06
-2.067500000005351168e+00,4.493855326677012934e-10,-3.956383780347528263e-06
-2.065000000005343672e+00,4.623982408369343056e-10,-4.024756913220287721e-06
-2.062500000005336176e+00,4.757876946022918069e-10,-4.094311651840472611e-06
-2.060000000005329568e+00,4.895648986038781759e-10,-4.165068416240344683e-06
-2.057500000005321183e+00,5.037410250979373321e-10,-4.237047979475411562e-06
-2.055000000005314575e+00,5.183276332841850651e-10,-4.310271473806020683e-06
-2.052500000005307079e+00,5.333367799308147873e-10,-4.384760396190048621e-06
-2.050000000005300471e+00,5.487802184551908741e-10,-4.460536615683905678e-06
-2.047500000005292975e+00,5.646711361406684835e-10,-4.537622378743189296e-06
-2.045000000005286367e+00,5.810219376735608175e-10,-4.616040316928994041e-06
-2.042500000005278871e+00,5.978463812916446589e-10,-4.695813452154845340e-06
-2.040000000005272263e+00,6.151580076537909076e-10,-4.776965204655733679e-06
-2.037500000005264766e+00,6.329708501795817372e-10,-4.859519399454759685e-06
-2.035000000005257270e+00,6.512995135142986532e-10,-4.943500273061756127e-06
-2.032500000005250662e+00,6.701589390034861307e-10,-5.028932480974612537e-06
-2.030000000005243166e+00,6.895644836835816230e-10,-5.115841104665597038e-06
-2.027500000005235670e+00,7.095318885732758520e-10,-5.204251659237846389e-06
-2.025000000005228173e+00,7.300775082287339573e-10,-5.294190100598921056e-06
-2.022500000005221565e+00,7.512180219772395829e-10,-5.385682833276119865e-06
-2.020000000005214069e+00,7.729707414553008906e-10,-5.478756718143797261e-06
-2.017500000005207461e+00,7.953532894655818945e-10,-5.573439080203664164e-06
-2.015000000005199965e+00,8.183840369514998089e-10,-5.669757716809311865e-06
-2.012500000005193357e+00,8.420816055885744365e-10,-5.767740905329530019e-06
-2.010000000005185861e+00,8.664653391293005164e-10,-5.867417412406107394e-06
-2.007500000005178364e+00,8.915553180319131646e-10,-5.968816501439682906e-06
-2.005000000005171756e+00,9.173716117006001494e-10,-6.071967941485131467e-06
-2.002500000005164260e+00,9.439356728623864360e-10,-6.176902016308071603e-06
-2.000000000005157652e+00,9.712687732805495036e-10,-6.283649532804892176e-06
-1.997500000005150156e+00,9.993934640746647169e-10,-6.392241830486710940e-06
-1.995000000005142660e+00,1.028332400027839223e-09,-6.502710790256752607e-06
-1.992500000005135163e+00,1.058109347735472490e-09,-6.615088843933663946e-06
-1.990000000005128555e+00,1.088748668713906055e-09,-6.729408984364461209e-06
-1.987500000005121059e+00,1.120275035201342887e-09,-6.845704773849109665e-06
-1.985000000005114451e+00,1.152714330449314270e-09,-6.964010355082662076e-06
-1.982500000005106955e+00,1.186093028359413028e-09,-7.084360460758110182e-06
-1.980000000005099459e+00,1.220438166681437504e-09,-7.206790423785412003e-06
-1.977500000005092851e+00,1.255777931913786429e-09,-7.331336187571581738e-06
-1.975000000005085354e+00,1.292140946156564778e-09,-7.458034316976981320e-06
-1.972500000005078746e+00,1.329556995013599119e-09,-7.586922008388287893e-06
-1.970000000005071250e+00,1.368056444621151396e-09,-7.718037101337091435e-06
-1.967500000005064642e+00,1.407670633340538168e-09,-7.851418089230048842e-06
-1.965000000005056258e+00,1.448431982324639388e-09,-7.987104130533040049e-06
-1.962500000005049650e+00,1.490373620938781845e-09,-8.125135060519374401e-06
-1.960000000005042153e+00,1.533529668218859445e-09,-8.265551403038678179e-06
-1.957500000005035545e+00,1.577935430268411985e-09,-8.408394381993840365e-06
-1.955000000005028049e+00,1.623627156637218061e-09,-8.553705933965699906e-06
-1.952500000005020553e+00,1.670641833146938968e-09,-8.701528720136435442e-06
-1.950000000005013945e+00,1.719017865592638747e-09,-8.851906138691359235e-06
-1.947500000005006449e+00,1.768794836951248527e-09,-9.004882338477984135e-06
-1.945000000004999841e+00,1.820013000814725888e-09,-9.160502230672049116e-06
-1.942500000004992344e+00,1.872714396736425890e-09,-9.318811502991755348e-06
-1.940000000004985736e+00,1.926941829558866700e-09,-9.479856632394400442e-06
-1.937500000004978240e+00,1.982739281461201956e-09,-9.643684899280118087e-06
-1.935000000004971632e+00,2.040152759043783061e-09,-9.810344401120724570e-06
-1.932500000004963248e+00,2.099228540704084255e-09,-9.979884066553000235e-06
-1.930000000004956640e+00,2.160015016700459975e-09,-1.015235366960961380e-05
-1.927500000004949143e+00,2.222561670680876785e-09,-1.032780384474634911e-05
-1.925000000004941647e+00,2.286919435545582962e-09,-1.050628610141362988e-05
-1.922500000004935039e+00,2.353140761542357328e-09,-1.068785283923551445e-05
-1.920000000004927543e+00,2.421279699643716813e-09,-1.087255736342417410e-05
-1.917500000004920935e+00,2.491391640740409244e-09,-1.106045390011151303e-05
-1.915000000004913439e+00,2.563533907788564461e-09,-1.125159761285938714e-05
-1.912500000004906830e+00,2.637765120567101232e-09,-1.144604461855508360e-05
-1.910000000004899334e+00,2.714145745661632561e-09,-1.164385200383880495e-05
-1.907500000004892726e+00,2.792738086307375982e-09,-1.184507784168389173e-05
-1.905000000004885230e+00,2.873606311310083968e-09,-1.204978120910185417e-05
-1.902500000004877734e+00,2.956815974378472711e-09,-1.225802220353292217e-05
-1.900000000004870238e+00,3.042435340678571426e-09,-1.246986196130479909e-05
-1.897500000004862741e+00,3.130533900118088662e-09,-1.268536267557420188e-05
-1.895000000004856133e+00,3.221183349646437848e-09,-1.290458761350362878e-05
-1.892500000004848637e+00,3.314457833071699015e-09,-1.312760113648164855e-05
-1.890000000004842029e+00,3.410433234388418034e-09,-1.335446871747654383e-05
-1.887500000004834533e+00,3.509187688910308455e-09,-1.358525696159896772e-05
-1.885000000004827925e+00,3.610801781637854474e-09,-1.382003362422590435e-05
-1.882500000004820429e+00,3.715358192609288180e-09,-1.405886763252529731e-05
-1.880000000004813820e+00,3.822942259355147542e-09,-1.430182910421996739e-05
-1.877500000004806324e+00,3.933641580159388690e-09,-1.454898936916775385e-05
-1.875000000004799716e+00,4.047546328791845367e-09,-1.480042098948466929e-05
-1.872500000004792220e+00,4.164749498998668877e-09,-1.505619778170314603e-05
-1.870000000004783836e+00,4.285346409072881314e-09,-1.531639483788273986e-05
-1.867500000004777228e+00,4.409435294485319801e-09,-1.558108854783707761e-05
-1.865000000004769731e+00,4.537117453462693598e-09,-1.585035662153738055e-05
-1.862500000004763123e+00,4.668496935400394142e-09,-1.612427811164077941e-05
-1.860000000004755627e+00,4.803680591353903215e-09,-1.640293343761609806e-05
-1.857500000004749019e+00,4.942778688142502989e-09,-1.668640440779416414e-05
-1.855000000004741523e+00,5.085904740759562326e-09,-1.697477424516608129e-05
-1.852500000004734915e+00,5.233175196058893046e-09,-1.726812761047507864e-05
-1.850000000004727418e+00,5.384709950872995762e-09,-1.756655062777089847e-05
-1.847500000004720810e+00,5.540632747119119529e-09,-1.787013090925068746e-05
-1.845000000004713314e+00,5.701070558036101227e-09,-1.817895758149369750e-05
-1.842500000004706706e+00,5.866154030497108268e-09,-1.849312131091545249e-05
-1.840000000004698322e+00,6.036017801942016725e-09,-1.881271433144531560e-05
-1.837500000004690826e+00,6.210800252571558294e-09,-1.913783047019791662e-05
-1.835000000004684217e+00,6.390643783712702628e-09,-1.946856517647695592e-05
-1.832500000004676721e+00,6.575694942067089763e-09,-1.980501554864997770e-05
-1.830000000004670113e+00,6.766104545871897494e-09,-2.014728036333054891e-05
-1.827500000004662617e+00,6.962027781054767605e-09,-2.049546010408009948e-05
-1.825000000004656009e+00,7.163624303613314182e-09,-2.084965699117768124e-05
-1.822500000004648513e+00,7.371058279664001893e-09,-2.120997501099436584e-05
-1.820000000004641905e+00,7.584499055105778666e-09,-2.157651994759746364e-05
-1.817500000004634408e+00,7.804120065610533647e-09,-2.194939941260708996e-05
-1.815000000004627800e+00,8.030100653146733615e-09,-2.232872287759679153e-05
-1.812500000004620304e+00,8.262624999546321722e-09,-2.271460170611279452e-05
-1.810000000004612808e+00,8.501882402308779738e-09,-2.310714918598382901e-05
-1.807500000004605312e+00,8.748067764632582745e-09,-2.350648056322075295e-05
-1.805000000004597815e+00,9.001381910370257437e-09,-2.391271307516918115e-05
-1.802500000004591207e+00,9.262031166903392463e-09,-2.432596598518068851e-05
-1.800000000004583711e+00,9.530227842540265844e-09,-2.474636061800707443e-05
-1.797500000004577103e+00,9.806190721406228061e-09,-2.517402039502417035e-05
-1.795000000004569607e+00,1.009014444928613014e-08,-2.560907087010000892e-05
-1.792500000004562999e+00,1.038232040821599905e-08,-2.605163976763794000e-05
-1.790000000004555503e+00,1.068295697876679973e-08,-2.650185701863092355e-05
-1.787500000004548895e+00,1.099229884558285907e-08,-2.695985480010036953e-05
-1.785000000004541398e+00,1.131059820789864556e-08,-2.742576757286702098e-05
-1.782500000004533902e+00,1.163811441538813503e-08,-2.789973212161243090e-05
-1.780000000004527294e+00,1.197511444466174586e-08,-2.838188759481979808e-05
-1.777500000004518910e+00,1.232187281971502296e-08,-2.887237554611962045e-05
-1.775000000004512302e+00,1.267867210568378987e-08,-2.937133997469217061e-05
-1.772500000004504805e+00,1.304580303879853760e-08,-2.987892736870651324e-05
-1.770000000004498197e+00,1.342356493265007136e-08,-3.039528674828817921e-05
-1.767500000004490701e+00,1.381226549813159434e-08,-3.092056970801114257e-05
-1.765000000004484093e+00,1.421222137609053919e-08,-3.145493046318273319e-05
-1.762500000004476597e+00,1.462375868047576480e-08,-3.199852589331470931e-05
-1.760000000004469989e+00,1.504721279706687447e-08,-3.255151558962561395e-05
-1.757500000004462493e+00,1.548292855131274221e-08,-3.311406190153682244e-05
-1.755000000004454996e+00,1.593126116958678181e-08,-3.368632998343106493e-05
-1.752500000004448388e+00,1.639257605264149008e-08,-3.426848784448051518e-05
-1.750000000004440892e+00,1.686724892294373995e-08,-3.486070639715004515e-05
-1.747500000004434284e+00,1.735566675945963303e-08,-3.546315950731857009e-05
-1.745000000004425900e+00,1.785822752427737533e-08,-3.607602404600448423e-05
-1.742500000004419292e+00,1.837534065303450314e-08,-3.669947994051615770e-05
-1.740000000004411795e+00,1.890742769657974797e-08,-3.733371022780288266e-05
-1.737500000004405187e+00,1.945492209713802902e-08,-3.797890110801985453e-05
-1.735000000004397691e+00,2.001827009215636181e-08,-3.863524199896174147e-05
-1.732500000004391083e+00,2.059793071204426220e-08,-3.930292559214790032e-05
-1.730000000004383587e+00,2.119437640585149412e-08,-3.998214790886902209e-05
-1.727500000004376091e+00,2.180809293489308283e-08,-4.067310835835146815e-05
-1.725000000004369483e+00,2.243958076636678647e-08,-4.137600979576410587e-05
-1.722500000004361986e+00,2.308935416912446081e-08,-4.209105858173654223e-05
-1.720000000004355378e+00,2.375794292878701695e-08,-4.281846464362305864e-05
-1.717500000004347882e+00,2.444589170501588382e-08,-4.355844153646565243e-05
-1.715000000004340386e+00,2.515376109745854024e-08,-4.431120650568154260e-05
-1.712500000004332890e+00,2.588212796964417636e-08,-4.507698055154312600e-05
-1.710000000004326282e+00,2.663158585550651588e-08,-4.585598849302640614e-05
-1.707500000004318785e+00,2.740274543458105198e-08,-4.664845903495976721e-05
-1.705000000004312177e+00,2.819623518341298594e-08,-4.745462483415397760e-05
-1.702500000004304681e+00,2.901270175116501757e-08,-4.827472256833580469e-05
-1.700000000004297185e+00,2.985281037670885892e-08,-4.910899300518757648e-05
-1.697500000004290577e+00,3.071724552816570520e-08,-4.995768107358904928e-05
-1.695000000004283081e+00,3.160671196559610306e-08,-5.082103593498006903e-05
-1.692500000004276473e+00,3.252193425857048917e-08,-5.169931105704198872e-05
-1.690000000004268976e+00,3.346365821267922426e-08,-5.259276428743529488e-05
-1.687500000004262368e+00,3.443265133473595862e-08,-5.350165792994482703e-05
-1.685000000004254872e+00,3.542970303353683512e-08,-5.442625882171078490e-05
-1.682500000004247376e+00,3.645562611048361488e-08,-5.536683841096786058e-05
-1.680000000004239880e+00,3.751125628922734713e-08,-5.632367283730568955e-05
-1.677500000004233272e+00,3.859745401792143434e-08,-5.729704301215886124e-05
-1.675000000004225775e+00,3.971510424785485225e-08,-5.828723470171783108e-05
-1.672500000004218279e+00,4.086511776976185368e-08,-5.929453861098708101e-05
-1.670000000004211671e+00,4.204843176941877116e-08,-6.031925046854000192e-05
-1.667500000004204175e+00,4.326601053091981623e-08,-6.136167111353625528e-05
-1.665000000004197567e+00,4.451884614826679811e-08,-6.242210658485138422e-05
-1.662500000004190071e+00,4.580795973716164921e-08,-6.350086820910425857e-05
-1.660000000004183462e+00,4.713440149884389698e-08,-6.459827269424201824e-05
-1.657500000004175966e+00,4.849925252550578246e-08,-6.571464222088885644e-05
-1.655000000004169358e+00,4.990362494972691801e-08,-6.685030453768264075e-05
-1.652500000004160974e+00,5.134866310847117872e-08,-6.800559305731972148e-05
-1.650000000004154366e+00,5.283554496362896904e-08,-6.918084695448797308e-05
-1.647500000004146870e+00,5.436548158271162618e-08,-7.037641126522786522e-05
-1.645000000004139373e+00,5.593971992343671180e-08,-7.159263698850929078e-05
-1.642500000004132765e+00,5.755954285083864660e-08,-7.282988118929024078e-05
-1.640000000004125269e+00,5.922627024872540537e-08,-7.408850710298622952e-05
-1.637500000004118661e+00,6.094126050096906678e-08,-7.536888424243964608e-05
-1.635000000004111165e+00,6.270591088267794349e-08,-7.667138850630832636e-05
-1.632500000004104557e+00,6.452165962164628862e-08,-7.799640228957817215e-05
-1.630000000004097060e+00,6.638998617675186370e-08,-7.934431459552772012e-05
-1.627500000004090452e+00,6.831241309775038059e-08,-8.071552115002321697e-05
-1.625000000004082956e+00,7.029050692722655776e-08,-8.211042451791241185e-05
-1.622500000004076348e+00,7.232587944426193151e-08,-8.352943422104841954e-05
-1.620000000004067964e+00,7.442018948134411244e-08,-8.497296685828052980e-05
-1.617500000004061356e+00,7.657514367320321632e-08,-8.644144622828326817e-05
-1.615000000004053859e+00,7.879249789704395423e-08,-8.793530345357229228e-05
-1.612500000004046363e+00,8.107405909261687625e-08,-8.945497710743593816e-05
-1.610000000004039755e+00,8.342168649583531616e-08,-9.100091334207592304e-05
-1.607500000004032259e+00,8.583729319552706759e-08,-9.257356602016979024e-05
-1.605000000004025651e+00,8.832284765300872529e-08,-9.417339684800044627e-05
-1.602500000004018155e+00,9.088037505105141781e-08,-9.580087551071817453e-05
-1.600000000004011547e+00,9.351195984023927385e-08,-9.745647981085173194e-05
-1.597500000004004050e+00,9.621974631500451454e-08,-9.914069580764400835e-05
-1.595000000003997442e+00,9.900594109253750675e-08,-1.008540179605818950e-04
-1.592500000003989946e+00,1.018728143995778025e-07,-1.025969492744280032e-04
-1.590000000003982450e+00,1.048227026663088885e-07,-1.043700014462171612e-04
-1.587500000003974954e+00,1.078580095519724661e-07,-1.061736950165439520e-04
-1.585000000003967457e+00,1.109812084953630719e-07,-1.080085595215509988e-04
-1.582500000003960849e+00,1.141948448013820150e-07,-1.098751336487507316e-04
-1.580000000003953353e+00,1.175015368540846817e-07,-1.117739653948674426e-04
-1.577500000003946745e+00,1.209039792868369990e-07,-1.137056122274651861e-04
-1.575000000003939249e+00,1.244049449302573654e-07,-1.156706412477131682e-04
-1.572500000003932641e+00,1.280072866374028488e-07,-1.176696293574519645e-04
-1.570000000003925145e+00,1.317139397547690905e-07,-1.197031634280208608e-04
-1.567500000003918537e+00,1.355279249587883137e-07,-1.217718404734059295e-04
-1.565000000003911040e+00,1.394523499981678638e-07,-1.238762678247761959e-04
-1.562500000003904432e+00,1.434904129312563536e-07,-1.260170633091553050e-04
-1.560000000003896936e+00,1.476454045340935868e-07,-1.281948554304737024e-04
-1.557500000003888552e+00,1.519207104526905460e-07,-1.304102835542947294e-04
-1.555000000003881944e+00,1.563198144633056873e-07,-1.326639980956926699e-04
-1.552500000003874447e+00,1.608463016667737380e-07,-1.349566607100543354e-04
-1.550000000003867839e+00,1.655038603155208243e-07,-1.372889444872035390e-04
-1.547500000003860343e+00,1.702962859312193731e-07,-1.396615341490977454e-04
-1.545000000003853735e+00,1.752274837939013661e-07,-1.420751262509663574e-04
-1.542500000003846239e+00,1.803014723428246071e-07,-1.445304293856210264e-04
-1.540000000003839631e+00,1.855223861999772617e-07,-1.470281643918080572e-04
-1.537500000003832135e+00,1.908944799465214196e-07,-1.495690645651262529e-04
-1.535000000003825527e+00,1.964221310232779301e-07,-1.521538758743824944e-04
-1.532500000003818030e+00,2.021098439757791635e-07,-1.547833571794037823e-04
-1.530000000003810534e+00,2.079622537064096334e-07,-1.574582804548614514e-04
-1.527500000003803038e+00,2.139841291658251326e-07,-1.601794310165343522e-04
-1.525000000003795542e+00,2.201803776728317754e-07,-1.629476077513331836e-04
-1.522500000003788934e+00,2.265560482328670615e-07,-1.657636233529444626e-04
-1.520000000003781437e+00,2.331163363171959806e-07,-1.686283045590740177e-04
-1.517500000003774829e+00,2.398665879950556048e-07,-1.715424923955421782e-04
-1.515000000003767333e+00,2.468123038451420131e-07,-1.745070424222081766e-04
-1.512500000003760725e+00,2.539591438772565589e-07,-1.775228249845550612e-04
-1.510000000003753229e+00,2.613129319322345553e-07,-1.805907254691151240e-04
-1.507500000003746621e+00,2.688796605899512418e-07,-1.837116445633530531e-04
-1.505000000003739125e+00,2.766654957711460133e-07,-1.868864985203831631e-04
-1.502500000003731628e+00,2.846767821391623305e-07,-1.901162194277251157e-04
-1.500000000003725020e+00,2.929200479802526648e-07,-1.934017554805835286e-04
-1.497500000003717524e+00,3.014020105451846810e-07,-1.967440712612055669e-04
-1.495000000003710028e+00,3.101295817448157645e-07,-2.001441480208792181e-04
-1.492500000003702532e+00,3.191098736029795338e-07,-2.036029839692429376e-04
-1.490000000003695924e+00,3.283502038854623496e-07,-2.071215945660317688e-04
-1.487500000003688427e+00,3.378581025579816103e-07,-2.107010128205010499e-04
-1.485000000003681819e+00,3.476413175787222590e-07,-2.143422895937706915e-04
-1.482500000003674323e+00,3.577078208254549664e-07,-2.180464939075486277e-04
-1.480000000003667715e+00,3.680658157021481195e-07,-2.218147132583357228e-04
-1.477500000003660219e+00,3.787237426285785055e-07,-2.256480539363412926e-04
-1.475000000003652723e+00,3.896902867440362515e-07,-2.295476413502821572e-04
-1.472500000003646115e+00,4.009743843702874320e-07,-2.335146203582228407e-04
-1.470000000003638618e+00,4.125852309565659264e-07,-2.375501556028010441e-04
-1.467500000003632010e+00,4.245322878754953072e-07,-2.416554318541102144e-04
-1.465000000003623626e+00,4.368252907035976474e-07,-2.458316543569748669e-04
-1.462500000003617018e+00,4.494742569436663776e-07,-2.500800491850472748e-04
-1.460000000003609522e+00,4.624894938671334309e-07,-2.544018636003613811e-04
-1.457500000003602914e+00,4.758816074478837616e-07,-2.587983664202105506e-04
-1.455000000003595417e+00,4.896615109153966358e-07,-2.632708483886191412e-04
-1.452500000003588809e+00,5.038404333365380215e-07,-2.678206225566312948e-04
-1.450000000003581313e+00,5.184299287824885281e-07,-2.724490246666471630e-04
-1.447500000003573817e+00,5.334418860804141878e-07,-2.771574135447395118e-04
-1.445000000003567209e+00,5.488885382846674224e-07,-2.819471715006758054e-04
-1.442500000003559713e+00,5.647824727823854069e-07,-2.868197047321127333e-04
-1.440000000003553104e+00,5.811366412063778496e-07,-2.917764437384914194e-04
-1.437500000003545608e+00,5.979643704483014640e-07,-2.968188437409504960e-04
-1.435000000003539000e+00,6.152793730355180931e-07,-3.019483851090865099e-04
-1.432500000003530616e+00,6.330957590107768987e-07,-3.071665737959887975e-04
-1.430000000003524008e+00,6.514280465605149569e-07,-3.124749417800316495e-04
-1.427500000003516512e+00,6.702911744083803381e-07,-3.178750475149816021e-04
-1.425000000003509903e+00,6.897005138402594331e-07,-3.233684763876121227e-04
-1.422500000003502407e+00,7.096718814501164006e-07,-3.289568411822871687e-04
-1.420000000003494911e+00,7.302215515461323789e-07,-3.346417825556658268e-04
-1.417500000003488303e+00,7.513662698350392281e-07,-3.404249695171854251e-04
-1.415000000003480807e+00,7.731232667050210635e-07,-3.463080999205417083e-04
-1.412500000003474199e+00,7.955102718854031540e-07,-3.522929009603205982e-04
-1.410000000003466702e+00,8.185455280382668952e-07,-3.583811296804986085e-04
-1.407500000003460094e+00,8.422478065421345938e-07,-3.645745734897786654e-04
-1.405000000003452598e+00,8.666364219261820061e-07,-3.708750506861415927e-04
-1.402500000003445102e+00,8.917312480877922444e-07,-3.772844109913095359e-04
-1.400000000003437606e+00,9.175527346658840181e-07,-3.838045360928087220e-04
-1.397500000003430998e+00,9.441219231041202550e-07,-3.904373401976614800e-04
-1.395000000003423501e+00,9.714604644285509006e-07,-3.971847705930807979e-04
-1.392500000003416893e+00,9.995906362855755140e-07,-4.040488082190254559e-04
-1.390000000003409397e+00,1.028535361747894548e-06,-4.110314682496485979e-04
-1.387500000003401901e+00,1.058318227541953746e-06,-4.181348006842008176e-04
-1.385000000003395293e+00,1.088963503155128717e-06,-4.253608909502991668e-04
-1.382500000003387797e+00,1.120496161104058479e-06,-4.327118605148253146e-04
-1.380000000003381189e+00,1.152941897011998485e-06,-4.401898675071376954e-04
-1.377500000003373692e+00,1.186327150401034943e-06,-4.477971073533465853e-04
-1.375000000003367084e+00,1.220679126473619851e-06,-4.555358134196460605e-04
-1.372500000003359588e+00,1.256025818351062733e-06,-4.634082576693841532e-04
-1.370000000003352092e+00,1.292396029596084190e-06,-4.714167513285632215e-04
-1.367500000003344596e+00,1.329819397549124169e-06,-4.795636455656962396e-04
-1.365000000003337988e+00,1.368326418320930620e-06,-4.878513321813703302e-04
-1.362500000003330491e+00,1.407948470698398319e-06,-4.962822443106624289e-04
-1.360000000003322995e+00,1.448717842219253127e-06,-5.048588571374854018e-04
-1.357500000003316387e+00,1.490667755218314274e-06,-5.135836886207690959e-04
-1.355000000003308891e+00,1.533832394168672443e-06,-5.224593002348032391e-04
-1.352500000003302283e+00,1.578246933525001059e-06,-5.314882977199787608e-04
-1.350000000003294787e+00,1.623947565884585188e-06,-5.406733318486196338e-04
-1.347500000003288179e+00,1.670971532244347233e-06,-5.500170992031278927e-04
-1.345000000003280682e+00,1.719357151811377837e-06,-5.595223429670598226e-04
-1.342500000003274074e+00,1.769143853494919735e-06,-5.691918537315056618e-04
-1.340000000003265690e+00,1.820372207697093981e-06,-5.790284703132364758e-04
-1.337500000003259082e+00,1.873083959783690397e-06,-5.890350805887476036e-04
-1.335000000003251586e+00,1.927322063860885160e-06,-5.992146223424429192e-04
-1.332500000003244089e+00,1.983130717960614617e-06,-6.095700841283710784e-04
-1.330000000003237481e+00,2.040555399701495417e-06,-6.201045061476656746e-04
-1.327500000003229985e+00,2.099642903869350223e-06,-6.308209811420772322e-04
-1.325000000003223377e+00,2.160441379967675388e-06,-6.417226553007907962e-04
-1.322500000003215881e+00,2.223000372050816273e-06,-6.528127291847241141e-04
-1.320000000003209273e+00,2.287370858503453371e-06,-6.640944586656810124e-04
-1.317500000003201777e+00,2.353605294081237387e-06,-6.755711558830876070e-04
-1.315000000003195169e+00,2.421757652229132955e-06,-6.872461902156455074e-04
-1.312500000003187672e+00,2.491883469635758665e-06,-6.991229892703732397e-04
-1.310000000003181064e+00,2.564039890775597577e-06,-7.112050398897450630e-04
-1.307500000003172680e+00,2.638285715026225162e-06,-7.234958891746075304e-04
-1.305000000003165184e+00,2.714681444449383222e-06,-7.359991455257675281e-04
-1.302500000003158576e+00,2.793289332811738202e-06,-7.487184797037685661e-04
-1.300000000003151079e+00,2.874173436783161724e-06,-7.616576259057988721e-04
-1.297500000003144471e+00,2.957399667653925538e-06,-7.748203828628232167e-04
-1.295000000003136975e+00,3.043035845492107752e-06,-7.882106149539697083e-04
-1.292500000003130367e+00,3.131151754093783368e-06,-8.018322533419380751e-04
-1.290000000003122871e+00,3.221819197985997469e-06,-8.156892971263430365e-04
-1.287500000003116263e+00,3.315112060970830146e-06,-8.297858145185746425e-04
-1.285000000003108767e+00,3.411106366058418436e-06,-8.441259440351720151e-04
-1.282500000003102159e+00,3.509880337889789673e-06,-8.587138957137950080e-04
-1.280000000003094662e+00,3.611514466021545367e-06,-8.735539523487108543e-04
-1.277500000003086278e+00,3.716091570870458917e-06,-8.886504707481941668e-04
-1.275000000003079670e+00,3.823696870988581677e-06,-9.040078830136207390e-04
-1.272500000003072174e+00,3.934418052370864717e-06,-9.196306978407663493e-04
-1.270000000003065566e+00,4.048345340596031244e-06,-9.355235018436944836e-04
-1.267500000003058069e+00,4.165571573180577775e-06,-9.516909609006608426e-04
-1.265000000003051461e+00,4.286192276577541870e-06,-9.681378215246021343e-04
-1.262500000003043965e+00,4.410305742871024960e-06,-9.848689122562929305e-04
-1.260000000003037357e+00,4.538013110601727886e-06,-1.001889145082098627e-03
-1.257500000003029861e+00,4.669418446937566290e-06,-1.019203516875974739e-03
-1.255000000003023253e+00,4.804628832190448690e-06,-1.036817110866210950e-03
-1.252500000003015757e+00,4.943754447680222970e-06,-1.054735098128413602e-03
-1.250000000003008260e+00,5.086908665119194412e-06,-1.072962739103047866e-03
-1.247500000003001652e+00,5.234208139043203539e-06,-1.091505385140236969e-03
-1.245000000002993268e+00,5.385772901847491212e-06,-1.110368480070432441e-03
-1.242500000002986660e+00,5.541726461618576283e-06,-1.129557561803079752e-03
-1.240000000002979164e+00,5.702195903077467384e-06,-1.149078263952179116e-03
-1.237500000002972556e+00,5.867311990638337800e-06,-1.168936317490248912e-03
-1.235000000002965059e+00,6.037209275332653831e-06,-1.189137552430994012e-03
-1.232500000002958451e+00,6.212026204086355605e-06,-1.209687899540429429e-03
-1.230000000002950955e+00,6.391905233163455739e-06,-1.230593392079250455e-03
-1.227500000002944347e+00,6.576992943652957591e-06,-1.251860167572339290e-03
-1.225000000002936851e+00,6.767440160992392893e-06,-1.273494469612093585e-03
-1.222500000002929355e+00,6.963402078328614291e-06,-1.295502649691333960e-03
-1.220000000002922746e+00,7.165038382460016508e-06,-1.317891169066658097e-03
-1.217500000002915250e+00,7.372513384143669903e-06,-1.340666600657017520e-03
-1.215000000002907754e+00,7.585996152185334513e-06,-1.363835630972698660e-03
-1.212500000002900258e+00,7.805660651013835604e-06,-1.387405062077975331e-03
-1.210000000002893650e+00,8.031685882183879776e-06,-1.411381813589323913e-03
-1.207500000002886154e+00,8.264256030945131822e-06,-1.435772924705188162e-03
-1.205000000002879545e+00,8.503560615619783490e-06,-1.460585556274095718e-03
-1.202500000002872049e+00,8.749794642471462249e-06,-1.485826992896140944e-03
-1.200000000002865441e+00,9.003158764469354895e-06,-1.511504645062109950e-03
-1.197500000002857945e+00,9.263859444681474633e-06,-1.537626051328548670e-03
-1.195000000002850449e+00,9.532109124881131350e-06,-1.564198880531416811e-03
-1.192500000002843841e+00,9.808126398130804331e-06,-1.591230934037482459e-03
-1.190000000002836344e+00,1.009213618742045740e-05,-1.618730148034375638e-03
-1.187500000002829736e+00,1.038436992874862150e-05,-1.646704595860648936e-03
-1.185000000002822240e+00,1.068506575951817195e-05,-1.675162490376446269e-03
-1.182500000002814744e+00,1.099446871294469960e-05,-1.704112186374019547e-03
-1.180000000002807248e+00,1.131283091748263064e-05,-1.733562183030940354e-03
-1.177500000002800640e+00,1.164041180247903420e-05,-1.763521126404965370e-03
-1.175000000002793143e+00,1.197747830932504643e-05,-1.793997811973196879e-03
-1.172500000002786535e+00,1.232430510918186613e-05,-1.825001187213045120e-03
-1.170000000002779039e+00,1.268117482672008958e-05,-1.856540354230255862e-03
-1.167500000002772431e+00,1.304837827057479871e-05,-1.888624572430706123e-03
-1.165000000002764935e+00,1.342621466998103191e-05,-1.921263261238073585e-03
-1.162500000002757439e+00,1.381499191903663914e-05,-1.954466002860922192e-03
-1.160000000002750831e+00,1.421502682743419530e-05,-1.988242545104148325e-03
-1.157500000002743334e+00,1.462664537827113941e-05,-2.022602804231717327e-03
-1.155000000002736726e+00,1.505018299424698661e-05,-2.057556867877975530e-03
-1.152500000002728342e+00,1.548598481088305832e-05,-2.093114998008663210e-03
-1.150000000002721734e+00,1.593440595727029221e-05,-2.129287633934021269e-03
-1.147500000002714238e+00,1.639581184611832435e-05,-2.166085395373849865e-03
-1.145000000002707630e+00,1.687057847109835686e-05,-2.203519085574613505e-03
-1.142500000002700133e+00,1.735909271364144247e-05,-2.241599694482006994e-03
-1.140000000002693525e+00,1.786175265744829592e-05,-2.280338401966410487e-03
-1.137500000002686029e+00,1.837896791378829258e-05,-2.319746581105867553e-03
-1.135000000002678533e+00,1.891115995468986650e-05,-2.359835801524888359e-03
-1.132500000002671925e+00,1.945876245658186178e-05,-2.400617832791092886e-03
-1.130000000002664429e+00,2.002222165371763342e-05,-2.442104647870158626e-03
-1.127500000002657821e+00,2.060199670174455642e-05,-2.484308426641567303e-03
-1.125000000002650324e+00,2.119856005189509087e-05,-2.527241559474196521e-03
-1.122500000002643716e+00,2.181239783599356333e-05,-2.570916650863635904e-03
-1.120000000002635332e+00,2.244401026247947562e-05,-2.615346523132775977e-03
-1.117500000002628724e+00,2.309391202434532144e-05,-2.660544220196767434e-03
-1.115000000002621228e+00,2.376263271798722296e-05,-2.706523011391894981e-03
-1.112500000002614620e+00,2.445071727545233554e-05,-2.753296395371266671e-03
-1.110000000002607123e+00,2.515872640795350495e-05,-2.800878104068294048e-03
-1.107500000002599627e+00,2.588723706287397798e-05,-2.849282106727659986e-03
-1.105000000002593019e+00,2.663684289440941468e-05,-2.898522614006806934e-03
-1.102500000002585523e+00,2.740815474659885184e-05,-2.948614082147790749e-03
-1.100000000002578915e+00,2.820180115157570666e-05,-2.999571217221341096e-03
-1.097500000002571419e+00,2.901842884151395140e-05,-3.051408979444773361e-03
-1.095000000002564811e+00,2.985870327596148511e-05,-3.104142587573305821e-03
-1.092500000002557314e+00,3.072330918355804585e-05,-3.157787523368885563e-03
-1.090000000002549818e+00,3.161295112070986878e-05,-3.212359536144803601e-03
-1.087500000002542322e+00,3.252835404510175257e-05,-3.267874647389543922e-03
-1.085000000002535714e+00,3.347026390682387390e-05,-3.324349155470763748e-03
-1.082500000002528218e+00,3.443944825610326333e-05,-3.381799640419898105e-03
-1.080000000002520721e+00,3.543669686879035878e-05,-3.440242968799854615e-03
-1.077500000002514113e+00,3.646282238990150300e-05,-3.499696298656879666e-03
-1.075000000002506617e+00,3.751866099604536284e-05,-3.560177084557954261e-03
-1.072500000002500009e+00,3.860507307651740591e-05,-3.621703082714932114e-03
-1.070000000002492513e+00,3.972294393439264207e-05,-3.684292356197538948e-03
-1.067500000002485905e+00,4.087318450838890710e-05,-3.747963280236778650e-03
-1.065000000002478409e+00,4.205673211472444722e-05,-3.812734547619123140e-03
-1.062500000002471801e+00,4.327455121110933500e-05,-3.878625174174588942e-03
-1.060000000002464304e+00,4.452763418260572434e-05,-3.945654504359532265e-03
-1.057500000002456808e+00,4.581700215054916006e-05,-4.013842216936000518e-03
-1.055000000002449312e+00,4.714370580423893960e-05,-4.083208330748913997e-03
-1.052500000002441816e+00,4.850882625743977729e-05,-4.153773210603338081e-03
-1.050000000002435208e+00,4.991347592920627725e-05,-4.225557573243215494e-03
-1.047500000002427711e+00,5.135879945045090591e-05,-4.298582493433612123e-03
-1.045000000002421103e+00,5.284597459680800757e-05,-4.372869410147813864e-03
-1.042500000002413607e+00,5.437621324811655531e-05,-4.448440132861660595e-03
-1.040000000002406999e+00,5.595076237630982561e-05,-4.525316847956191088e-03
-1.037500000002399503e+00,5.757090506096183027e-05,-4.603522125231513176e-03
-1.035000000002392895e+00,5.923796153573671546e-05,-4.683078924532565329e-03
-1.032500000002385399e+00,6.095329026349054772e-05,-4.764010602490177486e-03
-1.030000000002378790e+00,6.271828904337879555e-05,-4.846340919377987999e-03
-1.027500000002370406e+00,6.453439615036345146e-05,-4.930094046088225566e-03
-1.025000000002362910e+00,6.640309150676828925e-05,-5.015294571227517546e-03
-1.022500000002356302e+00,6.832589788821570370e-05,-5.101967508336316404e-03
-1.020000000002348806e+00,7.030438216517835147e-05,-5.190138303231885304e-03
-1.017500000002342198e+00,7.234015657872288978e-05,-5.279832841479434671e-03
-1.015000000002334701e+00,7.443488005553041591e-05,-5.371077455991114802e-03
-1.012500000002328093e+00,7.659025955867503283e-05,-5.463898934757265534e-03
-1.010000000002320597e+00,7.880805147915813011e-05,-5.558324528710994160e-03
-1.007500000002313989e+00,8.109006306719580490e-05,-5.654381959728223966e-03
-1.005000000002306493e+00,8.343815390463848731e-05,-5.752099428767076632e-03
-1.002500000002299885e+00,8.585423742049058389e-05,-5.851505624146442763e-03
-1.000000000002292389e+00,8.834028245012936380e-05,-5.952629729969265669e-03
-9.975000000022848923e-01,9.089831483969889052e-05,-6.055501434689690085e-03
-9.950000000022773960e-01,9.353041909680217798e-05,-6.160150939829839474e-03
-9.925000000022698998e-01,9.623874008947579692e-05,-6.266608968845941742e-03
-9.900000000022632918e-01,9.902548479360076593e-05,-6.374906776148829730e-03
-9.875000000022557956e-01,1.018929240915197149e-04,-6.485076156279212002e-03
-9.850000000022491875e-01,1.048433946228178204e-04,-6.597149453242283183e-03
-9.825000000022416913e-01,1.078793006877892580e-04,-6.711159570003670527e-03
-9.800000000022350832e-01,1.110031162074220701e-04,-6.827139978148454025e-03
-9.775000000022275870e-01,1.142173867386050019e-04,-6.945124727709126033e-03
-9.750000000022209790e-01,1.175247315492049564e-04,-7.065148457160675896e-03
-9.725000000022134827e-01,1.209278457518803975e-04,-7.187246403591314448e-03
-9.700000000022059865e-01,1.244295025006766052e-04,-7.311454413046513875e-03
-9.675000000021993785e-01,1.280325552506128323e-04,-7.437808951053339994e-03
-9.650000000021909941e-01,1.317399400830729036e-04,-7.566347113326015415e-03
-9.625000000021843860e-01,1.355546780981842084e-04,-7.697106636656657515e-03
-9.600000000021768898e-01,1.394798778769401387e-04,-7.830125909994163635e-03
-9.575000000021702817e-01,1.435187380141218782e-04,-7.965443985714798850e-03
-9.550000000021627855e-01,1.476745497249795766e-04,-8.103100591087035454e-03
-9.525000000021561775e-01,1.519506995269905394e-04,-8.243136139935190038e-03
-9.500000000021486812e-01,1.563506719996644704e-04,-8.385591744504110670e-03
-9.475000000021420732e-01,1.608780526238920471e-04,-8.530509227529082736e-03
-9.450000000021345770e-01,1.655365307039086706e-04,-8.677931134514380376e-03
-9.425000000021279689e-01,1.703299023736743064e-04,-8.827900746223830628e-03
-9.400000000021204727e-01,1.752620736900607301e-04,-8.980462091387805129e-03
-9.375000000021129765e-01,1.803370638160004761e-04,-9.135659959628629131e-03
-9.350000000021063684e-01,1.855590082957307642e-04,-9.293539914610779440e-03
-9.325000000020979840e-01,1.909321624245513419e-04,-9.454148307417500202e-03
-9.300000000020913760e-01,1.964609047167650726e-04,-9.617532290158355493e-03
-9.275000000020838797e-01,2.021497404733174738e-04,-9.783739829812803171e-03
-9.250000000020772717e-01,2.080033054533218773e-04,-9.952819722312562095e-03
-9.225000000020697755e-01,2.140263696514735207e-04,-1.012482160686699502e-02
-9.200000000020631674e-01,2.202238411854226367e-04,-1.029979598053663847e-02
-9.175000000020556712e-01,2.266007702949454563e-04,-1.047779421305839245e-02
-9.150000000020490631e-01,2.331623534576819342e-04,-1.065886856192638059e-02
-9.125000000020415669e-01,2.399139376231902894e-04,-1.084307218773504847e-02
-9.100000000020340707e-01,2.468610245706175338e-04,-1.103045916978493204e-02
-9.075000000020274626e-01,2.540092753918341472e-04,-1.122108452196023988e-02
-9.050000000020199664e-01,2.613645151043704398e-04,-1.141500420888025627e-02
-9.025000000020124702e-01,2.689327373985757330e-04,-1.161227516232902005e-02
-9.000000000020049740e-01,2.767201095213846305e-04,-1.181295529797017976e-02
-8.975000000019983659e-01,2.847329773022448792e-04,-1.201710353234970025e-02
-8.950000000019908697e-01,2.929778703239870161e-04,-1.222477980019335414e-02
-8.925000000019842616e-01,3.014615072439215003e-04,-1.243604507200185907e-02
-8.900000000019767654e-01,3.101908012686078434e-04,-1.265096137195186737e-02
-8.875000000019701574e-01,3.191728657875170911e-04,-1.286959179610422388e-02
-8.850000000019626611e-01,3.284150201694001456e-04,-1.309200053092873794e-02
-8.825000000019551649e-01,3.379247957271827932e-04,-1.331825287214811158e-02
-8.800000000019485569e-01,3.477099418544325814e-04,-1.354841524390754635e-02
-8.775000000019410606e-01,3.577784323409875572e-04,-1.378255521827624619e-02
-8.750000000019344526e-01,3.681384718702917602e-04,-1.402074153508494313e-02
-8.725000000019269564e-01,3.787985027052110233e-04,-1.426304412210750890e-02
-8.700000000019194601e-01,3.897672115677443456e-04,-1.450953411559009580e-02
-8.675000000019119639e-01,4.010535367177601985e-04,-1.476028388113577970e-02
-8.650000000019053559e-01,4.126666752363532232e-04,-1.501536703495013475e-02
-8.625000000018978596e-01,4.246160905207855304e-04,-1.527485846545383573e-02
-8.600000000018912516e-01,4.369115199958827837e-04,-1.553883435526822766e-02
-8.575000000018837554e-01,4.495629830488960597e-04,-1.580737220358206449e-02
-8.550000000018762591e-01,4.625807891944690858e-04,-1.608055084890351941e-02
-8.525000000018696511e-01,4.759755464753481096e-04,-1.635845049220592540e-02
-8.500000000018621549e-01,4.897581701069594114e-04,-1.664115272047423516e-02
-8.475000000018555468e-01,5.039398913719124939e-04,-1.692874053065641926e-02
-8.450000000018480506e-01,5.185322667725890877e-04,-1.722129835403181722e-02
-8.425000000018414426e-01,5.335471874480062198e-04,-1.751891208099658898e-02
-8.400000000018330581e-01,5.489968888638029282e-04,-1.782166908628238233e-02
-8.375000000018264501e-01,5.648939607830319237e-04,-1.812965825460560038e-02
-8.350000000018189539e-01,5.812513575250921822e-04,-1.844297000676457451e-02
-8.325000000018123458e-01,5.980824085221707331e-04,-1.876169632618456679e-02
-8.300000000018048496e-01,6.154008291813222332e-04,-1.908593078592344533e-02
-8.275000000017973534e-01,6.332207320607318975e-04,-1.941576857614235249e-02
-8.250000000017907453e-01,6.515566383700268369e-04,-1.975130653205263084e-02
-8.225000000017832491e-01,6.704234898034918885e-04,-2.009264316234536316e-02
-8.200000000017766411e-01,6.898366607155782641e-04,-2.043987867811137421e-02
-8.175000000017691448e-01,7.098119706497031623e-04,-2.079311502226196748e-02
-8.150000000017625368e-01,7.303656972289298286e-04,-2.115245589945763394e-02
-8.125000000017550406e-01,7.515145894206705845e-04,-2.151800680655444400e-02
-8.100000000017484325e-01,7.732758811851760681e-04,-2.188987506357547089e-02
-8.075000000017400481e-01,7.956673055191402708e-04,-2.226816984521981860e-02
-8.050000000017334401e-01,8.187071089063707990e-04,-2.265300221291238064e-02
-8.025000000017259438e-01,8.424140661861951847e-04,-2.304448514741208251e-02
-8.000000000017184476e-01,8.668074958533063690e-04,-2.344273358197945453e-02
-7.975000000017118396e-01,8.919072757995860200e-04,-2.384786443611993170e-02
-7.950000000017043433e-01,9.177338595130498213e-04,-2.425999664991021834e-02
-7.925000000016977353e-01,9.443082927444912313e-04,-2.467925121891569040e-02
-7.900000000016902391e-01,9.716522306577868567e-04,-2.510575122971459017e-02
-7.875000000016836310e-01,9.997879554761832273e-04,-2.553962189603278463e-02
-7.850000000016761348e-01,1.028738394639986667e-03,-2.598099059550570966e-02
-7.825000000016695267e-01,1.058527139489734079e-03,-2.642998690707350912e-02
-7.800000000016620305e-01,1.089178464490378560e-03,-2.688674264902413125e-02
-7.775000000016545343e-01,1.120717347012463493e-03,-2.735139191769272657e-02
-7.750000000016470381e-01,1.153169487685739561e-03,-2.782407112683022571e-02
-7.725000000016395418e-01,1.186561331342107220e-03,-2.830491904765234518e-02
-7.700000000016329338e-01,1.220920088565574917e-03,-2.879407684958072700e-02
-7.675000000016254376e-01,1.256273757865462035e-03,-2.929168814168831708e-02
-7.650000000016188295e-01,1.292651148492095703e-03,-2.979789901485972725e-02
-7.625000000016113333e-01,1.330081903913305635e-03,-3.031285808468275195e-02
-7.600000000016047252e-01,1.368596525970112868e-03,-3.083671653507818675e-02
-7.575000000015972290e-01,1.408226399732711394e-03,-3.136962816268600018e-02
-7.550000000015906210e-01,1.449003819075529546e-03,-3.191174942201684128e-02
-7.525000000015831247e-01,1.490962012993105913e-03,-3.246323947138552574e-02
-7.500000000015765167e-01,1.534135172677880731e-03,-3.302426021963651703e-02
-7.475000000015690205e-01,1.578558479382499279e-03,-3.359497637367871853e-02
-7.450000000015606361e-01,1.624268133088170802e-03,-3.417555548684027972e-02
-7.425000000015540280e-01,1.671301382003723612e-03,-3.476616800805892860e-02
-7.400000000015465318e-01,1.719696552918813324e-03,-3.536698733192519817e-02
-7.375000000015399237e-01,1.769493082435710189e-03,-3.597818984958612437e-02
-7.350000000015324275e-01,1.820731549105807394e-03,-3.659995500053260520e-02
-7.325000000015258195e-01,1.873453706496610530e-03,-3.723246532527844932e-02
-7.300000000015183232e-01,1.927702517215998000e-03,-3.787590651895342275e-02
-7.275000000015117152e-01,1.983522187922073018e-03,-3.853046748581800268e-02
-7.250000000015042190e-01,2.040958205346558602e-03,-3.919634039472518622e-02
-7.225000000014976109e-01,2.100057373361309977e-03,-3.987372073553596685e-02
-7.200000000014901147e-01,2.160867851118110795e-03,-4.056280737651414559e-02
-7.175000000014835067e-01,2.223439192293192451e-03,-4.126380262270917115e-02
-7.150000000014751222e-01,2.287822385467692607e-03,-4.197691227535165631e-02
-7.125000000014676260e-01,2.354069895677508156e-03,-4.270234569227084054e-02
-7.100000000014610180e-01,2.422235707166782177e-03,-4.344031584936084572e-02
-7.075000000014535217e-01,2.492375367378369278e-03,-4.419103940310716017e-02
-7.050000000014469137e-01,2.564546032219346128e-03,-4.495473675419165566e-02
-7.025000000014394175e-01,2.638806512636115899e-03,-4.573163211220115237e-02
-7.000000000014328094e-01,2.715217322539064705e-03,-4.652195356144966237e-02
-6.975000000014253132e-01,2.793840728114376643e-03,-4.732593312794228235e-02
-6.950000000014187052e-01,2.874740798563918745e-03,-4.814380684749256650e-02
-6.925000000014112089e-01,2.957983458314675240e-03,-4.897581483502098931e-02
-6.900000000014046009e-01,3.043636540739242616e-03,-4.982220135504664138e-02
-6.875000000013971047e-01,3.131769843432897268e-03,-5.068321489340182201e-02
-6.850000000013896084e-01,3.222455185090407348e-03,-5.155910823018149125e-02
-6.825000000013821122e-01,3.315766464030210029e-03,-5.245013851395700921e-02
-6.800000000013746160e-01,3.411779718413365022e-03,-5.335656733727012907e-02
-6.775000000013680079e-01,3.510573188205878305e-03,-5.427866081343239030e-02
-6.750000000013605117e-01,3.612227378935612462e-03,-5.521668965465337947e-02
-6.725000000013539037e-01,3.716825127295124518e-03,-5.617092925151491445e-02
-6.700000000013464074e-01,3.824451668644121387e-03,-5.714165975382427126e-02
-6.675000000013397994e-01,3.935194706466885357e-03,-5.812916615285912414e-02
-6.650000000013323032e-01,4.049144483840548536e-03,-5.913373836503894865e-02
-6.625000000013256951e-01,4.166393856972927523e-03,-6.015567131703752901e-02
-6.600000000013181989e-01,4.287038370870234656e-03,-6.119526503237159021e-02
-6.575000000013107027e-01,4.411176337195041146e-03,-6.225282471948019591e-02
-6.550000000013040946e-01,4.538908914379359040e-03,-6.332866086133052963e-02
-6.525000000012957102e-01,4.670340190057562825e-03,-6.442308930657228427e-02
-6.500000000012891022e-01,4.805577265885453524e-03,-6.553643136226182386e-02
-6.475000000012816059e-01,4.944730344816871716e-03,-6.666901388819777841e-02
-6.450000000012749979e-01,5.087912820905927426e-03,-6.782116939287805013e-02
-6.425000000012675017e-01,5.235241371710782667e-03,-6.899323613112209874e-02
-6.400000000012608936e-01,5.386836053372452172e-03,-7.018555820337421536e-02
-6.375000000012533974e-01,5.542820398447266018e-03,-7.139848565672921032e-02
-6.350000000012467893e-01,5.703321516571625664e-03,-7.263237458769784827e-02
-6.325000000012392931e-01,5.868470198042353113e-03,-7.388758724675385803e-02
-6.300000000012317969e-01,6.038401020395813175e-03,-7.516449214468262641e-02
-6.275000000012251888e-01,6.213252458073313493e-03,-7.646346416077129393e-02
-6.250000000012176926e-01,6.393166995262619320e-03,-7.778488465286859110e-02
-6.225000000012110846e-01,6.578291242005788672e-03,-7.912914156934283683e-02
-6.200000000012027002e-01,6.768776053670628491e-03,-8.049662956298106464e-02
-6.175000000011960921e-01,6.964776653879802513e-03,-8.188775010684762323e-02
-6.150000000011885959e-01,7.166452761001681181e-03,-8.330291161215706841e-02
-6.125000000011819878e-01,7.373968718301737377e-03,-8.474252954817150518e-02
-6.100000000011744916e-01,7.587493627864618645e-03,-8.620702656417994492e-02
-6.075000000011678836e-01,7.807201488392594320e-03,-8.769683261357792692e-02
-6.050000000011603873e-01,8.033271336995410558e-03,-8.921238508009916857e-02
-6.025000000011528911e-01,8.265887395084825506e-03,-9.075412890622062967e-02
-6.000000000011462831e-01,8.505239218494576106e-03,-9.232251672379225560e-02
-5.975000000011387868e-01,8.751521851947096156e-03,-9.391800898692477528e-02
-5.950000000011321788e-01,9.004935987992464252e-03,-9.554107410716736193e-02
-5.925000000011246826e-01,9.265688130550840326e-03,-9.719218859103048724e-02
-5.900000000011171863e-01,9.533990763189280002e-03,-9.887183717987743647e-02
-5.875000000011096901e-01,9.810062522272134863e-03,-1.005805129922379276e-01
-5.850000000011030821e-01,1.009412837512489378e-02,-1.023187176685799726e-01
-5.825000000010955858e-01,1.038641980335745438e-02,-1.040869615185852221e-01
-5.800000000010889778e-01,1.068717499149502911e-02,-1.058857636709643196e-01
-5.775000000010814816e-01,1.099663902107221591e-02,-1.077156522258694016e-01
-5.750000000010739853e-01,1.131506407034622852e-02,-1.095771644099318570e-01
-5.725000000010673773e-01,1.164270961979392734e-02,-1.114708467339854542e-01
-5.700000000010598811e-01,1.197984266355952253e-02,-1.133972551535152862e-01
-5.675000000010532730e-01,1.232673792702389942e-02,-1.153569552318733510e-01
-5.650000000010457768e-01,1.268367809067561143e-02,-1.173505223063240760e-01
-5.625000000010391688e-01,1.305095402046273570e-02,-1.193785416569488333e-01
-5.600000000010316725e-01,1.342886500481671290e-02,-1.214416086784808890e-01
-5.575000000010241763e-01,1.381771899853776256e-02,-1.235403290550990130e-01
-5.550000000010166801e-01,1.421783287374388249e-02,-1.256753189382490976e-01
-5.525000000010100720e-01,1.462953267808542526e-02,-1.278472051275359178e-01
-5.500000000010025758e-01,1.505315390043783161e-02,-1.300566252547445123e-01
-5.475000000009950796e-01,1.548904174428639320e-02,-1.323042279710339719e-01
-5.450000000009884715e-01,1.593755140902840262e-02,-1.345906731373736342e-01
-5.425000000009809753e-01,1.639904837942108423e-02,-1.369166320182706453e-01
-5.400000000009743673e-01,1.687390872340941220e-02,-1.392827874788369891e-01
-5.375000000009668710e-01,1.736251939858033527e-02,-1.416898341852743382e-01
-5.350000000009602630e-01,1.786527856748800630e-02,-1.441384788088106439e-01
-5.325000000009527668e-01,1.838259592211290844e-02,-1.466294402331744795e-01
-5.300000000009461587e-01,1.891489301771316633e-02,-1.491634497656410541e-01
-5.275000000009377743e-01,1.946260361634589986e-02,-1.517412513517409356e-01
-5.250000000009311663e-01,2.002617404033253320e-02,-1.543636017936593496e-01
-5.225000000009236700e-01,2.060606353596325380e-02,-1.570312709724349665e-01
-5.200000000009170620e-01,2.120274464772901185e-02,-1.597450420739729426e-01
-5.175000000009095658e-01,2.181670360339353978e-02,-1.625057118189856264e-01
-5.150000000009020695e-01,2.244844071021272203e-02,-1.653140906968897095e-01
-5.125000000008954615e-01,2.309847076262911206e-02,-1.681710032037558589e-01
-5.100000000008879653e-01,2.376732346177204067e-02,-1.710772880843724197e-01
-5.075000000008813572e-01,2.445554384710254409e-02,-1.740337985784788932e-01
-5.050000000008738610e-01,2.516369274056120056e-02,-1.770414026712729127e-01
-5.025000000008672529e-01,2.589234720357233566e-02,-1.801009833482285216e-01
-5.000000000008597567e-01,2.664210100728616609e-02,-1.832134388543359693e-01
-4.975000000008531487e-01,2.741356511643339502e-02,-1.863796829578025505e-01
-4.950000000008447643e-01,2.820736818719464870e-02,-1.896006452183312263e-01
-4.925000000008381562e-01,2.902415707948096876e-02,-1.928772712600117512e-01
-4.900000000008306600e-01,2.986459738405586317e-02,-1.962105230489565588e-01
-4.875000000008231638e-01,3.072937396491334447e-02,-1.996013791757060007e-01
-4.850000000008165557e-01,3.161919151736575923e-02,-2.030508351425322211e-01
-4.825000000008090595e-01,3.253477514229226319e-02,-2.065599036557069779e-01
-4.800000000008024514e-01,3.347687093701168237e-02,-2.101296149228069621e-01
-4.775000000007949552e-01,3.444624660327028076e-02,-2.137610169551776851e-01
-4.750000000007883472e-01,3.544369207282958151e-02,-2.174551758756016751e-01
-4.725000000007808509e-01,3.647002015117392637e-02,-2.212131762313072347e-01
-4.700000000007742429e-01,3.752606717985280255e-02,-2.250361213123626969e-01
-4.675000000007667467e-01,3.861269371800746947e-02,-2.289251334755968981e-01
-4.650000000007592504e-01,3.973078524362709529e-02,-2.328813544740954422e-01
-4.625000000007517542e-01,4.088125287511470973e-02,-2.369059457924068135e-01
-4.600000000007442580e-01,4.206503411374561130e-02,-2.410000889875356656e-01
-4.575000000007376499e-01,4.328309360762457036e-02,-2.451649860358266764e-01
-4.550000000007301537e-01,4.453642393776720276e-02,-2.494018596858530445e-01
-4.525000000007235457e-01,4.582604642693786229e-02,-2.537119538173852051e-01
-4.500000000007160494e-01,4.715301197191652804e-02,-2.580965338065865922e-01
-4.475000000007094414e-01,4.851840189985710122e-02,-2.625568868974969550e-01
-4.450000000007019452e-01,4.992332884945082511e-02,-2.670943225799576881e-01
-4.425000000006953371e-01,5.136893767759743989e-02,-2.717101729740465932e-01
-4.400000000006878409e-01,5.285640639233814275e-02,-2.764057932211794189e-01
-4.375000000006812328e-01,5.438694711279550703e-02,-2.811825618819447925e-01
-4.350000000006737366e-01,5.596180705691739671e-02,-2.860418813408437400e-01
-4.325000000006653522e-01,5.758226955781620832e-02,-2.909851782179936341e-01
-4.300000000006587442e-01,5.924965510953929260e-02,-2.960139037879631618e-01
-4.275000000006512479e-01,6.096532244312820314e-02,-3.011295344058581014e-01
-4.250000000006446399e-01,6.273066963382462058e-02,-3.063335719407366264e-01
-4.225000000006371437e-01,6.454713524034905170e-02,-3.116275442165510889e-01
-4.200000000006305356e-01,6.641619947715919625e-02,-3.170130054606785652e-01
-4.175000000006230394e-01,6.833938542066254895e-02,-3.224915367602327887e-01
-4.150000000006164314e-01,7.031826025034663974e-02,-3.280647465262300777e-01
-4.125000000006089351e-01,7.235443652585894780e-02,-3.337342709658103757e-01
-4.100000000006023271e-01,7.444957350105485538e-02,-3.395017745625869554e-01
-4.075000000005948309e-01,7.660537847610904283e-02,-3.453689505653266267e-01
-4.050000000005873346e-01,7.882360818876633923e-02,-3.513375214850484873e-01
-4.025000000005798384e-01,8.110607024588827041e-02,-3.574092396007343408e-01
-4.000000000005723422e-01,8.345462459644754916e-02,-3.635858874737669666e-01
-3.975000000005657341e-01,8.587118504717579370e-02,-3.698692784712619974e-01
-3.950000000005582379e-01,8.835772082210367750e-02,-3.762612572984510018e-01
-3.925000000005516299e-01,9.091625816724999143e-02,-3.827637005402442227e-01
-3.900000000005441336e-01,9.354888200179081736e-02,-3.893785172121834171e-01
-3.875000000005375256e-01,9.625773761702521858e-02,-3.961076493208810501e-01
-3.850000000005300294e-01,9.904503242455425793e-02,-4.029530724341807146e-01
-3.825000000005234213e-01,1.019130377550637595e-01,-4.099167962611362515e-01
-3.800000000005159251e-01,1.048640907092104613e-01,-4.170008652420477691e-01
-3.775000000005084289e-01,1.079005960620885302e-01,-4.242073591486617001e-01
-3.750000000005018208e-01,1.110250282228528729e-01,-4.315383936947649879e-01
-3.725000000004943246e-01,1.142399332510860011e-01,-4.389961211573353284e-01
-3.700000000004868284e-01,1.175479309315436566e-01,-4.465827310083985702e-01
-3.675000000004793321e-01,1.209517169089872751e-01,-4.543004505578364660e-01
-3.650000000004727241e-01,1.244540648848282693e-01,-4.621515456072804451e-01
-3.625000000004652279e-01,1.280578288773866202e-01,-4.701383211153309927e-01
-3.600000000004586198e-01,1.317659455475848618e-01,-4.782631218742342538e-01
-3.575000000004511236e-01,1.355814365920053333e-01,-4.865283331983020765e-01
-3.550000000004445155e-01,1.395074112052217263e-01,-4.949363816241779124e-01
-3.525000000004370193e-01,1.435470686134522889e-01,-5.034897356232537202e-01
-3.500000000004295231e-01,1.477037006815585807e-01,-5.121909063263532236e-01
-3.475000000004229150e-01,1.519806945955477773e-01,-5.210424482609732344e-01
-3.450000000004154188e-01,1.563815356227515885e-01,-5.300469601012546272e-01
-3.425000000004088108e-01,1.609098099519155889e-01,-5.392070854308995687e-01
-3.400000000004004264e-01,1.655692076155511339e-01,-5.485255135193075615e-01
-3.375000000003938183e-01,1.703635254968777768e-01,-5.580049801110689156e-01
-3.350000000003863221e-01,1.752966704238763662e-01,-5.676482682291794646e-01
-3.325000000003797140e-01,1.803726623528929263e-01,-5.774582089920546890e-01
-3.300000000003722178e-01,1.855956376444656830e-01,-5.874376824447282708e-01
-3.275000000003656098e-01,1.909698524339766001e-01,-5.975896184043676396e-01
-3.250000000003581135e-01,1.964996860999370099e-01,-6.079169973204452404e-01
-3.225000000003506173e-01,2.021896448326734874e-01,-6.184228511497263936e-01
-3.200000000003440093e-01,2.080443653063692999e-01,-6.291102642464179162e-01
-3.175000000003365130e-01,2.140686184574381867e-01,-6.399823742676965521e-01
-3.150000000003299050e-01,2.202673133722830578e-01,-6.510423730948486920e-01
-3.125000000003224088e-01,2.266455012876651409e-01,-6.622935077703896445e-01
-3.100000000003158007e-01,2.332083797068746356e-01,-6.737390814513098958e-01
-3.075000000003074163e-01,2.399612966351289123e-01,-6.853824543788694656e-01
-3.050000000003008083e-01,2.469097549375656730e-01,-6.972270448650607078e-01
-3.025000000002933120e-01,2.540594168234899808e-01,-7.092763302962311611e-01
-3.000000000002867040e-01,2.614161084604069152e-01,-7.215338481539365079e-01
-2.975000000002792078e-01,2.689858247217130072e-01,-7.340031970535336736e-01
-2.950000000002725997e-01,2.767747340718207938e-01,-7.466880378006358621e-01
-2.925000000002651035e-01,2.847891835927825466e-01,-7.595920944659094731e-01
-2.900000000002576073e-01,2.930357041564259357e-01,-7.727191554783687799e-01
-2.875000000002509992e-01,3.015210157462870355e-01,-7.860730747376107885e-01
-2.850000000002435030e-01,3.102520329336455607e-01,-7.996577727452789386e-01
-2.825000000002368949e-01,3.192358705121012830e-01,-8.134772377560248735e-01
-2.800000000002293987e-01,3.284798492953510118e-01,-8.275355269484340193e-01
-2.775000000002219025e-01,3.379915020828038186e-01,-8.418367676161212509e-01
-2.750000000002144063e-01,3.477785797979745519e-01,-8.563851583794535038e-01
-2.725000000002077982e-01,3.578490578046061299e-01,-8.711849704181918730e-01
-2.700000000002003020e-01,3.682111424057043503e-01,-8.862405487254648717e-01
-2.675000000001936939e-01,3.788732775307238620e-01,-9.015563133833501830e-01
-2.650000000001861977e-01,3.898441516164462550e-01,-9.171367608605872634e-01
-2.625000000001787015e-01,4.011327046870505342e-01,-9.329864653326314095e-01
-2.600000000001720935e-01,4.127481356392336820e-01,-9.491100800245753089e-01
-2.575000000001645972e-01,4.246999097382858079e-01,-9.655123385772831357e-01
-2.550000000001579892e-01,4.369977663311856442e-01,-9.821980564370674793e-01
-2.525000000001504930e-01,4.496517267831011133e-01,-9.991721322694832041e-01
-2.500000000001438849e-01,4.626721026436373396e-01,-1.016439549397445852e+00
-2.475000000001363887e-01,4.760695040496216168e-01,-1.034005377264306746e+00
-2.450000000001288925e-01,4.898548483711332446e-01,-1.051874772922121171e+00
-2.425000000001213962e-01,5.040393691079504412e-01,-1.070052982545700582e+00
-2.400000000001147882e-01,5.186346250435713845e-01,-1.088545342972796481e+00
-2.375000000001072920e-01,5.336525096643397470e-01,-1.107357283270936410e+00
-2.350000000000997957e-01,5.491052608512655420e-01,-1.126494326331276330e+00
-2.325000000000931877e-01,5.650054708525275027e-01,-1.145962090490054264e+00
-2.300000000000856915e-01,5.813660965447544626e-01,-1.165766291178061964e+00
-2.275000000000790834e-01,5.982004699913773260e-01,-1.185912742598566938e+00
-2.250000000000715872e-01,6.155223093068016293e-01,-1.206407359434316540e+00
-2.225000000000649791e-01,6.333457298350759768e-01,-1.227256158583949430e+00
-2.200000000000574829e-01,6.516852556523518025e-01,-1.248465260928510512e+00
-2.175000000000508749e-01,6.705558314023174482e-01,-1.270040893128397741e+00
-2.150000000000424905e-01,6.899728344744535669e-01,-1.291989389451469572e+00
-2.125000000000358824e-01,7.099520875347907767e-01,-1.314317193632604575e+00
-2.100000000000283862e-01,7.305098714196895937e-01,-1.337030860765580975e+00
-2.075000000000208900e-01,7.516629384028130634e-01,-1.360137059227467971e+00
-2.050000000000142819e-01,7.734285258463610147e-01,-1.383642572636390122e+00
-2.025000000000067857e-01,7.958243702476018866e-01,-1.407554301843108036e+00
-2.000000000000000111e-01,8.188687216920637058e-01,-1.431879266956956220e+00
-1.975000000000027844e-01,8.421630828621348153e-01,-1.455897833580789946e+00
-1.950000000000055578e-01,8.652935094243054959e-01,-1.478874288343703824e+00
-1.925000000000104960e-01,8.882554988332811430e-01,-1.500792185011968094e+00
-1.900000000000176270e-01,9.110445813315929398e-01,-1.521635835053355867e+00
-1.875000000000247302e-01,9.336563208196733132e-01,-1.541390318866778131e+00
-1.850000000000318612e-01,9.560863157193449924e-01,-1.560041496461491040e+00
-1.825000000000389644e-01,9.783301998306493941e-01,-1.577576017578334433e+00
-1.800000000000460676e-01,1.000383643181760540e+00,-1.593981331245659883e+00
-1.775000000000531708e-01,1.022242352871860938e+00,-1.609245694763149714e+00
-1.750000000000603018e-01,1.043902073906784800e+00,-1.623358182107075942e+00
-1.725000000000674050e-01,1.065358590027299712e+00,-1.636308691751010125e+00
-1.700000000000745359e-01,1.086607724529830454e+00,-1.648087953896346880e+00
-1.675000000000794742e-01,1.107645341079519952e+00,-1.658687537107513377e+00
-1.650000000000822475e-01,1.128467344515357018e+00,-1.668099854347061095e+00
-1.625000000000850209e-01,1.149069681647342467e+00,-1.676318168406357501e+00
-1.600000000000877942e-01,1.169448342045516842e+00,-1.683336596728016721e+00
-1.575000000000905676e-01,1.189599358820603303e+00,-1.689150115616535830e+00
-1.550000000000955336e-01,1.209518809396185501e+00,-1.693754563834183546e+00
-1.525000000001015543e-01,1.229202816272311427e+00,-1.697146645579580726e+00
-1.500000000001043277e-01,1.248647547780288303e+00,-1.699323932846765750e+00
-1.475000000001071010e-01,1.267849218828458469e+00,-1.700284867163134761e+00
-1.450000000001131495e-01,1.286804091639071945e+00,-1.700028760704976660e+00
-1.425000000001202527e-01,1.305508476475911506e+00,-1.698555796789814387e+00
-1.400000000001273559e-01,1.323958732362483071e+00,-1.695867029745177001e+00
-1.375000000001344869e-01,1.342151267790768321e+00,-1.691964384153932022e+00
-1.350000000001415901e-01,1.360082541420353452e+00,-1.686850653476696937e+00
-1.325000000001487210e-01,1.377749062767778421e+00,-1.680529498052315107e+00
-1.300000000001558242e-01,1.395147392885989879e+00,-1.673005442477833560e+00
-1.275000000001629274e-01,1.412274145033771244e+00,-1.664283872369868522e+00
-1.250000000001700307e-01,1.429125985334992910e+00,-1.654371030509636631e+00
-1.225000000001771616e-01,1.445699633427587782e+00,-1.643274012374472681e+00
-1.200000000001842787e-01,1.461991863102097611e+00,-1.631000761058976734e+00
-1.175000000001913819e-01,1.477999502929691955e+00,-1.617560061589455200e+00
-1.150000000001984990e-01,1.493719436879504814e+00,-1.602961534635717999e+00
-1.125000000002056022e-01,1.509148604925204085e+00,-1.587215629624739499e+00
-1.100000000002127193e-01,1.524284003640658414e+00,-1.570333617261093329e+00
-1.075000000002198364e-01,1.539122686784566429e+00,-1.552327581459538308e+00
-1.050000000002269535e-01,1.553661765873983303e+00,-1.533210410695517334e+00
-1.025000000002340705e-01,1.567898410746582094e+00,-1.512995788779766038e+00
-1.000000000002411876e-01,1.581829850111571067e+00,-1.491698185063619508e+00
-9.750000000024830471e-02,1.595453372089158606e+00,-1.469332844082046563e+00
-9.500000000025543567e-02,1.608766324738429399e+00,-1.445915774641833407e+00
-9.250000000026255276e-02,1.621766116573582162e+00,-1.421463738362679585e+00
-9.000000000026966984e-02,1.634450217068379230e+00,-1.395994237679468064e+00
-8.750000000027680080e-02,1.646816157148738302e+00,-1.369525503314263037e+00
-8.500000000028391789e-02,1.658861529673358648e+00,-1.342076481226996743e+00
-8.250000000029106273e-02,1.670583989902295619e+00,-1.313666819054222668e+00
-8.000000000029815206e-02,1.681981255953379550e+00,-1.284316852045590540e+00
-7.750000000030528302e-02,1.693051109246410446e+00,-1.254047588508163669e+00
-7.500000000031240011e-02,1.703791394935021630e+00,-1.222880694768948340e+00
-7.250000000031953107e-02,1.714200022326142658e+00,-1.190838479666441962e+00
-7.000000000032666203e-02,1.724274965286962669e+00,-1.157943878582258890e+00
-6.750000000033376524e-02,1.734014262639352433e+00,-1.124220437024304964e+00
-6.500000000034089620e-02,1.743416018541607215e+00,-1.089692293773219633e+00
-6.250000000034802716e-02,1.752478402857498896e+00,-1.054384163604167979e+00
-6.000000000035515813e-02,1.761199651512527886e+00,-1.018321319596333652e+00
-5.750000000036226133e-02,1.769578066837315111e+00,-9.815295750428022492e-01
-5.500000000036939229e-02,1.777612017898066332e+00,-9.440352649737517865e-01
-5.250000000037757797e-02,1.785299940814049302e+00,-9.058652273062137716e-01
-5.000000000038903880e-02,1.792640339062012256e+00,-8.670467836338598966e-01
-4.750000000040049963e-02,1.799631783767521087e+00,-8.276077196704731964e-01
-4.500000000040871306e-02,1.806272913983079098e+00,-7.875762653613930242e-01
-4.250000000041581627e-02,1.812562436953036205e+00,-7.469810746769964815e-01
-4.000000000042294723e-02,1.818499128365253403e+00,-7.058512051024697920e-01
-3.750000000043007820e-02,1.824081832589428798e+00,-6.642160968388580722e-01
-3.500000000043718140e-02,1.829309462902043215e+00,-6.221055517301860016e-01
-3.250000000044434012e-02,1.834181001697905433e+00,-5.795497119317042367e-01
-3.000000000045141557e-02,1.838695500688235951e+00,-5.365790383345403480e-01
-2.750000000045854653e-02,1.842852081085259330e+00,-4.932242887622158012e-01
-2.500000000046567750e-02,1.846649933773268470e+00,-4.495164959546073535e-01
-2.250000000047280846e-02,1.850088319466127729e+00,-4.054869453551345759e-01
-2.000000000047991167e-02,1.853166568851180696e+00,-3.611671527170686735e-01
-1.750000000048704263e-02,1.855884082719538419e+00,-3.165888415449833460e-01
-1.500000000049414584e-02,1.858240332082718549e+00,-2.717839203874998777e-01
-1.250000000050127680e-02,1.860234858275620295e+00,-2.267844599975861741e-01
-1.000000000050843552e-02,1.861867273045805682e+00,-1.816226703767448158e-01
-7.500000000515538723e-03,1.863137258629079751e+00,-1.363308777195318400e-01
-5.000000000522641930e-03,1.864044567811341757e+00,-9.094150127491031077e-02
-2.500000000528690425e-03,1.864589023976711113e+00,-4.548703014097055242e-02
-5.314915174636780648e-13,1.864770521141904336e+00,-9.675156209162965171e-12
2.499999999470065015e-03,1.864589023976864768e+00,4.548703012170673271e-02
4.999999999474924461e-03,1.864044567811646624e+00,9.094150125586554501e-02
7.499999999482975799e-03,1.863137258629530502e+00,1.363308777007959105e-01
9.999999999492109604e-03,1.861867273046396765e+00,1.816226703583495861e-01
1.249999999949799601e-02,1.860234858276349046e+00,2.267844599794854865e-01
1.499999999950391016e-02,1.858240332083581192e+00,2.717839203697053341e-01
1.749999999950985208e-02,1.855884082720531181e+00,3.165888415275051049e-01
1.999999999951568297e-02,1.853166568852299356e+00,3.611671526999163939e-01
2.249999999952270735e-02,1.850088319467367626e+00,4.054869453383377897e-01
2.499999999953289587e-02,1.846649933774620722e+00,4.495164959382308423e-01
2.749999999953883778e-02,1.842852081086724825e+00,4.932242887461932845e-01
2.999999999954475194e-02,1.838695500689811135e+00,5.365790383188782098e-01
3.249999999955061059e-02,1.834181001699587643e+00,5.795497119164089161e-01
3.499999999955649699e-02,1.829309462903828676e+00,6.221055517152656034e-01
3.749999999956243890e-02,1.824081832591312402e+00,6.642160968243197017e-01
3.999999999957265517e-02,1.818499128367221829e+00,7.058512050883883893e-01
4.249999999957965180e-02,1.812562436955092116e+00,7.469810746633236409e-01
4.499999999958551045e-02,1.806272913985221384e+00,7.875762653481137576e-01
4.749999999959139685e-02,1.799631783769743532e+00,8.276077196576090422e-01
4.999999999959733876e-02,1.792640339064300647e+00,8.670467836214666990e-01
5.249999999960325292e-02,1.785299940816396758e+00,9.058652272942893102e-01
5.499999999961235897e-02,1.777612017900469965e+00,9.440352649622949510e-01
5.749999999962257524e-02,1.769578066839768926e+00,9.815295750318112633e-01
5.999999999963068209e-02,1.761199651515033437e+00,1.018321319585777651e+00
6.249999999963223862e-02,1.752478402860073503e+00,1.054384163593950818e+00
6.499999999963379516e-02,1.743416018544250434e+00,1.089692293763346198e+00
6.749999999964184649e-02,1.734014262642036730e+00,1.124220437014862517e+00
6.999999999965206277e-02,1.724274965289673389e+00,1.157943878573274743e+00
7.249999999966239006e-02,1.714200022328872253e+00,1.190838479657912119e+00
7.499999999967255082e-02,1.703791394937767656e+00,1.222880694760865250e+00
7.749999999967410735e-02,1.693051109249206210e+00,1.254047588500413202e+00
7.999999999967566389e-02,1.681981255956219945e+00,1.284316852038174028e+00
8.249999999968160580e-02,1.670583989905158662e+00,1.313666819047188072e+00
8.499999999969187758e-02,1.658861529676218804e+00,1.342076481220388251e+00
8.749999999970203834e-02,1.646816157151591131e+00,1.369525503308069769e+00
8.999999999971225462e-02,1.634450217071217848e+00,1.395994237673681582e+00
9.249999999971603160e-02,1.621766116576436323e+00,1.421463738357225726e+00
9.499999999971764364e-02,1.608766324741307541e+00,1.445915774636689077e+00
9.749999999972136511e-02,1.595453372092046074e+00,1.469332844077227529e+00
9.999999999973152587e-02,1.581829850114432112e+00,1.491698185059173065e+00
1.024999999997417421e-01,1.567898410749407168e+00,1.512995788775685524e+00
1.049999999997455191e-01,1.553661765876807932e+00,1.533210410691737691e+00
1.074999999997471312e-01,1.539122686787400163e+00,1.552327581456036443e+00
1.099999999997508526e-01,1.524284003643486596e+00,1.570333617257880565e+00
1.124999999997610689e-01,1.509148604927986304e+00,1.587215629621851143e+00
1.149999999997712852e-01,1.493719436882231744e+00,1.602961534633140506e+00
1.174999999997815570e-01,1.477999502932361153e+00,1.617560061587172582e+00
1.199999999997874434e-01,1.461991863104733946e+00,1.631000761056953241e+00
1.224999999997889999e-01,1.445699633430213238e+00,1.643274012372677673e+00
1.249999999997905564e-01,1.429125985337607485e+00,1.654371030508061446e+00
1.274999999998007727e-01,1.412274145036311435e+00,1.664283872368538697e+00
1.299999999998110445e-01,1.395147392888451021e+00,1.673005442476735327e+00
1.324999999998212608e-01,1.377749062770156518e+00,1.680529498051430037e+00
1.349999999998293121e-01,1.360082541422660718e+00,1.686850653476004158e+00
1.374999999998309241e-01,1.342151267793046054e+00,1.691964384153405998e+00
1.399999999998324252e-01,1.323958732364728386e+00,1.695867029744808852e+00
1.424999999998405320e-01,1.305508476478074886e+00,1.698555796789601002e+00
1.449999999998507483e-01,1.286804091641134296e+00,1.700028760704904718e+00
1.474999999998609646e-01,1.267849218830424007e+00,1.700284867163186719e+00
1.499999999998712363e-01,1.248647547782176126e+00,1.699323932846928731e+00
1.524999999998727929e-01,1.229202816274187704e+00,1.697146645579848068e+00
1.549999999998742939e-01,1.209518809398023587e+00,1.693754563834549254e+00
1.574999999998802358e-01,1.189599358822374331e+00,1.689150115616981029e+00
1.599999999998905076e-01,1.169448342047199496e+00,1.683336596728527423e+00
1.624999999999007239e-01,1.149069681648934527e+00,1.676318168406919051e+00
1.649999999999109401e-01,1.128467344516855819e+00,1.668099854347659727e+00
1.674999999999146616e-01,1.107645341080976564e+00,1.658687537108163301e+00
1.699999999999162736e-01,1.086607724531244212e+00,1.648087953897040769e+00
1.724999999999199951e-01,1.065358590028631314e+00,1.636308691751720001e+00
1.749999999999302114e-01,1.043902073907976735e+00,1.623358182107757397e+00
1.774999999999404277e-01,1.022242352872909432e+00,1.609245694763782764e+00
1.799999999999506439e-01,1.000383643182663596e+00,1.593981331246230537e+00
1.824999999999565858e-01,9.783301998314412051e-01,1.577576017578854461e+00
1.849999999999581424e-01,9.560863157200625295e-01,1.560041496461979538e+00
1.874999999999596989e-01,9.336563208203146891e-01,1.541390318867225995e+00
1.899999999999699152e-01,9.110445813320778852e-01,1.521635835053684493e+00
1.924999999999801870e-01,8.882554988336069934e-01,1.500792185012162605e+00
1.949999999999904032e-01,8.652935094244889047e-01,1.478874288343767995e+00
1.974999999999984546e-01,8.421630828622150844e-01,1.455897833580751310e+00
2.000000000000000111e-01,8.188687216920995660e-01,1.431879266956869401e+00
2.024999999999953781e-01,7.958243702477366677e-01,1.407554301843124689e+00
2.049999999999907452e-01,7.734285258465957158e-01,1.383642572636511359e+00
2.074999999999861400e-01,7.516629384031345840e-01,1.360137059227684242e+00
2.099999999999815070e-01,7.305098714201005983e-01,1.337030860765895612e+00
2.124999999999768741e-01,7.099520875352853810e-01,1.314317193633015357e+00
2.149999999999722411e-01,6.899728344750204467e-01,1.291989389451966064e+00
2.174999999999676081e-01,6.705558314029652633e-01,1.270040893128990378e+00
2.199999999999630029e-01,6.516852556530621232e-01,1.248465260929181087e+00
2.224999999999583700e-01,6.333457298358511345e-01,1.227256158584704160e+00
2.249999999999537370e-01,6.155223093076316321e-01,1.206407359435145432e+00
2.274999999999491040e-01,5.982004699922640611e-01,1.185912742599471992e+00
2.299999999999444711e-01,5.813660965456889373e-01,1.165766291179035186e+00
2.324999999999398659e-01,5.650054708535116044e-01,1.145962090491098540e+00
2.349999999999352329e-01,5.491052608522902778e-01,1.126494326332384111e+00
2.374999999999306000e-01,5.336525096654075595e-01,1.107357283272109694e+00
2.399999999999259670e-01,5.186346250446787209e-01,1.088545342974034824e+00
2.424999999999213340e-01,5.040393691090896411e-01,1.070052982546995546e+00
2.449999999999167288e-01,4.898548483723065838e-01,1.051874772923474755e+00
2.474999999999120959e-01,4.760695040508260978e-01,1.034005377265718728e+00
2.499999999999074629e-01,4.626721026448709084e-01,1.016439549398912900e+00
2.524999999999028022e-01,4.496517267843562204e-01,9.991721322709983255e-01
2.549999999998981970e-01,4.369977663324639550e-01,9.821980564386325607e-01
2.574999999998935918e-01,4.246999097395808276e-01,9.655123385788901835e-01
2.599999999998889311e-01,4.127481356405481860e-01,9.491100800262300963e-01
2.624999999998843259e-01,4.011327046883784719e-01,9.329864653343242775e-01
2.649999999998796651e-01,3.898441516177895694e-01,9.171367608623227641e-01
2.674999999998750599e-01,3.788732775320802770e-01,9.015563133851270949e-01
2.699999999998704547e-01,3.682111424070684258e-01,8.862405487272746463e-01
2.724999999998657940e-01,3.578490578059800864e-01,8.711849704200399502e-01
2.749999999998611888e-01,3.477785797993531713e-01,8.563851583813305579e-01
2.774999999998565281e-01,3.379915020841893769e-01,8.418367676180334991e-01
2.799999999998519229e-01,3.284798492967422323e-01,8.275355269503782418e-01
2.824999999998473177e-01,3.192358705134963337e-01,8.134772377579989611e-01
2.849999999998426570e-01,3.102520329350400563e-01,7.996577727472782282e-01
2.874999999998380518e-01,3.015210157476829189e-01,7.860730747396376117e-01
2.899999999998333911e-01,2.930357041578192656e-01,7.727191554804161422e-01
2.924999999998287858e-01,2.847891835941751548e-01,7.595920944679823705e-01
2.949999999998241806e-01,2.767747340732116257e-01,7.466880378027318521e-01
2.974999999998195199e-01,2.689858247230981769e-01,7.340031970556464280e-01
2.999999999998149147e-01,2.614161084617883657e-01,7.215338481560706896e-01
3.024999999998102540e-01,2.540594168248642704e-01,7.092763302983795537e-01
3.049999999998056488e-01,2.469097549389345780e-01,6.972270448672277521e-01
3.074999999998010436e-01,2.399612966364891853e-01,6.853824543810496106e-01
3.099999999997963829e-01,2.332083797082308008e-01,6.737390814535106909e-01
3.124999999997917777e-01,2.266455012890114251e-01,6.622935077726005426e-01
3.149999999997871170e-01,2.202673133736212652e-01,6.510423730970738010e-01
3.174999999997825118e-01,2.140686184587654861e-01,6.399823742699300988e-01
3.199999999997779065e-01,2.080443653076873289e-01,6.291102642486631202e-01
3.224999999997732458e-01,2.021896448339794983e-01,6.184228511519782590e-01
3.249999999997686406e-01,1.964996861012331397e-01,6.079169973227075419e-01
3.274999999997639799e-01,1.909698524352619331e-01,5.975896184066389338e-01
3.299999999997593747e-01,1.855956376457381096e-01,5.874376824470034508e-01
3.324999999997547695e-01,1.803726623541539453e-01,5.774582089943363084e-01
3.349999999997501088e-01,1.752966704251237573e-01,5.676482682314647477e-01
3.374999999997454481e-01,1.703635254981133440e-01,5.580049801133595277e-01
3.399999999997408429e-01,1.655692076167726012e-01,5.485255135215997280e-01
3.424999999997362377e-01,1.609098099531258985e-01,5.392070854331983965e-01
3.449999999997316324e-01,1.563815356239475485e-01,5.300469601035535661e-01
3.474999999997269717e-01,1.519806945967306644e-01,5.210424482632738385e-01
3.499999999997223110e-01,1.477037006827269239e-01,5.121909063286540498e-01
3.524999999997177058e-01,1.435470686146070873e-01,5.034897356255553236e-01
3.549999999997131006e-01,1.395074112063629246e-01,4.949363816264801819e-01
3.574999999997084954e-01,1.355814365931312937e-01,4.865283332006012929e-01
3.599999999997038347e-01,1.317659455486970554e-01,4.782631218765328596e-01
3.624999999996991740e-01,1.280578288784837704e-01,4.701383211176256016e-01
3.649999999996945688e-01,1.244540648859115001e-01,4.621515456095734997e-01
3.674999999996899636e-01,1.209517169100551570e-01,4.543004505601242471e-01
3.699999999996853584e-01,1.175479309325974109e-01,4.465827310106836867e-01
3.724999999996806976e-01,1.142399332521257665e-01,4.389961211596167812e-01
3.749999999996760369e-01,1.110250282238784414e-01,4.315383936970426659e-01
3.774999999996714317e-01,1.079005960630988331e-01,4.242073591509324948e-01
3.799999999996668265e-01,1.048640907102065256e-01,4.170008652443137898e-01
3.824999999996622213e-01,1.019130377560456546e-01,4.099167962633970541e-01
3.849999999996575606e-01,9.904503242552106790e-02,4.029530724364334682e-01
3.874999999996528999e-01,9.625773761797802586e-02,3.961076493231275308e-01
3.899999999996482947e-01,9.354888200272847010e-02,3.893785172144212381e-01
3.924999999996436895e-01,9.091625816817379413e-02,3.827637005424752714e-01
3.949999999996390843e-01,8.835772082301250607e-02,3.762612573006725025e-01
3.974999999996344235e-01,8.587118504807081387e-02,3.698692784734761707e-01
3.999999999996297628e-01,8.345462459732801153e-02,3.635858874759713699e-01
4.024999999996251576e-01,8.110607024675503540e-02,3.574092396029304175e-01
4.049999999996205524e-01,7.882360818961958726e-02,3.513375214872365149e-01
4.074999999996159472e-01,7.660537847694874614e-02,3.453689505675058835e-01
4.099999999996112865e-01,7.444957350188119438e-02,3.395017745647576635e-01
4.124999999996066813e-01,7.235443652667114534e-02,3.337342709679697594e-01
4.149999999996020206e-01,7.031826025114572276e-02,3.280647465283801356e-01
4.174999999995974154e-01,6.833938542144783745e-02,3.224915367623715223e-01
4.199999999995928102e-01,6.641619947793150902e-02,3.170130054628075289e-01
4.224999999995881494e-01,6.454713524110797240e-02,3.116275442186682842e-01
4.249999999995835442e-01,6.273066963457078760e-02,3.063335719428432746e-01
4.274999999995788835e-01,6.096532244386120708e-02,3.011295344079525371e-01
4.299999999995742783e-01,5.924965511025978571e-02,2.960139037900470504e-01
4.324999999995696731e-01,5.758226955852386447e-02,2.909851782200653103e-01
4.349999999995650124e-01,5.596180705761349267e-02,2.860418813429061458e-01
4.374999999995604072e-01,5.438694711347950156e-02,2.811825618839963736e-01
4.399999999995557465e-01,5.285640639300982768e-02,2.764057932232181214e-01
4.424999999995511413e-01,5.136893767825726625e-02,2.717101729760739159e-01
4.449999999995465361e-01,4.992332885009853616e-02,2.670943225819721878e-01
4.474999999995418754e-01,4.851840190049343943e-02,2.625568868994998528e-01
4.499999999995372701e-01,4.715301197254113258e-02,2.580965338085766114e-01
4.524999999995312772e-01,4.582604642755209318e-02,2.537119538193658430e-01
4.549999999995253952e-01,4.453642393837060204e-02,2.494018596878226079e-01
4.574999999995194022e-01,4.328309360821777640e-02,2.451649860377863310e-01
4.599999999995135203e-01,4.206503411432813838e-02,2.410000889894837461e-01
4.624999999995075828e-01,4.088125287568723093e-02,2.369059457943445690e-01
4.649999999995017008e-01,3.973078524418967306e-02,2.328813544760226784e-01
4.674999999994957078e-01,3.861269371856029808e-02,2.289251334775137814e-01
4.699999999994898259e-01,3.752606718039586120e-02,2.250361213142687278e-01
4.724999999994838884e-01,3.647002015170704159e-02,2.212131762332008311e-01
4.749999999994778954e-01,3.544369207335320432e-02,2.174551758774842802e-01
4.774999999994720135e-01,3.444624660378424463e-02,2.137610169570476615e-01
4.799999999994660760e-01,3.347687093751637588e-02,2.101296149246654754e-01
4.824999999994601385e-01,3.253477514278754756e-02,2.065599036575527236e-01
4.849999999994542010e-01,3.161919151785203691e-02,2.030508351443664206e-01
4.874999999994483191e-01,3.072937396539043506e-02,1.996013791775270441e-01
4.899999999994423816e-01,2.986459738452419688e-02,1.962105230507660003e-01
4.924999999994363886e-01,2.902415707994066701e-02,1.928772712618093965e-01
4.949999999994305067e-01,2.820736818764553802e-02,1.896006452201154380e-01
4.974999999994245692e-01,2.741356511687621442e-02,1.863796829595755211e-01
4.999999999994186317e-01,2.664210100772049228e-02,1.832134388560960059e-01
5.024999999994126387e-01,2.589234720399846007e-02,1.801009833499762902e-01
5.049999999994068123e-01,2.516369274097901912e-02,1.770414026730068868e-01
5.074999999994007638e-01,2.445554384751250088e-02,1.740337985802006548e-01
5.099999999993949373e-01,2.376732346217388242e-02,1.710772880860805811e-01
5.124999999993889999e-01,2.309847076302333491e-02,1.681710032054515302e-01
5.149999999993817301e-01,2.244844071059947169e-02,1.653140906985730019e-01
5.174999999993745714e-01,2.181670360377315973e-02,1.625057118206577889e-01
5.199999999993673017e-01,2.120274464810162351e-02,1.597450420756338918e-01
5.224999999993600319e-01,2.060606353632872534e-02,1.570312709740834811e-01
5.249999999993528732e-01,2.002617404069114912e-02,1.543636017952963457e-01
5.274999999993456035e-01,1.946260361669761504e-02,1.517412513533654139e-01
5.299999999993383337e-01,1.891489301805837631e-02,1.491634497672549020e-01
5.324999999993311750e-01,1.838259592245143625e-02,1.466294402347753656e-01
5.349999999993239053e-01,1.786527856782008442e-02,1.441384788103999837e-01
5.374999999993166355e-01,1.736251939890589777e-02,1.416898341868511046e-01
5.399999999993094768e-01,1.687390872372875397e-02,1.392827874804015431e-01
5.424999999993022071e-01,1.639904837973404222e-02,1.369166320198223485e-01
5.449999999992950483e-01,1.593755140933527173e-02,1.345906731389130417e-01
5.474999999992877786e-01,1.548904174458715782e-02,1.323042279725605286e-01
5.499999999992806199e-01,1.505315390073269990e-02,1.300566252562588565e-01
5.524999999992733501e-01,1.462953267837451693e-02,1.278472051290381328e-01
5.549999999992660804e-01,1.421783287402714376e-02,1.256753189397379622e-01
5.574999999992589217e-01,1.381771899881540158e-02,1.235403290565754708e-01
5.599999999992516519e-01,1.342886500508883030e-02,1.214416086799451067e-01
5.624999999992443822e-01,1.305095402072943209e-02,1.193785416584007969e-01
5.649999999992372235e-01,1.268367809093688334e-02,1.173505223077628418e-01
5.674999999992299538e-01,1.232673792727991338e-02,1.153569552332996684e-01
5.699999999992226840e-01,1.197984266381024038e-02,1.133972551549286001e-01
5.724999999992155253e-01,1.164270962003954336e-02,1.114708467353862087e-01
5.749999999992082556e-01,1.131506407058673232e-02,1.095771644113195942e-01
5.774999999992009858e-01,1.099663902130783820e-02,1.077156522272447597e-01
5.799999999991938271e-01,1.068717499172584275e-02,1.058857636723272155e-01
5.824999999991866684e-01,1.038641980358343334e-02,1.040869615199350867e-01
5.849999999991792876e-01,1.009412837534624623e-02,1.023187176699173889e-01
5.874999999991721289e-01,9.810062522488803560e-03,1.005805129935624376e-01
5.899999999991649702e-01,9.533990763401459234e-03,9.887183718118955356e-02
5.924999999991575894e-01,9.265688130758639382e-03,9.719218859233055841e-02
5.949999999991504307e-01,9.004935988195950786e-03,9.554107410845513737e-02
5.974999999991432720e-01,8.751521852146219860e-03,9.391800898819976928e-02
5.999999999991358912e-01,8.505239218689572903e-03,9.232251672505512041e-02
6.024999999991287325e-01,8.265887395275672844e-03,9.075412890747072692e-02
6.049999999991215738e-01,8.033271337182209051e-03,8.921238508133727541e-02
6.074999999991143040e-01,7.807201488575467134e-03,8.769683261480398784e-02
6.099999999991070343e-01,7.587493628043561443e-03,8.620702656539344644e-02
6.124999999990998756e-01,7.373968718476886335e-03,8.474252954937291915e-02
6.149999999990927169e-01,7.166452761173031961e-03,8.330291161334602013e-02
6.174999999990853361e-01,6.964776654047560682e-03,8.188775010802475107e-02
6.199999999990781774e-01,6.768776053834676953e-03,8.049662956414584125e-02
6.224999999990710187e-01,6.578291242166431872e-03,7.912914157049628916e-02
6.249999999990637489e-01,6.393166995419735828e-03,7.778488465401002527e-02
6.274999999990564792e-01,6.213252458227058565e-03,7.646346416190101525e-02
6.299999999990493205e-01,6.038401020546148648e-03,7.516449214580019078e-02
6.324999999990420507e-01,5.868470198189499297e-03,7.388758724785986221e-02
6.349999999990347810e-01,5.703321516715529650e-03,7.263237458879229225e-02
6.374999999990276223e-01,5.542820398588029288e-03,7.139848565781195533e-02
6.399999999990220179e-01,5.386836053510018346e-03,7.018555820444469240e-02
6.424999999990166355e-01,5.235241371845152612e-03,6.899323613217993312e-02
6.449999999990110311e-01,5.087912821037304106e-03,6.782116939392400512e-02
6.474999999990056487e-01,4.944730344945256865e-03,6.666901388923131277e-02
6.499999999990000443e-01,4.805577266010960767e-03,6.553643136328353436e-02
6.524999999989946620e-01,4.670340190180154866e-03,6.442308930758200436e-02
6.549999999989890576e-01,4.538908914499212820e-03,6.332866086232905034e-02
6.574999999989836752e-01,4.411176337312102888e-03,6.225282472046680254e-02
6.599999999989780708e-01,4.287038370984622322e-03,6.119526503334689338e-02
6.624999999989726884e-01,4.166393857084739992e-03,6.015567131800171607e-02
6.649999999989670840e-01,4.049144483949744175e-03,5.913373836599168654e-02
6.674999999989615906e-01,3.935194706573628964e-03,5.812916615380082919e-02
6.699999999989560973e-01,3.824451668748405590e-03,5.714165975475477000e-02
6.724999999989507149e-01,3.716825127396971868e-03,5.617092925243455381e-02
6.749999999989451105e-01,3.612227379035132246e-03,5.521668965556206926e-02
6.774999999989396171e-01,3.510573188303072259e-03,5.427866081433033174e-02
6.799999999989341237e-01,3.411779718508295596e-03,5.335656733815737074e-02
6.824999999989287414e-01,3.315766464122961790e-03,5.245013851483374540e-02
6.849999999989231370e-01,3.222455185181007185e-03,5.155910823104805502e-02
6.874999999989177546e-01,3.131769843521419773e-03,5.068321489425814397e-02
6.899999999989121502e-01,3.043636540825733761e-03,4.982220135589301296e-02
6.924999999989067678e-01,2.957983458399142396e-03,4.897581483585711215e-02
6.949999999989011634e-01,2.874740798646487246e-03,4.814380684831894019e-02
6.974999999988957811e-01,2.793840728194915950e-03,4.732593312875859465e-02
6.999999999988901767e-01,2.715217322617768676e-03,4.652195356225630879e-02
7.024999999988863486e-01,2.638806512712937695e-03,4.573163211299758474e-02
7.049999999988827426e-01,2.564546032294263197e-03,4.495473675497797111e-02
7.074999999988789146e-01,2.492375367451532108e-03,4.419103940388335872e-02
7.099999999988750865e-01,2.422235707238199441e-03,4.344031585012733676e-02
7.124999999988712585e-01,2.354069895747255316e-03,4.270234569302740896e-02
7.149999999988676525e-01,2.287822385535716752e-03,4.197691227609869763e-02
7.174999999988638244e-01,2.223439192359569910e-03,4.126380262344706007e-02
7.199999999988599964e-01,2.160867851182960830e-03,4.056280737724246577e-02
7.224999999988563903e-01,2.100057373424513759e-03,3.987372073625500973e-02
7.249999999988525623e-01,2.040958205408339044e-03,3.919634039543486853e-02
7.274999999988487343e-01,1.983522187982333408e-03,3.853046748651867831e-02
7.299999999988451282e-01,1.927702517274773901e-03,3.787590651964492516e-02
7.324999999988413002e-01,1.873453706553937720e-03,3.723246532596118791e-02
7.349999999988374721e-01,1.820731549161770440e-03,3.659995500120637180e-02
7.374999999988338661e-01,1.769493082490304755e-03,3.597818985025118266e-02
7.399999999988300381e-01,1.719696552972086465e-03,3.536698733258162447e-02
7.424999999988262100e-01,1.671301382055735175e-03,3.476616800870694496e-02
7.449999999988226040e-01,1.624268133138906042e-03,3.417555548747969185e-02
7.474999999988187760e-01,1.578558479432047319e-03,3.359497637431022032e-02
7.499999999988149479e-01,1.534135172726205573e-03,3.302426022025978930e-02
7.524999999988113419e-01,1.490962013040261335e-03,3.246323947200057541e-02
7.549999999988075139e-01,1.449003819121555663e-03,3.191174942262386266e-02
7.574999999988036858e-01,1.408226399777612109e-03,3.136962816328511122e-02
7.599999999988000798e-01,1.368596526013966677e-03,3.083671653566945683e-02
7.624999999987962518e-01,1.330081903956002601e-03,3.031285808526624007e-02
7.649999999987924237e-01,1.292651148533806261e-03,2.979789901543561034e-02
7.674999999987888177e-01,1.256273757906112894e-03,2.929168814225638351e-02
7.699999999987849897e-01,1.220920088605245875e-03,2.879407685014150758e-02
7.724999999987811616e-01,1.186561331380855955e-03,2.830491904820560400e-02
7.749999999987773336e-01,1.153169487723446161e-03,2.782407112737628890e-02
7.774999999987737276e-01,1.120717347049297093e-03,2.735139191823159413e-02
7.799999999987698995e-01,1.089178464526315525e-03,2.688674264955611196e-02
7.824999999987660715e-01,1.058527139524789371e-03,2.642998690759841562e-02
7.849999999987624655e-01,1.028738394674188258e-03,2.598099059602359401e-02
7.874999999987586374e-01,9.997879555095508502e-04,2.553962189654384457e-02
7.899999999987548094e-01,9.716522306903041398e-04,2.510575123021878408e-02
7.924999999987509813e-01,9.443082927762581381e-04,2.467925121941325073e-02
7.949999999987473753e-01,9.177338595440069375e-04,2.425999665040094733e-02
7.974999999987435473e-01,8.919072758298109745e-04,2.384786443660435323e-02
7.999999999987397192e-01,8.668074958826733943e-04,2.344273358245728758e-02
8.024999999987361132e-01,8.424140662149853060e-04,2.304448514788364280e-02
8.049999999987322852e-01,8.187071089344001356e-04,2.265300221337775838e-02
8.074999999987284571e-01,7.956673055464941495e-04,2.226816984567887847e-02
8.099999999987248511e-01,7.732758812118052660e-04,2.188987506402855984e-02
8.124999999987210231e-01,7.515145894466850399e-04,2.151800680700132959e-02
8.149999999987171950e-01,7.303656972542956058e-04,2.115245589989864922e-02
8.174999999987135890e-01,7.098119706744583169e-04,2.079311502269705347e-02
8.199999999987097610e-01,6.898366607397741872e-04,2.043987867854070439e-02
8.224999999987061550e-01,6.704234898270565891e-04,2.009264316276894446e-02
8.249999999987023269e-01,6.515566383929841674e-04,1.975130653247053267e-02
8.274999999986984989e-01,6.332207320831070114e-04,1.941576857655459912e-02
8.299999999986948929e-01,6.154008292031544871e-04,1.908593078633018941e-02
8.324999999986910648e-01,5.980824085434655480e-04,1.876169632658591588e-02
8.349999999986872368e-01,5.812513575458511843e-04,1.844297000716046964e-02
8.374999999986834087e-01,5.648939608033067212e-04,1.812965825499616296e-02
8.399999999986798027e-01,5.489968888835194700e-04,1.782166908666763666e-02
8.424999999986759747e-01,5.335471874672578557e-04,1.751891208137687159e-02
8.449999999986721466e-01,5.185322667914069343e-04,1.722129835440682974e-02
8.474999999986685406e-01,5.039398913902111161e-04,1.692874053102650864e-02
8.499999999986647126e-01,4.897581701247507354e-04,1.664115272083917588e-02
8.524999999986608845e-01,4.759755464927696664e-04,1.635845049256600542e-02
8.549999999986570565e-01,4.625807892115036909e-04,1.608055084925857914e-02
8.574999999986534505e-01,4.495629830654611510e-04,1.580737220393242659e-02
8.599999999986496224e-01,4.369115200120055205e-04,1.553883435561378284e-02
8.624999999986457944e-01,4.246160905365667436e-04,1.527485846579465859e-02
8.649999999986421884e-01,4.126666752517253126e-04,1.501536703528636406e-02
8.674999999986383603e-01,4.010535367326869519e-04,1.476028388146741893e-02
8.699999999986345323e-01,3.897672115823708834e-04,1.450953411591719873e-02
8.724999999986309263e-01,3.787985027194317443e-04,1.426304412243019175e-02
8.749999999986270982e-01,3.681384718841589770e-04,1.402074153540323713e-02
8.774999999986232702e-01,3.577784323545794951e-04,1.378255521859012532e-02
8.799999999986196642e-01,3.477099418676027104e-04,1.354841524421721184e-02
8.824999999986158361e-01,3.379247957400531403e-04,1.331825287245349577e-02
8.849999999986120081e-01,3.284150201820042127e-04,1.309200053122989808e-02
8.874999999986084021e-01,3.191728657996966388e-04,1.286959179640129701e-02
8.899999999986045740e-01,3.101908012805124374e-04,1.265096137224493329e-02
8.924999999986007460e-01,3.014615072555533633e-04,1.243604507229095074e-02
8.949999999985971399e-01,2.929778703353217535e-04,1.222477980047837615e-02
8.974999999985933119e-01,2.847329773132631922e-04,1.201710353263092494e-02
8.999999999985894839e-01,2.767201095321816036e-04,1.181295529824749439e-02
9.024999999985858778e-01,2.689327374090932530e-04,1.161227516260255645e-02
9.049999999985820498e-01,2.613645151146468874e-04,1.141500420915008904e-02
9.074999999985782217e-01,2.540092754017689086e-04,1.122108452222629615e-02
9.099999999985746157e-01,2.468610245803582771e-04,1.103045917004732979e-02
9.124999999985707877e-01,2.399139376326646714e-04,1.084307218799392646e-02
9.149999999985669596e-01,2.331623534669146204e-04,1.065886856218168331e-02
9.174999999985631316e-01,2.266007703039902232e-04,1.047779421331005920e-02
9.199999999985595256e-01,2.202238411942728706e-04,1.029979598078485832e-02
9.224999999985556975e-01,2.140263696600377692e-04,1.012482160711184083e-02
9.249999999985518695e-01,2.080033054616808592e-04,9.952819722553995704e-03
9.274999999985482635e-01,2.021497404814443281e-04,9.783739830050888764e-03
9.299999999985444354e-01,1.964609047247442585e-04,9.617532290393086131e-03
9.324999999985406074e-01,1.909321624323263454e-04,9.454148307649035479e-03
9.349999999985367793e-01,1.855590083032396503e-04,9.293539914839192215e-03
9.374999999985331733e-01,1.803370638233354833e-04,9.135659959853791035e-03
9.399999999985293453e-01,1.752620736972514300e-04,8.980462091609808101e-03
9.424999999985255172e-01,1.703299023806886608e-04,8.827900746442787425e-03
9.449999999985219112e-01,1.655365307108089940e-04,8.677931134730249366e-03
9.474999999985180832e-01,1.608780526305159803e-04,8.530509227741954123e-03
9.499999999985142551e-01,1.563506720061014601e-04,8.385591744714000068e-03
9.524999999985106491e-01,1.519506995333388141e-04,8.243136140142172039e-03
9.549999999985068211e-01,1.476745497312440696e-04,8.103100591291099650e-03
9.574999999985032151e-01,1.435187380201288462e-04,7.965443985915967792e-03
9.599999999984993870e-01,1.394798778828075427e-04,7.830125910192602123e-03
9.624999999984955590e-01,1.355546781038787093e-04,7.697106636852249321e-03
9.649999999984919530e-01,1.317399400886017926e-04,7.566347113518888910e-03
9.674999999984881249e-01,1.280325552560270398e-04,7.437808951243504718e-03
9.699999999984842969e-01,1.244295025058953310e-04,7.311454413234053096e-03
9.724999999984806909e-01,1.209278457570299784e-04,7.187246403776308828e-03
9.749999999984768628e-01,1.175247315542002417e-04,7.065148457343115029e-03
9.774999999984730348e-01,1.142173867434606149e-04,6.945124727888857263e-03
9.799999999984692067e-01,1.110031162121710111e-04,6.827139978325835572e-03
9.824999999984656007e-01,1.078793006924740956e-04,6.711159570178475142e-03
9.849999999984617727e-01,1.048433946273687862e-04,6.597149453414715564e-03
9.874999999984579446e-01,1.018929240959425551e-04,6.485076156449162861e-03
9.899999999984543386e-01,9.902548479792033580e-05,6.374906776316351109e-03
9.924999999984505106e-01,9.623874009367468154e-05,6.266608969011120377e-03
9.949999999984466825e-01,9.353041910091145330e-05,6.160150939992708324e-03
9.974999999984428545e-01,9.089831484364493919e-05,6.055501434850158946e-03
9.999999999984392485e-01,8.834028245397112578e-05,5.952629730127502808e-03
1.002499999998435420e+00,8.585423742425546238e-05,5.851505624302521906e-03
1.004999999998431592e+00,8.343815390828174543e-05,5.752099428920865939e-03
1.007499999998427986e+00,8.109006307077590823e-05,5.654381959879841400e-03
1.009999999998424158e+00,7.880805148269805021e-05,5.558324528860368596e-03
1.012499999998420330e+00,7.659025956206384224e-05,5.463898934904612946e-03
1.014999999998416724e+00,7.443488005881946517e-05,5.371077456136270391e-03
1.017499999998412896e+00,7.234015658200890328e-05,5.279832841622571910e-03
1.019999999998409068e+00,7.030438216828610858e-05,5.190138303372924394e-03
1.022499999998405462e+00,6.832589789129434998e-05,5.101967508475248672e-03
1.024999999998401634e+00,6.640309150973118339e-05,5.015294571364552895e-03
1.027499999998397806e+00,6.453439615326245899e-05,4.930094046223297208e-03
1.029999999998394200e+00,6.271828904621951366e-05,4.846340919511148843e-03
1.032499999998390372e+00,6.095329026626543443e-05,4.764010602621447481e-03
1.034999999998386544e+00,5.923796153848514087e-05,4.683078924661925393e-03
1.037499999998382938e+00,5.757090506362648073e-05,4.603522125359040505e-03
1.039999999998379110e+00,5.595076237883735837e-05,4.525316848081917774e-03
1.042499999998375282e+00,5.437621325060838394e-05,4.448440132985515515e-03
1.044999999998371676e+00,5.284597459929919923e-05,4.372869410269947070e-03
1.047499999998367848e+00,5.135879945284875454e-05,4.298582493553971574e-03
1.049999999998364020e+00,4.991347593147250374e-05,4.225557573361858436e-03
1.052499999998360414e+00,4.850882625966256115e-05,4.153773210720323496e-03
1.054999999998356586e+00,4.714370580645158617e-05,4.083208330864268772e-03
1.057499999998352758e+00,4.581700215270523161e-05,4.013842217049745469e-03
1.059999999998348930e+00,4.452763418471907832e-05,3.945654504471584993e-03
1.062499999998345324e+00,4.327455121307248633e-05,3.878625174285030112e-03
1.064999999998341496e+00,4.205673211666915355e-05,3.812734547727985712e-03
1.067499999998337668e+00,4.087318451028399086e-05,3.747963280344097318e-03
1.069999999998333839e+00,3.972294393620956840e-05,3.684292356303383101e-03
1.072499999998330233e+00,3.860507307835677523e-05,3.621703082819143459e-03
1.074999999998326405e+00,3.751866099781745064e-05,3.560177084660728821e-03
1.077499999998322577e+00,3.646282239165694151e-05,3.499696298758124633e-03
1.079999999998318971e+00,3.543669687048035214e-05,3.440242968899551342e-03
1.082499999998315143e+00,3.443944825774250247e-05,3.381799640518211390e-03
1.084999999998311315e+00,3.347026390842507110e-05,3.324349155567735224e-03
1.087499999998307709e+00,3.252835404670393233e-05,3.267874647485103767e-03
1.089999999998303881e+00,3.161295112227065234e-05,3.212359536238917988e-03
1.092499999998300275e+00,3.072330918508849886e-05,3.157787523461649468e-03
1.094999999998296447e+00,2.985870327745280520e-05,3.104142587664835903e-03
1.097499999998292619e+00,2.901842884291617718e-05,3.051408979534772550e-03
1.099999999998289013e+00,2.820180115299946401e-05,2.999571217310166311e-03
1.102499999998285185e+00,2.740815474796965946e-05,2.948614082235381708e-03
1.104999999998281357e+00,2.663684289575687130e-05,2.898522614093171877e-03
1.107499999998277751e+00,2.588723706417589133e-05,2.849282106812821031e-03
1.109999999998273923e+00,2.515872640907592525e-05,2.800878104152082493e-03
1.112499999998270095e+00,2.445071727667951349e-05,2.753296395453980888e-03
1.114999999998266489e+00,2.376263271914375497e-05,2.706523011473368004e-03
1.117499999998262661e+00,2.309391202549666622e-05,2.660544220277167096e-03
1.119999999998258833e+00,2.244401026361793534e-05,2.615346523212024217e-03
1.122499999998255005e+00,2.181239783705173787e-05,2.570916650941583968e-03
1.124999999998251399e+00,2.119856005298316568e-05,2.527241559551167936e-03
1.127499999998247571e+00,2.060199670276092481e-05,2.484308426717411582e-03
1.129999999998243743e+00,2.002222165475824389e-05,2.442104647944924774e-03
1.132499999998239915e+00,1.945876245753407928e-05,2.400617832864598324e-03
1.134999999998236309e+00,1.891115995563048642e-05,2.359835801597544649e-03
1.137499999998232481e+00,1.837896791466312176e-05,2.319746581177293925e-03
1.139999999998228652e+00,1.786175265833842251e-05,2.280338402036776509e-03
1.142499999998225046e+00,1.735909271442585936e-05,2.241599694551395065e-03
1.144999999998221218e+00,1.687057847196259474e-05,2.203519085642988498e-03
1.147499999998217390e+00,1.639581184695471178e-05,2.166085395441225223e-03
1.149999999998213784e+00,1.593440595797567075e-05,2.129287634000423882e-03
1.152499999998209956e+00,1.548598481166707202e-05,2.093114998074066188e-03
1.154999999998206128e+00,1.505018299503584195e-05,2.057556867942396655e-03
1.157499999998202522e+00,1.462664537905222407e-05,2.022602804295282799e-03
1.159999999998198694e+00,1.421502682815068692e-05,1.988242545166731511e-03
1.162499999998194866e+00,1.381499191984735301e-05,1.954466002922628908e-03
1.164999999998191260e+00,1.342621467069499429e-05,1.921263261298888437e-03
1.167499999998187432e+00,1.304837827111654235e-05,1.888624572490514835e-03
1.169999999998183604e+00,1.268117482741099402e-05,1.856540354289367648e-03
1.172499999998179998e+00,1.232430510974943919e-05,1.825001187271109567e-03
1.174999999998176170e+00,1.197747830988490133e-05,1.793997812030434947e-03
1.177499999998172342e+00,1.164041180305565526e-05,1.763521126461482010e-03
1.179999999998168736e+00,1.131283091806471846e-05,1.733562183086474924e-03
1.182499999998164908e+00,1.099446871341476223e-05,1.704112186428849820e-03
1.184999999998161080e+00,1.068506576001404368e-05,1.675162490430416769e-03
1.187499999998157474e+00,1.038436992923440337e-05,1.646704595913728222e-03
1.189999999998153646e+00,1.009213618793767605e-05,1.618730148086556121e-03
1.192499999998149818e+00,9.808126398553726187e-06,1.591230934089071401e-03
1.194999999998145990e+00,9.532109125297615756e-06,1.564198880582263291e-03
1.197499999998142384e+00,9.263859445134647424e-06,1.537626051378592406e-03
1.199999999998138556e+00,9.003158764822447355e-06,1.511504645111272013e-03
1.202499999998132729e+00,8.749794642890392887e-06,1.485826992944680675e-03
1.204999999998127569e+00,8.503560616036581299e-06,1.460585556321836393e-03
1.207499999998121964e+00,8.264256031356869456e-06,1.435772924752269208e-03
1.209999999998116360e+00,8.031685882598139874e-06,1.411381813635665750e-03
1.212499999998110978e+00,7.805660651360575317e-06,1.387405062123868091e-03
1.214999999998105373e+00,7.585996152534472176e-06,1.363835631017881050e-03
1.217499999998099991e+00,7.372513384507409568e-06,1.340666600701552642e-03
1.219999999998094609e+00,7.165038382709028948e-06,1.317891169110434278e-03
1.222499999998089004e+00,6.963402078605494962e-06,1.295502649734573677e-03
1.224999999998083400e+00,6.767440161348697302e-06,1.273494469654862975e-03
1.227499999998078017e+00,6.576992943957808983e-06,1.251860167614355594e-03
1.229999999998072413e+00,6.391905233477429676e-06,1.230593392120697769e-03
1.232499999998067031e+00,6.212026204394757760e-06,1.209687899581340714e-03
1.234999999998061426e+00,6.037209275595033297e-06,1.189137552471162835e-03
1.237499999998056044e+00,5.867311990880942435e-06,1.168936317529943505e-03
1.239999999998050439e+00,5.702195903355224734e-06,1.149078263991356978e-03
1.242499999998044835e+00,5.541726461919948064e-06,1.129557561841672145e-03
1.244999999998039453e+00,5.385772902027745752e-06,1.110368480108473842e-03
1.247499999998034070e+00,5.234208139257767149e-06,1.091505385177631753e-03
1.249999999998028466e+00,5.086908665400441538e-06,1.072962739139978394e-03
1.252499999998023084e+00,4.943754447897055781e-06,1.054735098164879658e-03
1.254999999998017479e+00,4.804628832337614735e-06,1.036817110902104114e-03
1.257499999998011875e+00,4.669418447098235735e-06,1.019203516911279398e-03
1.259999999998006714e+00,4.538013110837563034e-06,1.001889145117034439e-03
1.262499999998001110e+00,4.410305743085473373e-06,9.848689122907818352e-04
1.264999999997993951e+00,4.286192276784501665e-06,9.681378215585773441e-04
1.267499999997986571e+00,4.165571573371599798e-06,9.516909609341025165e-04
1.269999999997979412e+00,4.048345340628480230e-06,9.355235018766586749e-04
1.272499999997972031e+00,3.934418052570153782e-06,9.196306978733207122e-04
1.274999999997965094e+00,3.823696871046628845e-06,9.040078830456457944e-04
1.277499999997957714e+00,3.716091570943200412e-06,8.886504707797227660e-04
1.279999999997950555e+00,3.611514466237452795e-06,8.735539523799312148e-04
1.282499999997943174e+00,3.509880337932647846e-06,8.587138957446149726e-04
1.284999999997936015e+00,3.411106366113369698e-06,8.441259440656110995e-04
1.287499999997928635e+00,3.315112061010158310e-06,8.297858145484411597e-04
1.289999999997921698e+00,3.221819198113134574e-06,8.156892971558680301e-04
1.292499999997914317e+00,3.131151754276623900e-06,8.018322533710031501e-04
1.294999999997907159e+00,3.043035845556648274e-06,7.882106149826793818e-04
1.297499999997899778e+00,2.957399667870941308e-06,7.748203828910579013e-04
1.299999999997892619e+00,2.874173436795711788e-06,7.616576259336592901e-04
1.302499999997885460e+00,2.793289332889441193e-06,7.487184797312611143e-04
1.304999999997878302e+00,2.714681444500983623e-06,7.359991455528955675e-04
1.307499999997870921e+00,2.638285715192208468e-06,7.234958892013386433e-04
1.309999999997863762e+00,2.564039890929224366e-06,7.112050399161927655e-04
1.312499999997856381e+00,2.491883469662585045e-06,6.991229892965090172e-04
1.314999999997849223e+00,2.421757652387968149e-06,6.872461902414204625e-04
1.317499999997842064e+00,2.353605294204226147e-06,6.755711559085910778e-04
1.319999999997834905e+00,2.287370858526103456e-06,6.640944586907558981e-04
1.322499999997827524e+00,2.223000372135757160e-06,6.528127292093903640e-04
1.324999999997820366e+00,2.160441380078168295e-06,6.417226553252331584e-04
1.327499999997813207e+00,2.099642903943105616e-06,6.308209811661665781e-04
1.329999999997805826e+00,2.040555399868233006e-06,6.201045061713891023e-04
1.332499999997798890e+00,1.983130718056029067e-06,6.095700841516516096e-04
1.334999999997791509e+00,1.927322063915877504e-06,5.992146223655063931e-04
1.337499999997784350e+00,1.873083959740146127e-06,5.890350806115043567e-04
1.339999999997776969e+00,1.820372207779287940e-06,5.790284703356247085e-04
1.342499999997769811e+00,1.769143853620219837e-06,5.691918537535698265e-04
1.344999999997762652e+00,1.719357151986418466e-06,5.595223429888548884e-04
1.347499999997755493e+00,1.670971532238907587e-06,5.500170992245836032e-04
1.349999999997748112e+00,1.623947565946207258e-06,5.406733318697851034e-04
1.352499999997740954e+00,1.578246933451936844e-06,5.314882977406842034e-04
1.354999999997733573e+00,1.533832394297361524e-06,5.224593002552405585e-04
1.357499999997726414e+00,1.490667755257505642e-06,5.135836886409581329e-04
1.359999999997719256e+00,1.448717842194803098e-06,5.048588571573291205e-04
1.362499999997712097e+00,1.407948470680826408e-06,4.962822443303775612e-04
1.364999999997704716e+00,1.368326418398256681e-06,4.878513322007804222e-04
1.367499999997697557e+00,1.329819397689891728e-06,4.795636455848489963e-04
1.369999999997690177e+00,1.292396029616431828e-06,4.714167513474573417e-04
1.372499999997683018e+00,1.256025818471996380e-06,4.634082576879641801e-04
1.374999999997675859e+00,1.220679126585822070e-06,4.555358134381653178e-04
1.377499999997668700e+00,1.186327150337344206e-06,4.477971073714691330e-04
1.379999999997661320e+00,1.152941897000039439e-06,4.401898675251056901e-04
1.382499999997654161e+00,1.120496161099480266e-06,4.327118605325343476e-04
1.384999999997646780e+00,1.088963503139344894e-06,4.253608909678402027e-04
1.387499999997639621e+00,1.058318227499030140e-06,4.181348007014155628e-04
1.389999999997632685e+00,1.028535361815800120e-06,4.110314682664815956e-04
1.392499999997625304e+00,9.995906363836775994e-07,4.040488082357343125e-04
1.394999999997618145e+00,9.714604644358713828e-07,3.971847706093718029e-04
1.397499999997610765e+00,9.441219231090307168e-07,3.904373402139441908e-04
1.399999999997603606e+00,9.175527347403320732e-07,3.838045361088248276e-04
1.402499999997596447e+00,8.917312480395267188e-07,3.772844110069615664e-04
1.404999999997589288e+00,8.666364217822585087e-07,3.708750507015640433e-04
1.407499999997581908e+00,8.422478065173266928e-07,3.645745735048693502e-04
1.409999999997574749e+00,8.185455280018081619e-07,3.583811296954168509e-04
1.412499999997567368e+00,7.955102718691542034e-07,3.522929009750568031e-04
1.414999999997560209e+00,7.731232666947967406e-07,3.463080999349432742e-04
1.417499999997553051e+00,7.513662698159618226e-07,3.404249695315422135e-04
1.419999999997545892e+00,7.302215514471888721e-07,3.346417825697007697e-04
1.422499999997538511e+00,7.096718814255586920e-07,3.289568411961112885e-04
1.424999999997531352e+00,6.897005139085950867e-07,3.233684764013260876e-04
1.427499999997523972e+00,6.702911744159502715e-07,3.178750475284775881e-04
1.429999999997516813e+00,6.514280465570056994e-07,3.124749417932995736e-04
1.432499999997509654e+00,6.330957590035520253e-07,3.071665738090672030e-04
1.434999999997502496e+00,6.152793731027326985e-07,3.019483851220564953e-04
1.437499999997495115e+00,5.979643702457497341e-07,2.968188437537652778e-04
1.439999999997487956e+00,5.811366411820046883e-07,2.917764437512175677e-04
1.442499999997480575e+00,5.647824727950338323e-07,2.868197047445808414e-04
1.444999999997473639e+00,5.488885382704391747e-07,2.819471715131919437e-04
1.447499999997466258e+00,5.334418859974429695e-07,2.771574135570726910e-04
1.449999999997459099e+00,5.184299287585871642e-07,2.724490246785905715e-04
1.452499999997451940e+00,5.038404332509671533e-07,2.678206225685530193e-04
1.454999999997444560e+00,4.896615110019239101e-07,2.632708484003025580e-04
1.457499999997437401e+00,4.758816074222783262e-07,2.587983664316135385e-04
1.459999999997430242e+00,4.624894937024259155e-07,2.544018636117151462e-04
1.462499999997423084e+00,4.494742568371548962e-07,2.500800491962386807e-04
1.464999999997415703e+00,4.368252907149351834e-07,2.458316543679839642e-04
1.467499999997408544e+00,4.245322878188377498e-07,2.416554318649757091e-04
1.469999999997401163e+00,4.125852309220911031e-07,2.375501556134962649e-04
1.472499999997394005e+00,4.009743843897700898e-07,2.335146203686786696e-04
1.474999999997386846e+00,3.896902867297109656e-07,2.295476413607738461e-04
1.477499999997379687e+00,3.787237426357007821e-07,2.256480539465773808e-04
1.479999999997372306e+00,3.680658155525390723e-07,2.218147132684975703e-04
1.482499999997365148e+00,3.577078208570264784e-07,2.180464939174447372e-04
1.484999999997357767e+00,3.476413173920429736e-07,2.143422896034924614e-04
1.487499999997350830e+00,3.378581025393747317e-07,2.107010128302565385e-04
1.489999999997343449e+00,3.283502037468883947e-07,2.071215945754909177e-04
1.492499999997336291e+00,3.191098734756265949e-07,2.036029839786034242e-04
1.494999999997328910e+00,3.101295816842083866e-07,2.001441480302184272e-04
1.497499999997321751e+00,3.014020104655822716e-07,1.967440712703182591e-04
1.499999999997314371e+00,2.929200479280656415e-07,1.934017554895885052e-04
1.502499999997307434e+00,2.846767820613531957e-07,1.901162194364584997e-04
1.504999999997300053e+00,2.766654957972438395e-07,1.868864985291361169e-04
1.507499999997292894e+00,2.688796605758630721e-07,1.837116445718270960e-04
1.509999999997285514e+00,2.613129319469266594e-07,1.805907254774740517e-04
1.512499999997278355e+00,2.539591438528720686e-07,1.775228249928072492e-04
1.514999999997271196e+00,2.468123037632285802e-07,1.745070424303970201e-04
1.517499999997264037e+00,2.398665878739896092e-07,1.715424924035374103e-04
1.519999999997256879e+00,2.331163362552022215e-07,1.686283045669412326e-04
1.522499999997249498e+00,2.265560481446468330e-07,1.657636233604593389e-04
1.524999999997242339e+00,2.201803775378548254e-07,1.629476077589429004e-04
1.527499999997234958e+00,2.139841291077850057e-07,1.601794310240950360e-04
1.529999999997228022e+00,2.079622536697556061e-07,1.574582804623069930e-04
1.532499999997220641e+00,2.021098440577776703e-07,1.547833571866361426e-04
1.534999999997213482e+00,1.964221310436357052e-07,1.521538758814147110e-04
1.537499999997206102e+00,1.908944798257377506e-07,1.495690645722765391e-04
1.539999999997198943e+00,1.855223861734259816e-07,1.470281643987402561e-04
1.542499999997191562e+00,1.803014722717093619e-07,1.445304293925357697e-04
1.544999999997184625e+00,1.752274837161612116e-07,1.420751262576991445e-04
1.547499999997177245e+00,1.702962858719575865e-07,1.396615341557168538e-04
1.549999999997170086e+00,1.655038602088817585e-07,1.372889444937119775e-04
1.552499999997162705e+00,1.608463015175198624e-07,1.349566607163780530e-04
1.554999999997155546e+00,1.563198144646857687e-07,1.326639981019499259e-04
1.557499999997148166e+00,1.519207103820501688e-07,1.304102835605336081e-04
1.559999999997141229e+00,1.476454044951574145e-07,1.281948554364861726e-04
1.562499999997133848e+00,1.434904129451895956e-07,1.260170633152077010e-04
1.564999999997126690e+00,1.394523499743663968e-07,1.238762678307809954e-04
1.567499999997119309e+00,1.355279248611062507e-07,1.217718404792713955e-04
1.569999999997112150e+00,1.317139396863306283e-07,1.197031634337858755e-04
1.572499999997104991e+00,1.280072866057674123e-07,1.176696293630580758e-04
1.574999999997097833e+00,1.244049449574199386e-07,1.156706412533234265e-04
1.577499999997090674e+00,1.209039793162425419e-07,1.137056122330079122e-04
1.579999999997083293e+00,1.175015367364369008e-07,1.117739654003110456e-04
1.582499999997076134e+00,1.141948446499913531e-07,1.098751336539685765e-04
1.584999999997068754e+00,1.109812084068183372e-07,1.080085595267936313e-04
1.587499999997061817e+00,1.078580094870371998e-07,1.061736950216240490e-04
1.589999999997054436e+00,1.048227026651857228e-07,1.043700014512413947e-04
1.592499999997047277e+00,1.018728143787305747e-07,1.025969492793630069e-04
1.594999999997039897e+00,9.900594108419406017e-08,1.008540179655092957e-04
1.597499999997032738e+00,9.621974623411309307e-08,9.914069581236490921e-05
1.599999999997025357e+00,9.351195982513381767e-08,9.745647981555680345e-05
1.602499999997018421e+00,9.088037500662854990e-08,9.580087551542099632e-05
1.604999999997011040e+00,8.832284740244915325e-08,9.417339685264949163e-05
1.607499999997003881e+00,8.583729308830979595e-08,9.257356602467836366e-05
1.609999999996996500e+00,8.342168639225722893e-08,9.100091334653936655e-05
1.612499999996989342e+00,8.107405900771868453e-08,8.945497711189795865e-05
1.614999999996981961e+00,7.879249775577004211e-08,8.793530345814517244e-05
1.617499999996975024e+00,7.657514356030629759e-08,8.644144623258493516e-05
1.619999999996967643e+00,7.442018942093152565e-08,8.497296686252652300e-05
1.622499999996960485e+00,7.232587944506732750e-08,8.352943422525124794e-05
1.624999999996953104e+00,7.029050684236249883e-08,8.211042452210676993e-05
1.627499999996945945e+00,6.831241293482946948e-08,8.071552115417708010e-05
1.629999999996938786e+00,6.638998615031566102e-08,7.934431459966792229e-05
1.632499999996931628e+00,6.452165949335585633e-08,7.799640229371284489e-05
1.634999999996924247e+00,6.270591086500829358e-08,7.667138851027860695e-05
1.637499999996917088e+00,6.094126044317753080e-08,7.536888424637838994e-05
1.639999999996909930e+00,5.922627024936633800e-08,7.408850710686825606e-05
1.642499999996902549e+00,5.755954273458457235e-08,7.282988119318873363e-05
1.644999999996895612e+00,5.593971977595138797e-08,7.159263699242139037e-05
1.647499999996888231e+00,5.436548151517425484e-08,7.037641126897211676e-05
1.649999999996881073e+00,5.283554495636496006e-08,6.918084695829342784e-05
1.652499999996873692e+00,5.134866316078192184e-08,6.800559306102599885e-05
1.654999999996866533e+00,4.990362492976732114e-08,6.685030454126657945e-05
1.657499999996859152e+00,4.849925244453133191e-08,6.571464222447462474e-05
1.659999999996852216e+00,4.713440150149548068e-08,6.459827269775567354e-05
1.662499999996844835e+00,4.580795959845004485e-08,6.350086821246051481e-05
1.664999999996837676e+00,4.451884614181312173e-08,6.242210658815673717e-05
1.667499999996830296e+00,4.326601040536192546e-08,6.136167111701823832e-05
1.669999999996823137e+00,4.204843176449880014e-08,6.031925047177229320e-05
1.672499999996815978e+00,4.086511774468036108e-08,5.929453861430959824e-05
1.674999999996808819e+00,3.971510408383416812e-08,5.828723470494538575e-05
1.677499999996801439e+00,3.859745380656453233e-08,5.729704301534716102e-05
1.679999999996794280e+00,3.751125628192913258e-08,5.632367284040262496e-05
1.682499999996786899e+00,3.645562607216621340e-08,5.536683841412982780e-05
1.684999999996779740e+00,3.542970303630834678e-08,5.442625882480200115e-05
1.687499999996772582e+00,3.443265119064051358e-08,5.350165793298329684e-05
1.689999999996765423e+00,3.346365812804524727e-08,5.259276429032319611e-05
1.692499999996758042e+00,3.252193414963389284e-08,5.169931105990658638e-05
1.694999999996750883e+00,3.160671200560299778e-08,5.082103593788907833e-05
1.697499999996743503e+00,3.071724547115227487e-08,4.995768107638054461e-05
1.699999999996736344e+00,2.985281032818614640e-08,4.910899300788312670e-05
1.702499999996729407e+00,2.901270174302005793e-08,4.827472257098453092e-05
1.704999999996722027e+00,2.819623521593465382e-08,4.745462483678140604e-05
1.707499999996714868e+00,2.740274536304407709e-08,4.664845903766454669e-05
1.709999999996707487e+00,2.663158581188880241e-08,4.585598849565436313e-05
1.712499999996700328e+00,2.588212783909883649e-08,4.507698055396970599e-05
1.714999999996693170e+00,2.515376102932363679e-08,4.431120650825368351e-05
1.717499999996686011e+00,2.444589161698709142e-08,4.355844153882350756e-05
1.719999999996678630e+00,2.375794286913283236e-08,4.281846464618510969e-05
1.722499999996671471e+00,2.308935411520473229e-08,4.209105858424330574e-05
1.724999999996664091e+00,2.243958060667536053e-08,4.137600979810321107e-05
1.727499999996656932e+00,2.180809291606067837e-08,4.067310836090318540e-05
1.729999999996649773e+00,2.119437617142732731e-08,3.998214791132908359e-05
1.732499999996642615e+00,2.059793061760420132e-08,3.930292559446461675e-05
1.734999999996635234e+00,2.001827003472257483e-08,3.863524200127898644e-05
1.737499999996628075e+00,1.945492201485673236e-08,3.797890111031973194e-05
1.739999999996620694e+00,1.890742759275068422e-08,3.733371023021968450e-05
1.742499999996613536e+00,1.837534061260046227e-08,3.669947994285549330e-05
1.744999999996606377e+00,1.785822733856803870e-08,3.607602404821959736e-05
1.747499999996599218e+00,1.735566662557560361e-08,3.546315950952212291e-05
1.749999999996591837e+00,1.686724886711878287e-08,3.486070639923399692e-05
1.752499999996584679e+00,1.639257599493483607e-08,3.426848784671965694e-05
1.754999999996577298e+00,1.593126113789511688e-08,3.368632998568150272e-05
1.757499999996570361e+00,1.548292854384464131e-08,3.311406190362247505e-05
1.759999999996562980e+00,1.504721272339413248e-08,3.255151559178285779e-05
1.762499999996555822e+00,1.462375865469493731e-08,3.199852589535190486e-05
1.764999999996548663e+00,1.421222145074773530e-08,3.145493046512327890e-05
1.767499999996541282e+00,1.381226536007133184e-08,3.092056971014571303e-05
1.769999999996534124e+00,1.342356488490803536e-08,3.039528675020637002e-05
1.772499999996526965e+00,1.304580301203569618e-08,2.987892737072865871e-05
1.774999999996519806e+00,1.267867213799726798e-08,2.937133997665990946e-05
1.777499999996512425e+00,1.232187282102807292e-08,2.887237554799466680e-05
1.779999999996505267e+00,1.197511443643180996e-08,2.838188759687153211e-05
1.782499999996497886e+00,1.163811440148724076e-08,2.789973212348776524e-05
1.784999999996490727e+00,1.131059814927961795e-08,2.742576757474036648e-05
1.787499999996483568e+00,1.099229888411336544e-08,2.695985480194371312e-05
1.789999999996476410e+00,1.068295703073836736e-08,2.650185702052781318e-05
1.792499999996469029e+00,1.038232047870422472e-08,2.605163976947965390e-05
1.794999999996461870e+00,1.009014439667645884e-08,2.560907087212001309e-05
1.797499999996454489e+00,9.806190603230957352e-09,2.517402039673774172e-05
1.799999999996447331e+00,9.530227788768553019e-09,2.474636061985344024e-05
1.802499999996440172e+00,9.262031079160458795e-09,2.432596598702088791e-05
1.804999999996433013e+00,9.001381785877752142e-09,2.391271307675637181e-05
1.807499999996425633e+00,8.748067717054366558e-09,2.350648056493168835e-05
1.809999999996418474e+00,8.501882331072776170e-09,2.310714918783006268e-05
1.812499999996411093e+00,8.262625019411466142e-09,2.271460170779949800e-05
1.814999999996404156e+00,8.030100693634056498e-09,2.232872287915083610e-05
1.817499999996396776e+00,7.804120084258842447e-09,2.194939941421294245e-05
1.819999999996389617e+00,7.584498894795366848e-09,2.157651994915089496e-05
1.822499999996382236e+00,7.371058286053158179e-09,2.120997501269102027e-05
1.824999999996375077e+00,7.163624287582864930e-09,2.084965699279334915e-05
1.827499999996367919e+00,6.962027654337742859e-09,2.049546010563963282e-05
1.829999999996360760e+00,6.766104510404992656e-09,2.014728036487731916e-05
1.832499999996353601e+00,6.575694864603215239e-09,1.980501555007423310e-05
1.834999999996346220e+00,6.390643650634705294e-09,1.946856517787933077e-05
1.837499999996339062e+00,6.210800112259486827e-09,1.913783047166354111e-05
1.839999999996331681e+00,6.036017749091253706e-09,1.881271433288339120e-05
1.842499999996324522e+00,5.866154031990212287e-09,1.849312131233464941e-05
1.844999999996317364e+00,5.701070461719107157e-09,1.817895758292997400e-05
1.847499999996310205e+00,5.540632666472591497e-09,1.787013091076107595e-05
1.849999999996302824e+00,5.384709975061226773e-09,1.756655062918458969e-05
1.852499999996295665e+00,5.233175102337971413e-09,1.726812761195244640e-05
1.854999999996288285e+00,5.085904709544814168e-09,1.697477424658152756e-05
1.857499999996281348e+00,4.942778666745709587e-09,1.668640440912544921e-05
1.859999999996273967e+00,4.803680582532574538e-09,1.640293343883305401e-05
1.862499999996266808e+00,4.668496867935851921e-09,1.612427811303091633e-05
1.864999999996259428e+00,4.537117561743392774e-09,1.585035662287088485e-05
1.867499999996252269e+00,4.409435353888642019e-09,1.558108854919063965e-05
1.869999999996244888e+00,4.285346197309755036e-09,1.531639483926172305e-05
1.872499999996237952e+00,4.164749452823293106e-09,1.505619778299051752e-05
1.874999999996230571e+00,4.047546316552819812e-09,1.480042099067178089e-05
1.877499999996223412e+00,3.933641534408820621e-09,1.454898937035357118e-05
1.879999999996216031e+00,3.822942248578303514e-09,1.430182910556981265e-05
1.882499999996208873e+00,3.715358138504487506e-09,1.405886763369768578e-05
1.884999999996201492e+00,3.610801705050354234e-09,1.382003362534964263e-05
1.887499999996194555e+00,3.509187571612382314e-09,1.358525696265338822e-05
1.889999999996187396e+00,3.410433097139228871e-09,1.335446871858306363e-05
1.892499999996180016e+00,3.314457688646455409e-09,1.312760113744613786e-05
1.894999999996172857e+00,3.221183233657718586e-09,1.290458761465594934e-05
1.897499999996165476e+00,3.130533715606883855e-09,1.268536267654930113e-05
1.899999999996158540e+00,3.042435257771250006e-09,1.246986196250040304e-05
1.902499999996151159e+00,2.956815961478951709e-09,1.225802220466125985e-05
1.904999999996144000e+00,2.873606179582735676e-09,1.204978121020425738e-05
1.907499999996136619e+00,2.792738000368599744e-09,1.184507784289332434e-05
1.909999999996129461e+00,2.714145624744680397e-09,1.164385200492958179e-05
1.912499999996122080e+00,2.637764964598233712e-09,1.144604461961961937e-05
1.914999999996115143e+00,2.563533808507252860e-09,1.125159761394885616e-05
1.917499999996107762e+00,2.491391673542924383e-09,1.106045390102039294e-05
1.919999999996100604e+00,2.421279668702072675e-09,1.087255736433257289e-05
1.922499999996093223e+00,2.353140776139007274e-09,1.068785284027975022e-05
1.924999999996086064e+00,2.286919325926850076e-09,1.050628610250231286e-05
1.927499999996078683e+00,2.222561676052311818e-09,1.032780384571193787e-05
1.929999999996071747e+00,2.160014962352859044e-09,1.015235367065153886e-05
1.932499999996064366e+00,2.099228487146653808e-09,9.979884067533339228e-06
1.934999999996057207e+00,2.040152675410847640e-09,9.810344402030598892e-06
1.937499999996049826e+00,1.982739285445080803e-09,9.643684900291568600e-06
1.939999999996042668e+00,1.926941610266357433e-09,9.479856633269693797e-06
1.942499999996035509e+00,1.872714211951894138e-09,9.318811503926620530e-06
1.944999999996028350e+00,1.820012877448925373e-09,9.160502231552585605e-06
1.947499999996020970e+00,1.768794642209919961e-09,9.004882339381038147e-06
1.949999999996013811e+00,1.719017782560473025e-09,8.851906139629212749e-06
1.952499999996006652e+00,1.670641696321154816e-09,8.701528720942610908e-06
1.954999999995999271e+00,1.623627028046981400e-09,8.553705934836268511e-06
1.957499999995992335e+00,1.577935375706338630e-09,8.408394382871378357e-06
1.959999999995984954e+00,1.533529693379331251e-09,8.265551403910002337e-06
1.962499999995977795e+00,1.490373484053340187e-09,8.125135061485823747e-06
1.964999999995970414e+00,1.448431889730866525e-09,7.987104131418870494e-06
1.967499999995963256e+00,1.407670494079906938e-09,7.851418090008504308e-06
1.969999999995955875e+00,1.368056327761235380e-09,7.718037102204856361e-06
1.972499999995948938e+00,1.329556887052752488e-09,7.586922009238648833e-06
1.974999999995941558e+00,1.292140856270743839e-09,7.458034317765210699e-06
1.977499999995934399e+00,1.255777901211400561e-09,7.331336188367653795e-06
1.979999999995927018e+00,1.220438137295103228e-09,7.206790424566803285e-06
1.982499999995919859e+00,1.186092978756157992e-09,7.084360461587663757e-06
1.984999999995912701e+00,1.152714331941856013e-09,6.964010356025356383e-06
1.987499999995905542e+00,1.120274979786730664e-09,6.845704774627353373e-06
1.989999999995898161e+00,1.088748556074302747e-09,6.729408985236087758e-06
1.992499999995891002e+00,1.058109334716530802e-09,6.615088844828070599e-06
1.994999999995883622e+00,1.028332336105807576e-09,6.502710790900862718e-06
1.997499999995876463e+00,9.993933177641937763e-10,6.392241831105945387e-06
1.999999999995869304e+00,9.712687419170608306e-10,6.283649533575292359e-06
2.002499999995862368e+00,9.439355647960008643e-10,6.176902017123367920e-06
2.004999999995854765e+00,9.173716151994095316e-10,6.071967942138563176e-06
2.007499999995847606e+00,8.915552323307423864e-10,5.968816502214028568e-06
2.009999999995840447e+00,8.664653770036457675e-10,5.867417413267232429e-06
2.012499999995833289e+00,8.420815222457304297e-10,5.767740906088059035e-06
2.014999999995826130e+00,8.183839627695973341e-10,5.669757717446503411e-06
2.017499999995818971e+00,7.953531843505595844e-10,5.573439080960361894e-06
2.019999999995811812e+00,7.729707172241336224e-10,5.478756718947616282e-06
2.022499999995804210e+00,7.512179719703894775e-10,5.385682834069037571e-06
2.024999999995797051e+00,7.300773274071626886e-10,5.294190101346527582e-06
2.027499999995789892e+00,7.095318223003457226e-10,5.204251660023024755e-06
2.029999999995782733e+00,6.895642864971140936e-10,5.115841105407807964e-06
2.032499999995775575e+00,6.701587987666901674e-10,5.028932481700088633e-06
2.034999999995768416e+00,6.512994543721334848e-10,4.943500273886028452e-06
2.037499999995760813e+00,6.329707176994575216e-10,4.859519400216364278e-06
2.039999999995753655e+00,6.151579571527887912e-10,4.776965205473768453e-06
2.042499999995746496e+00,5.978463218107354845e-10,4.695813452971348679e-06
2.044999999995739337e+00,5.810219395598899562e-10,4.616040317726270579e-06
2.047499999995732178e+00,5.646709366108260926e-10,4.537622379755323364e-06
2.049999999995725020e+00,5.487800939081185417e-10,4.460536616476166934e-06
2.052499999995717417e+00,5.333366194615015735e-10,4.384760396998875300e-06
2.054999999995710258e+00,5.183275591475893403e-10,4.310271474546585824e-06
2.057499999995703099e+00,5.037409554698737163e-10,4.237047980322027769e-06
2.059999999995695941e+00,4.895648223980616111e-10,4.165068417029661652e-06
2.062499999995688782e+00,4.757876497768355045e-10,4.094311652694338573e-06
2.064999999995681623e+00,4.623982324666492779e-10,4.024756913961392422e-06
2.067499999995674020e+00,4.493854450335080132e-10,3.956383781129354073e-06
2.069999999995666862e+00,4.367389844284817454e-10,3.889172180378910293e-06
2.072499999995659703e+00,4.244484936574343567e-10,3.823102379867623606e-06
2.074999999995652544e+00,4.125038108366232793e-10,3.758154982314917783e-06
2.077499999995645386e+00,4.008952018918180003e-10,3.694310920216577590e-06
2.079999999995638227e+00,3.896133982681030105e-10,3.631551449977234245e-06
2.082499999995631068e+00,3.786489108416768849e-10,3.569858146369484153e-06
2.084999999995623909e+00,3.679931122847566420e-10,3.509212897267505169e-06
2.087499999995616751e+00,3.576371627211720100e-10,3.449597898124212059e-06
2.089999999995609148e+00,3.475726854108451399e-10,3.390995646816892020e-06
2.092499999995601989e+00,3.377914159942514767e-10,3.333388938857999514e-06
2.094999999995594830e+00,3.282854059555559044e-10,3.276760861659445134e-06
2.097499999995587672e+00,3.190468860394359116e-10,3.221094790247417806e-06
2.099999999995580513e+00,3.100683964437429265e-10,3.166374381647411429e-06
2.102499999995573354e+00,3.013424830834494782e-10,3.112583571070749565e-06
2.104999999995565751e+00,2.928622008791681263e-10,3.059706566319046398e-06
2.107499999995558593e+00,2.846205331851892077e-10,3.007727843583474739e-06
2.109999999995551434e+00,2.766108458144314636e-10,2.956632142607635298e-06
2.112499999995544275e+00,2.688265793055318384e-10,2.906404462545550329e-06
2.114999999995537117e+00,2.612613095044077944e-10,2.857030057312344249e-06
2.117499999995529958e+00,2.539089532521700052e-10,2.808494431297018142e-06
2.119999999995522355e+00,2.467634795592048367e-10,2.760783335421894515e-06
2.122499999995515196e+00,2.398192371190045079e-10,2.713882762405515660e-06
2.124999999995508038e+00,2.330702682133315108e-10,2.667778942521175723e-06
2.127499999995500879e+00,2.265113364543217109e-10,2.622458341103259943e-06
2.129999999995493720e+00,2.201369057160345949e-10,2.577907652381484303e-06
2.132499999995486561e+00,2.139418382189274641e-10,2.534113796824440968e-06
2.134999999995478959e+00,2.079211860153851884e-10,2.491063917336098479e-06
2.137499999995471800e+00,2.020699659913580043e-10,2.448745375367645663e-06
2.139999999995464641e+00,1.963833209619536426e-10,2.407145746765708817e-06
2.142499999995457483e+00,1.908567098489745283e-10,2.366252818449465177e-06
2.144999999995450324e+00,1.854857425551905037e-10,2.326054584763662094e-06
2.147499999995443165e+00,1.802658005098007370e-10,2.286539244417276484e-06
2.149999999995436006e+00,1.751928097607942284e-10,2.247695196310140724e-06
2.152499999995428404e+00,1.702626942365780816e-10,2.209511036159985455e-06
2.154999999995421245e+00,1.654712415051521794e-10,2.171975553833132990e-06
2.157499999995414086e+00,1.608145069955679750e-10,2.135077729600423221e-06
2.159999999995406927e+00,1.562889192182004877e-10,2.098806730671554172e-06
2.162499999995399769e+00,1.518906792968173899e-10,2.063151908451909476e-06
2.164999999995392610e+00,1.476162790390741063e-10,2.028102795544894373e-06
2.167499999995385007e+00,1.434620536819716966e-10,1.993649101825799508e-06
2.169999999995378293e+00,1.394247428515338234e-10,1.959780712191048472e-06
2.172499999995370690e+00,1.355012344623368083e-10,1.926487683695971821e-06
2.174999999995363531e+00,1.316878706655467658e-10,1.893760241619602337e-06
2.177499999995356372e+00,1.279819596975853539e-10,1.861588777886291594e-06
2.179999999995349214e+00,1.243803644130850456e-10,1.829963847626883673e-06
2.182499999995341611e+00,1.208799987754405807e-10,1.798876165923833726e-06
2.184999999995334896e+00,1.174782356204926956e-10,1.768316606181348237e-06
2.187499999995327293e+00,1.141723363396878928e-10,1.738276196541194963e-06
2.189999999995320135e+00,1.109592693074152465e-10,1.708746117543297885e-06
2.192499999995312976e+00,1.078366998482810983e-10,1.679717699713911687e-06
2.194999999995305817e+00,1.048019337310517051e-10,1.651182420608258949e-06
2.197499999995298214e+00,1.018527129244538772e-10,1.623131902956331399e-06
2.199999999995291500e+00,9.898639672918860886e-11,1.595557911241667097e-06
2.202499999995283897e+00,9.620068165840169826e-11,1.568452350480797970e-06
2.204999999995276738e+00,9.349342279342775608e-11,1.541807262773949973e-06
2.207499999995269580e+00,9.086244278587617368e-11,1.515614825368912743e-06
2.209999999995262421e+00,8.830541557366916721e-11,1.489867348993134962e-06
2.212499999995255262e+00,8.582029928179882984e-11,1.464557274199845080e-06
2.214999999995248103e+00,8.340512400864773611e-11,1.439677170578564732e-06
2.217499999995240501e+00,8.105793894854442389e-11,1.415219733477147556e-06
2.219999999995233342e+00,7.877692500731307834e-11,1.391177782876842149e-06
2.222499999995226183e+00,7.655999382829457374e-11,1.367544260260516071e-06
2.224999999995219024e+00,7.440543324422932653e-11,1.344312227190450253e-06
2.227499999995211422e+00,7.231146212881876023e-11,1.321474863241154461e-06
2.229999999995204263e+00,7.027667457357429514e-11,1.299025463569879015e-06
2.232499999995197104e+00,6.829885752127322644e-11,1.276957437376689198e-06
2.234999999995190390e+00,6.637688787101732113e-11,1.255264306041292414e-06
2.237499999995182787e+00,6.450898534850663153e-11,1.233939700636298529e-06
2.239999999995175628e+00,6.269355187231141244e-11,1.212977360549944934e-06
2.242499999995168469e+00,6.092918972312914348e-11,1.192371131530632898e-06
2.244999999995161311e+00,5.921454779112422591e-11,1.172114964087738888e-06
2.247499999995153708e+00,5.754818492396861167e-11,1.152202911430768802e-06
2.249999999995146549e+00,5.592862672598129054e-11,1.132629127196266065e-06
2.252499999995139390e+00,5.435468643490915043e-11,1.113387865356124127e-06
2.254999999995132232e+00,5.282510943618622529e-11,1.094473476606120672e-06
2.257499999995124629e+00,5.133846292304666893e-11,1.075880408242131800e-06
2.259999999995117470e+00,4.989369552167493587e-11,1.057603201381708527e-06
2.262499999995110755e+00,4.848966217260400193e-11,1.039636490472275697e-06
2.264999999995103597e+00,4.712511141207903265e-11,1.021975000505933062e-06
2.267499999995096438e+00,4.579890123398186411e-11,1.004613546309357072e-06
2.269999999995088835e+00,4.451003648522401621e-11,9.875470311285619215e-07
2.272499999995081676e+00,4.325744925067409444e-11,9.707704441589554992e-07
2.274999999995074518e+00,4.204020568164715330e-11,9.542788601236129045e-07
2.277499999995067359e+00,4.085700070011429843e-11,9.380674374787218479e-07
2.279999999995059756e+00,3.970722869771394167e-11,9.221314167707298510e-07
2.282499999995052598e+00,3.858981754851343916e-11,9.064661193303504135e-07
2.284999999995045439e+00,3.750382906087270593e-11,8.910669462047920099e-07
2.287499999995038280e+00,3.644833678598543142e-11,8.759293765517959032e-07
2.289999999995030677e+00,3.542268284990735083e-11,8.610489657724575744e-07
2.292499999995023963e+00,3.442584628188793765e-11,8.464213455522154937e-07
2.294999999995016804e+00,3.345712987285455033e-11,8.320422214805262258e-07
2.297499999995009645e+00,3.251546337999126315e-11,8.179073719636031985e-07
2.299999999995002042e+00,3.160044427923900806e-11,8.040126472673010238e-07
2.302499999994994884e+00,3.071113861507348081e-11,7.903539681143083411e-07
2.304999999994987725e+00,2.984679994333359794e-11,7.769273243386740968e-07
2.307499999994980566e+00,2.900692221759663479e-11,7.637287745453356635e-07
2.309999999994972963e+00,2.819063629215219241e-11,7.507544432258490462e-07
2.312499999994965805e+00,2.739734716864895064e-11,7.380005217271661930e-07
2.314999999994958646e+00,2.662631307626479917e-11,7.254632658908792084e-07
2.317499999994951487e+00,2.587702365336517553e-11,7.131389946082212148e-07
2.319999999994944329e+00,2.514883567381364774e-11,7.010240895148369715e-07
2.322499999994937170e+00,2.444105110320602379e-11,6.891149944202437153e-07
2.324999999994930011e+00,2.375324279927339925e-11,6.774082125290487335e-07
2.327499999994922852e+00,2.308473431355017686e-11,6.659003072664540153e-07
2.329999999994915694e+00,2.243514251140767316e-11,6.545878997165103473e-07
2.332499999994908091e+00,2.180375300656876401e-11,6.434676689522389807e-07
2.334999999994900932e+00,2.119019030518069354e-11,6.325363501947168002e-07
2.337499999994893773e+00,2.059390965281112812e-11,6.217907342720751091e-07
2.339999999994886615e+00,2.001425856497720516e-11,6.112276664468373603e-07
2.342499999994879012e+00,1.945103136602009148e-11,6.008440453672675910e-07
2.344999999994871853e+00,1.890360716208552924e-11,5.906368227104026811e-07
2.347499999994864694e+00,1.837170142050226941e-11,5.806030017709128274e-07
2.349999999994857980e+00,1.785470238770174241e-11,5.707396367854759830e-07
2.352499999994850377e+00,1.735226439602450730e-11,5.610438321217965389e-07
2.354999999994843218e+00,1.686394100893368381e-11,5.515127411259769704e-07
2.357499999994836060e+00,1.638928923313702121e-11,5.421435656907466046e-07
2.359999999994828901e+00,1.592806739146035469e-11,5.329335548421424665e-07
2.362499999994821298e+00,1.547977111831989357e-11,5.238800052510790629e-07
2.364999999994814139e+00,1.504424861859515976e-11,5.149802584263035355e-07
2.367499999994806981e+00,1.462083068132635083e-11,5.062317018574279775e-07
2.369999999994799822e+00,1.420944148036566873e-11,4.976317668851470380e-07
2.372499999994792219e+00,1.380945532205390268e-11,4.891779289030290164e-07
2.374999999994785060e+00,1.342091726257247015e-11,4.808677059543605750e-07
2.377499999994778346e+00,1.304317293005813646e-11,4.726986581902895978e-07
2.379999999994771187e+00,1.267610805335547338e-11,4.646683874539235434e-07
2.382499999994763584e+00,1.231941358792513404e-11,4.567745358466169677e-07
2.384999999994756426e+00,1.197264287737440398e-11,4.490147861830155160e-07
2.387499999994749267e+00,1.163573394025923823e-11,4.413868603924740417e-07
2.389999999994742108e+00,1.130838146205064217e-11,4.338885186302711812e-07
2.392499999994734949e+00,1.099008857931499500e-11,4.265175598169530832e-07
2.394999999994727347e+00,1.068080145502007302e-11,4.192718199099635801e-07
2.397499999994720188e+00,1.038020281369614612e-11,4.121491717118136715e-07
2.399999999994713029e+00,1.008818394988485326e-11,4.051475239584371684e-07
2.402499999994705870e+00,9.804250564343142858e-12,3.982648211020946139e-07
2.404999999994698712e+00,9.528235320183538861e-12,3.914990427256661994e-07
2.407499999994691553e+00,9.260175184604869752e-12,3.848482023484963514e-07
2.409999999994684394e+00,8.999575591288392477e-12,3.783103471317747078e-07
2.412499999994677236e+00,8.746255004958119254e-12,3.718835580731415677e-07
2.414999999994669633e+00,8.500136009841921632e-12,3.655659482988167886e-07
2.417499999994662474e+00,8.261036536454561772e-12,3.593556628886820305e-07
2.419999999994655315e+00,8.028441105943034508e-12,3.532508786572318942e-07
2.422499999994648157e+00,7.802657036079610630e-12,3.472498032536552551e-07
2.424999999994640554e+00,7.582944390427662099e-12,3.413506751884100212e-07
2.427499999994633395e+00,7.369578018952336187e-12,3.355517620647521710e-07
2.429999999994626236e+00,7.162182572799740722e-12,3.298513619816262900e-07
2.432499999994619078e+00,6.960509098907319533e-12,3.242478009007312050e-07
2.434999999994611919e+00,6.764682205307259743e-12,3.187394338836397676e-07
2.437499999994604760e+00,6.574432825623739724e-12,3.133246438515488606e-07
2.439999999994597601e+00,6.389376282925387342e-12,3.080018411389889611e-07
2.442499999994590443e+00,6.209563661340949661e-12,3.027694628263336966e-07
2.444999999994582840e+00,6.034832939319273215e-12,2.976259727209389628e-07
2.447499999994575681e+00,5.864967396361442020e-12,2.925698611657281411e-07
2.449999999994568523e+00,5.699908769842386904e-12,2.875996434787378699e-07
2.452499999994561364e+00,5.539494063756504495e-12,2.827138605290003399e-07
2.454999999994554205e+00,5.383692335518052019e-12,2.779110779883333632e-07
2.457499999994546602e+00,5.232151456701338811e-12,2.731898857609890438e-07
2.459999999994539444e+00,5.084928716121451538e-12,2.685488977013689313e-07
2.462499999994532729e+00,4.941820447688410959e-12,2.639867515345192845e-07
2.464999999994525570e+00,4.802679700394633529e-12,2.595021076356833320e-07
2.467499999994517967e+00,4.667522357398689151e-12,2.550936495854596887e-07
2.469999999994510809e+00,4.536167527160387987e-12,2.507600829727024443e-07
2.472499999994503650e+00,4.408553762850095291e-12,2.465001357881734255e-07
2.474999999994496491e+00,4.284473761498075029e-12,2.423125569502098831e-07
2.477499999994488888e+00,4.163859625249963820e-12,2.381961173909949862e-07
2.479999999994481730e+00,4.046730112486442526e-12,2.341496083009679550e-07
2.482499999994474571e+00,3.932972668633539672e-12,2.301718423122621774e-07
2.484999999994467412e+00,3.822157285826774768e-12,2.262616508221318915e-07
2.487499999994459809e+00,3.714567777365439609e-12,2.224178862288057909e-07
2.489999999994453095e+00,3.609949996421611804e-12,2.186394200378335387e-07
2.492499999994445936e+00,3.508462852660430758e-12,2.149251430686417664e-07
2.494999999994438777e+00,3.409777780875088232e-12,2.112739645864956363e-07
2.497499999994431175e+00,3.313784783793792607e-12,2.076848130411736163e-07
2.499999999994424016e+00,3.220477036247549933e-12,2.041566342985116842e-07
2.502499999994416857e+00,3.129914355478301305e-12,2.006883929528894301e-07
2.504999999994409698e+00,3.041811131185912877e-12,1.972790705682173802e-07
2.507499999994402096e+00,2.956240710872343158e-12,1.939276660428549112e-07
2.509999999994394937e+00,2.872999818823306128e-12,1.906331958221524692e-07
2.512499999994387778e+00,2.792070289866424793e-12,1.873946923268042494e-07
2.514999999994380619e+00,2.713516353450419384e-12,1.842112052396089813e-07
2.517499999994373461e+00,2.637160504236220451e-12,1.810817994482205521e-07
2.519999999994366302e+00,2.563032256140050940e-12,1.780055565050347557e-07
2.522499999994359143e+00,2.490801766836507343e-12,1.749815733069643275e-07
2.524999999994351985e+00,2.420729880167341402e-12,1.720089618072583507e-07
2.527499999994344826e+00,2.352635126303540087e-12,1.690868496285427759e-07
2.529999999994337223e+00,2.286447811500149237e-12,1.662143785502129918e-07
2.532499999994330064e+00,2.222068340892181553e-12,1.633907054357727747e-07
2.534999999994322906e+00,2.159528994130700398e-12,1.606150012654634240e-07
2.537499999994315747e+00,2.098816906758596289e-12,1.578864513198041548e-07
2.539999999994308144e+00,2.039731947322797785e-12,1.552042541924974615e-07
2.542499999994300985e+00,1.982323801556063806e-12,1.525676225281001332e-07
2.544999999994293827e+00,1.926493274513518518e-12,1.499757825739166983e-07
2.547499999994287112e+00,1.872207481525258199e-12,1.474279729239305879e-07
2.549999999994279509e+00,1.819668933507619087e-12,1.449234459960682418e-07
2.552499999994272351e+00,1.768392337244075283e-12,1.424614661004317343e-07
2.554999999994265192e+00,1.718619106109741279e-12,1.400413108319905844e-07
2.557499999994258033e+00,1.670246367521585496e-12,1.376622693914617047e-07
2.559999999994250430e+00,1.623363197525110232e-12,1.353236434255763287e-07
2.562499999994243272e+00,1.577484704432918606e-12,1.330247465305620028e-07
2.564999999994236113e+00,1.533203795976036065e-12,1.307649035134686848e-07
2.567499999994228954e+00,1.490059539868865691e-12,1.285434511306367365e-07
2.569999999994221351e+00,1.448074892888778670e-12,1.263597370097192532e-07
2.572499999994214193e+00,1.407335745964463581e-12,1.242131200120654951e-07
2.574999999994207034e+00,1.367730268637499421e-12,1.221029702043055267e-07
2.577499999994200319e+00,1.329246263495341301e-12,1.200286679115954979e-07
2.579999999994193161e+00,1.291898741168285762e-12,1.179896041025742002e-07
2.582499999994185558e+00,1.255501758469834752e-12,1.159851804202831309e-07
2.584999999994178399e+00,1.220151313744042237e-12,1.140148078017246456e-07
2.587499999994171240e+00,1.185798273449735769e-12,1.120779083910660226e-07
2.589999999994164082e+00,1.152516659430832481e-12,1.101739133065966313e-07
2.592499999994156479e+00,1.119953220200431244e-12,1.083022634526034928e-07
2.594999999994149320e+00,1.088540463301623830e-12,1.064624094219327656e-07
2.597499999994142161e+00,1.057903047128795822e-12,1.046538110192205089e-07
2.599999999994135003e+00,1.028137774740661134e-12,1.028759375988696287e-07
2.602499999994127400e+00,9.991156332736729230e-13,1.011282666869294028e-07
2.604999999994120685e+00,9.709467393327377487e-13,9.941028569096802965e-08
2.607499999994113526e+00,9.438033703725937365e-13,9.772148973937093605e-08
2.609999999994106368e+00,9.170534839798822232e-13,9.606138353629019078e-08
2.612499999994098765e+00,8.913251382044984992e-13,9.442947932005832945e-08
2.614999999994091606e+00,8.663004462294469341e-13,9.282529822924336068e-08
2.617499999994084448e+00,8.419563496744220262e-13,9.124836896635031855e-08
2.619999999994077289e+00,8.181728431326248461e-13,8.969822892222025708e-08
2.622499999994069686e+00,7.951816849043144223e-13,8.817442287245603383e-08
2.624999999994062527e+00,7.728498895260081826e-13,8.667650347354202732e-08
2.627499999994055369e+00,7.510550450527317138e-13,8.520403086803866568e-08
2.629999999994048210e+00,7.298435611641992209e-13,8.375657290675899670e-08
2.632499999994041051e+00,7.093154359225784286e-13,8.233370453014802154e-08
2.634999999994033892e+00,6.894019608725780772e-13,8.093500811969532992e-08
2.637499999994026734e+00,6.699964680729560552e-13,7.956007298967705644e-08
2.639999999994019575e+00,6.511192764405972791e-13,7.820849529527932853e-08
2.642499999994012416e+00,6.328633584005360140e-13,7.687987855964052306e-08
2.644999999994004813e+00,6.149954123480716825e-13,7.557383222029030540e-08
2.647499999993997655e+00,5.977121917189752762e-13,7.428997340832871645e-08
2.649999999993990496e+00,5.808554343103730822e-13,7.302792490275670321e-08
2.652499999993983337e+00,5.645317854284242428e-13,7.178731634108156061e-08
2.654999999993975734e+00,5.486509958050365863e-13,7.056778340291765869e-08
2.657499999993968576e+00,5.332177676797226460e-13,6.936896801424812025e-08
2.659999999993961417e+00,5.182070913173873382e-13,6.819051834479270559e-08
2.662499999993954702e+00,5.036701245890642902e-13,6.703208829080860825e-08
2.664999999993947100e+00,4.894003497449316232e-13,6.589333786712340216e-08
2.667499999993939941e+00,4.756541329172187336e-13,6.477393267597085807e-08
2.669999999993932782e+00,4.623680537120565681e-13,6.367354399680062934e-08
2.672499999993925623e+00,4.492474952335567553e-13,6.259184892529459622e-08
2.674999999993918021e+00,4.365926346192997126e-13,6.152852980279264803e-08
2.677499999993910862e+00,4.243956905103096465e-13,6.048327452065847466e-08
2.679999999993903703e+00,4.124141920258882280e-13,5.945577623951792969e-08
2.682499999993896544e+00,4.009178689132999667e-13,5.844573320369933073e-08
2.684999999993888942e+00,3.894643296189830140e-13,5.745284889770334113e-08
2.687499999993881783e+00,3.785654935239508805e-13,5.647683179360679324e-08
2.689999999993875068e+00,3.678658494143025636e-13,5.551739546665427041e-08
2.692499999993867910e+00,3.575686602996185847e-13,5.457425824839091528e-08
2.694999999993860307e+00,3.475417961883176388e-13,5.364714307123846838e-08
2.697499999993853148e+00,3.376690782697702256e-13,5.273577795795991376e-08
2.699999999993845989e+00,3.281016113946131699e-13,5.183989520310782939e-08
2.702499999993838831e+00,3.188991665399341633e-13,5.095923179730804096e-08
2.704999999993831672e+00,3.099962848023274090e-13,5.009352910788697412e-08
2.707499999993824069e+00,3.012500249096410881e-13,4.924253334821765302e-08
2.709999999993816910e+00,2.926874463724151555e-13,4.840599445073544879e-08
2.712499999993809752e+00,2.845474896648526280e-13,4.758366642385114150e-08
2.714999999993802593e+00,2.765058886362633320e-13,4.677530870372876255e-08
2.717499999993795434e+00,2.687207402802738564e-13,4.598068321327502281e-08
2.719999999993788276e+00,2.610896948555628619e-13,4.519955695767254154e-08
2.722499999993781117e+00,2.538435716094183757e-13,4.443170062712458002e-08
2.724999999993773958e+00,2.467292547102223987e-13,4.367688860230154287e-08
2.727499999993766355e+00,2.397537593279940506e-13,4.293489962611593299e-08
2.729999999993759197e+00,2.330601792134937236e-13,4.220551558764521579e-08
2.732499999993752038e+00,2.263811323556756867e-13,4.148852235526199126e-08
2.734999999993744879e+00,2.200961665875335930e-13,4.078370951994608552e-08
2.737499999993737276e+00,2.139210409116496682e-13,4.009087016191670364e-08
2.739999999993730118e+00,2.077505249821397332e-13,3.940980089926030656e-08
2.742499999993722959e+00,2.019424603412485626e-13,3.874030159079370312e-08
2.744999999993715800e+00,1.962517121359748729e-13,3.808217603535412256e-08
2.747499999993708641e+00,1.907769133193649380e-13,3.743523060688025814e-08
2.749999999993701483e+00,1.853876699729100708e-13,3.679927569536718080e-08
2.752499999993694324e+00,1.802066496167610793e-13,3.617412433685963308e-08
2.754999999993687165e+00,1.751414520286322834e-13,3.555959345198212896e-08
2.757499999993679562e+00,1.701874869250370691e-13,3.495550208216261167e-08
2.759999999993672404e+00,1.654475590993429661e-13,3.436167305018813669e-08
2.762499999993665245e+00,1.607906180889717888e-13,3.377793221770115690e-08
2.764999999993658086e+00,1.561796938986934617e-13,3.320410797158668883e-08
2.767499999993650928e+00,1.518330940553650918e-13,3.264003209107750557e-08
2.769999999993643325e+00,1.475041938676945383e-13,3.208553853729181040e-08
2.772499999993636166e+00,1.434428526210075707e-13,3.154046502384712987e-08
2.774999999993629451e+00,1.394015886458599450e-13,3.100465101286095449e-08
2.777499999993622293e+00,1.354434623089338558e-13,3.047793968998157122e-08
2.779999999993614690e+00,1.315649015215748293e-13,2.996017625667774541e-08
2.782499999993607531e+00,1.278695649173831509e-13,2.945120867866097574e-08
2.784999999993600373e+00,1.243096310152349861e-13,2.895088734766408360e-08
2.787499999993593214e+00,1.207850819898668837e-13,2.845906571447778793e-08
2.789999999993585611e+00,1.173598891707653945e-13,2.797559906412502605e-08
2.792499999993578452e+00,1.140876835442221542e-13,2.750034573419913798e-08
2.794999999993571294e+00,1.108203712995780612e-13,2.703316590526567913e-08
2.797499999993564135e+00,1.077270209734100851e-13,2.657392274601400981e-08
2.799999999993556532e+00,1.047366784069065929e-13,2.612248131109900042e-08
2.802499999993549373e+00,1.017128775871980645e-13,2.567870889984143878e-08
2.804999999993542659e+00,9.888475379367058385e-14,2.524247536578343704e-08
2.807499999993535500e+00,9.610373624545451073e-14,2.481365265832676632e-08
2.809999999993527897e+00,9.340756689163080025e-14,2.439211488991617157e-08
2.812499999993520738e+00,9.085620178787538415e-14,2.397773819116261141e-08
2.814999999993513580e+00,8.830433904049279316e-14,2.357040113250752220e-08
2.817499999993506421e+00,8.581534680652959637e-14,2.316998392348108160e-08
2.819999999993498818e+00,8.328400659313647232e-14,2.277636890252090743e-08
2.822499999993491659e+00,8.105736416922741826e-14,2.238944082558466763e-08
2.824999999993484501e+00,7.874748954816744897e-14,2.200908577738587430e-08
2.827499999993477342e+00,7.650069493790281027e-14,2.163519233910817781e-08
2.829999999993470183e+00,7.445891366804731737e-14,2.126765083723122413e-08
2.832499999993463025e+00,7.222577079539212111e-14,2.090635292535954148e-08
2.834999999993455866e+00,7.019170050482960384e-14,2.055119282010503683e-08
2.837499999993448707e+00,6.832499173023917161e-14,2.020206632255551542e-08
2.839999999993441548e+00,6.631550334913011863e-14,1.985887089663070764e-08
2.842499999993433946e+00,6.449315523474131893e-14,1.952150565320106634e-08
2.844999999993426787e+00,6.264409247973464633e-14,1.918987160403725074e-08
2.847499999993419628e+00,6.081065822338132911e-14,1.886387118693114323e-08
2.849999999993412469e+00,5.922615615536759564e-14,1.854340942860219579e-08
2.852499999993404867e+00,5.750228365949157301e-14,1.822839118644256449e-08
2.854999999993397708e+00,5.587119709687302647e-14,1.791872465874371821e-08
2.857499999993390549e+00,5.435601110385710394e-14,1.761431897787551981e-08
2.859999999993383835e+00,5.278248938302433497e-14,1.731508445726155505e-08
2.862499999993376232e+00,5.134037649506532526e-14,1.702093341163229284e-08
2.864999999993369073e+00,4.980976531201080414e-14,1.673177942411479279e-08
2.867499999993361914e+00,4.844472348669356190e-14,1.644753752075693868e-08
2.869999999993354756e+00,4.713439209987092177e-14,1.616812440236954112e-08
2.872499999993347153e+00,4.574849141990618644e-14,1.589345807680921486e-08
2.874999999993339994e+00,4.454517308335023689e-14,1.562345781508979999e-08
2.877499999993332835e+00,4.317541556116677320e-14,1.535804437517389962e-08
2.879999999993325677e+00,4.207866559417747709e-14,1.509713982757842763e-08
2.882499999993318074e+00,4.085078349063139175e-14,1.484066725506657322e-08
2.884999999993310915e+00,3.974590991279081378e-14,1.458855217687463933e-08
2.887499999993303756e+00,3.862283131023181808e-14,1.434071971472868781e-08
2.889999999993297042e+00,3.740392150278437085e-14,1.409709742163303292e-08
2.892499999993289883e+00,3.638516226363341775e-14,1.385761407624904411e-08
2.894999999993282280e+00,3.532964778686252476e-14,1.362219895113147476e-08
2.897499999993275122e+00,3.446000054409545872e-14,1.339078331572074225e-08
2.899999999993267963e+00,3.344470320185858738e-14,1.316329864964471457e-08
2.902499999993260804e+00,3.252328628172762892e-14,1.293967880971362222e-08
2.904999999993253201e+00,3.152505835108220420e-14,1.271985766984379079e-08
2.907499999993246043e+00,3.066475416247080190e-14,1.250377104594816625e-08
2.909999999993238884e+00,2.979577387021188359e-14,1.229135525304439086e-08
2.912499999993231725e+00,2.900150113796078253e-14,1.208254797871292838e-08
2.914999999993224122e+00,2.817104553825159325e-14,1.187728794335494651e-08
2.917499999993217408e+00,2.738373192284919776e-14,1.167551497259811097e-08
2.919999999993210249e+00,2.665775288022249744e-14,1.147716968838708760e-08
2.922499999993203090e+00,2.597713750956930676e-14,1.128219392770431223e-08
2.924999999993195487e+00,2.512415139281782059e-14,1.109053049986548794e-08
2.927499999993188329e+00,2.435470880885995824e-14,1.090212284822285960e-08
2.929999999993181170e+00,2.368016781577435728e-14,1.071691618621496796e-08
2.932499999993174011e+00,2.304039140504100835e-14,1.053485571182084112e-08
2.934999999993166409e+00,2.243865171991686033e-14,1.035588826417777330e-08
2.937499999993159250e+00,2.180039938234091310e-14,1.017996093149653793e-08
2.939999999993152091e+00,2.109974497004275297e-14,1.000702238146670279e-08
2.942499999993144932e+00,2.057850098607295499e-14,9.837021652071387765e-09
2.944999999993137774e+00,2.006286820935606988e-14,9.669908967351473062e-09
2.947499999993130615e+00,1.946210735199321555e-14,9.505635178171560993e-09
2.949999999993123456e+00,1.893474906952343931e-14,9.344152036455983364e-09
2.952499999993116298e+00,1.839491555479474189e-14,9.185412398215141072e-09
2.954999999993109139e+00,1.784537134527010959e-14,9.029369150106939929e-09
2.957499999993101536e+00,1.732793611734044658e-14,8.875977012488061994e-09
2.959999999993094377e+00,1.690252221216139169e-14,8.725190762053327610e-09
2.962499999993087219e+00,1.635508349940211686e-14,8.576966188401851272e-09
2.964999999993080060e+00,1.588104540619832508e-14,8.431259478627909050e-09
2.967499999993072457e+00,1.539044133610534384e-14,8.288027923430857123e-09
2.969999999993065298e+00,1.499613258829273116e-14,8.147229714148896777e-09
2.972499999993058140e+00,1.457972823002337186e-14,8.008823388395579870e-09
2.974999999993051425e+00,1.423422087725732965e-14,7.872768419963996851e-09
2.977499999993043822e+00,1.377060647864817381e-14,7.739024689997631395e-09
2.979999999993036663e+00,1.338995010826159172e-14,7.607553099280787151e-09
2.982499999993029505e+00,1.302635917102720722e-14,7.478315150156485599e-09
2.984999999993022346e+00,1.268433288736588796e-14,7.351272279823132461e-09
2.987499999993014743e+00,1.223834329050581622e-14,7.226387766610629606e-09
2.989999999993007584e+00,1.193498094467292678e-14,7.103625038256850072e-09
2.992499999993000426e+00,1.165305305221646617e-14,6.982947632027808201e-09
2.994999999992993267e+00,1.134592211493266913e-14,6.864320354697398886e-09
2.997499999992985664e+00,1.092735383700375843e-14,6.747708314100410166e-09
2.999999999992978506e+00,1.068375992078902331e-14,6.633077427322183029e-09
3.002499999992971791e+00,1.039078075175353392e-14,6.520393719637085350e-09
3.004999999992964632e+00,1.004655884729371633e-14,6.409624364521326239e-09
3.007499999992957029e+00,9.787561806814141552e-15,6.300736885165159409e-09
3.009999999992949871e+00,9.440495010518508392e-15,6.193699008446223688e-09
3.012499999992942712e+00,9.370224782131712955e-15,6.088479565824251644e-09
3.014999999992935553e+00,8.950255469167122669e-15,5.985047614431271506e-09
3.017499999992928394e+00,8.736042206968977347e-15,5.883372701886769358e-09
3.019999999992920792e+00,8.502505786732479907e-15,5.783425170936267480e-09
3.022499999992913633e+00,8.257599043322247560e-15,5.685175676956387483e-09
3.024999999992906474e+00,7.966670214735063136e-15,5.588595099248834396e-09
3.027499999992899316e+00,7.773886641845207587e-15,5.493655268660625897e-09
3.029999999992891713e+00,7.594129126969059498e-15,5.400328171579473689e-09
3.032499999992884998e+00,7.343908472810687870e-15,5.308586667543001460e-09
3.034999999992877839e+00,7.099762161495795869e-15,5.218403650175648926e-09
3.037499999992870681e+00,6.935648830304400928e-15,5.129752686607094740e-09
3.039999999992863078e+00,6.727531958896121224e-15,5.042607739491802654e-09
3.042499999992855919e+00,6.566677641974764254e-15,4.956943115553897475e-09
3.044999999992848760e+00,6.388688440439889715e-15,4.872733945845819971e-09
3.047499999992841602e+00,6.253305787034553341e-15,4.789955290166256870e-09
3.049999999992833999e+00,6.059872772703938975e-15,4.708582684360211113e-09
3.052499999992826840e+00,5.886427825053500626e-15,4.628592672011593381e-09
3.054999999992819681e+00,5.680506050786680102e-15,4.549961618138321724e-09
3.057499999992812523e+00,5.593943869424861660e-15,4.472666275441149147e-09
3.059999999992805364e+00,5.463118129111433244e-15,4.396683925115845166e-09
3.062499999992798205e+00,5.262808282214247692e-15,4.321992484022125370e-09
3.064999999992791047e+00,5.134544889068967342e-15,4.248569844585637907e-09
3.067499999992783888e+00,4.938952657646215598e-15,4.176394540185098049e-09
3.069999999992776285e+00,4.811281743971881564e-15,4.105445304999442270e-09
3.072499999992769126e+00,4.572249745832972569e-15,4.035701410749100870e-09
3.074999999992761968e+00,4.532378839883970307e-15,3.967142302738516167e-09
3.077499999992754809e+00,4.412363253410719780e-15,3.899747928596485827e-09
3.079999999992747650e+00,4.306129483710789586e-15,3.833498545720502105e-09
3.082499999992740047e+00,4.069681081148179256e-15,3.768374676438888251e-09
3.084999999992732889e+00,3.978353321373403525e-15,3.704356961735589037e-09
3.087499999992726174e+00,3.898097689676409649e-15,3.641426809894981526e-09
3.089999999992719015e+00,3.810244951624809766e-15,3.579565738900887403e-09
3.092499999992711412e+00,3.679763790776725631e-15,3.518755608346003606e-09
3.094999999992704254e+00,3.578359227262891064e-15,3.458978439370423386e-09
3.097499999992697095e+00,3.493529386095224409e-15,3.400216813828385152e-09
3.099999999992689936e+00,3.382925209154269721e-15,3.342453499260598192e-09
3.102499999992682334e+00,3.279248301221350444e-15,3.285671552768391908e-09
3.104999999992675175e+00,3.158183775807172029e-15,3.229853924870486241e-09
3.107499999992668016e+00,3.072774787993274290e-15,3.174984785987744068e-09
3.109999999992660857e+00,3.019926887886879392e-15,3.121047601066109821e-09
3.112499999992653255e+00,3.014822063915219197e-15,3.068026895175535300e-09
3.114999999992646096e+00,2.764673806588915867e-15,3.015906770099295241e-09
3.117499999992639381e+00,2.877769686891858330e-15,2.964672150004935913e-09
3.119999999992632223e+00,2.707053834091678120e-15,2.914307930912137150e-09
3.122499999992624620e+00,2.591937147732137102e-15,2.864799265160911244e-09
3.124999999992617461e+00,2.519711226011869371e-15,2.816131635834549363e-09
3.127499999992610302e+00,2.489003385639021310e-15,2.768290768923197040e-09
3.129999999992603144e+00,2.403538926403162472e-15,2.721262646287830739e-09
3.132499999992595541e+00,2.241938418369210125e-15,2.675033486055364722e-09
3.134999999992588382e+00,2.209890573680567025e-15,2.629589654945334558e-09
3.137499999992581223e+00,2.191011765089621064e-15,2.584917865585593110e-09
3.139999999992574065e+00,2.140485929235206986e-15,2.541004878200779637e-09
3.142499999992566906e+00,2.061566904663038711e-15,2.497837952886376331e-09
3.144999999992559747e+00,2.030993632260333832e-15,2.455404403770767938e-09
3.147499999992552588e+00,1.958162915704620934e-15,2.413691604790202782e-09
3.149999999992545430e+00,1.893707279556062862e-15,2.372687535060178509e-09
3.152499999992538271e+00,1.901817442886366987e-15,2.332379912198187372e-09
3.154999999992530668e+00,1.770285499685315930e-15,2.292757139304515980e-09
3.157499999992523509e+00,1.708353255631614744e-15,2.253807543965506232e-09
3.159999999992516351e+00,1.600700458502024211e-15,2.215519497767339503e-09
3.162499999992509192e+00,1.680269055203033035e-15,2.177881884543324287e-09
3.164999999992501589e+00,1.564909895865442379e-15,2.140883765449524970e-09
3.167499999992494431e+00,1.518066960271577780e-15,2.104514108609464838e-09
3.169999999992487272e+00,1.556996026334249736e-15,2.068762368939133223e-09
3.172499999992480557e+00,1.532540176441570156e-15,2.033617904895993544e-09
3.174999999992472954e+00,1.441480359631433969e-15,1.999070586406018677e-09
3.177499999992465796e+00,1.368564667531086685e-15,1.965110117389210124e-09
3.179999999992458637e+00,1.296359667141919555e-15,1.931726486408647911e-09
3.182499999992451478e+00,1.280449315003582469e-15,1.898910017833683146e-09
3.184999999992443875e+00,1.221699260806820751e-15,1.866651096719981854e-09
3.187499999992436717e+00,1.249210529551561707e-15,1.834940163676574387e-09
3.189999999992429558e+00,1.279127116529529378e-15,1.803767995341003479e-09
3.192499999992422399e+00,1.174882706816590449e-15,1.773125220648553920e-09
3.194999999992414796e+00,1.022796375710305581e-15,1.743003170450808818e-09
3.197499999992407638e+00,1.098975589786613093e-15,1.713392764896747001e-09
3.199999999992400479e+00,1.115417500486670129e-15,1.684285445779351848e-09
3.202499999992393764e+00,1.072175508591990392e-15,1.655672409153517039e-09
3.204999999992386606e+00,9.786025519887395433e-16,1.627545688949812798e-09
3.207499999992379003e+00,9.272812193329391492e-16,1.599896786725947375e-09
3.209999999992371844e+00,8.985648698920126946e-16,1.572717456361078196e-09
3.212499999992364685e+00,9.525407221751292912e-16,1.545999970885724018e-09
3.214999999992357527e+00,8.659404683949826554e-16,1.519736204158564084e-09
3.217499999992349924e+00,8.845359113784792303e-16,1.493918727484929715e-09
3.219999999992342765e+00,8.781071758307536594e-16,1.468539895299232406e-09
3.222499999992335606e+00,7.772056474783284686e-16,1.443592048907425527e-09
3.224999999992328448e+00,8.227424777876606746e-16,1.419068153449665312e-09
3.227499999992320845e+00,7.953182414504405778e-16,1.394960777515434682e-09
3.229999999992314130e+00,7.711715062161953291e-16,1.371262934234219787e-09
3.232499999992306972e+00,6.975415316182623696e-16,1.347967731148309569e-09
3.234999999992299813e+00,6.697668051472975068e-16,1.325068291879154059e-09
3.237499999992292210e+00,6.580758729968011196e-16,1.302557955724281399e-09
3.239999999992285051e+00,6.344607022007715799e-16,1.280429863700231263e-09
3.242499999992277893e+00,6.649793239372872477e-16,1.258677830918509718e-09
3.244999999992270734e+00,5.476458200776583250e-16,1.237295012119762154e-09
3.247499999992263131e+00,5.601063791507323716e-16,1.216275799841999577e-09
3.249999999992255972e+00,5.350073671249808218e-16,1.195613477064455288e-09
3.252499999992248814e+00,4.931266810873221830e-16,1.175302124764900711e-09
3.254999999992241655e+00,5.170634774084687942e-16,1.155336121930682095e-09
3.257499999992234052e+00,5.347001056710451917e-16,1.135709029602170194e-09
3.259999999992227337e+00,5.555910394349839298e-16,1.116415365674138229e-09
3.262499999992220179e+00,4.567730207686768869e-16,1.097449623811759656e-09
3.264999999992213020e+00,5.005077883394400295e-16,1.078805970379054645e-09
3.267499999992205861e+00,5.118396177558651811e-16,1.060479035705812108e-09
3.269999999992198259e+00,4.246520960542659833e-16,1.042463519650238364e-09
3.272499999992191100e+00,3.845895279050611815e-16,1.024754047960805042e-09
3.274999999992183941e+00,4.630244203378428675e-16,1.007345431240587648e-09
3.277499999992176782e+00,4.205446694311666237e-16,9.902324971485382078e-10
3.279999999992169180e+00,3.882026174509169750e-16,9.734102811821435193e-10
3.282499999992162021e+00,3.671016448439078846e-16,9.568738113864651765e-10
3.284999999992154862e+00,3.758841865189622654e-16,9.406183219265375265e-10
3.287499999992148147e+00,3.704398535046985119e-16,9.246389542754599094e-10
3.289999999992140545e+00,3.966504891668130073e-16,9.089311191123347093e-10
3.292499999992133386e+00,4.124000480962764376e-16,8.934900635539566259e-10
3.294999999992126227e+00,3.945565738358016608e-16,8.783113233546821835e-10
3.297499999992119069e+00,2.708434338644802856e-16,8.633903380129539893e-10
3.299999999992111466e+00,3.341014045836605520e-16,8.487230573831706275e-10
3.302499999992104307e+00,2.895333373876234940e-16,8.343047771318298053e-10
3.304999999992097148e+00,2.456772947787433742e-16,8.201314087668535302e-10
3.307499999992089990e+00,3.270122720092946924e-16,8.061991079018231165e-10
3.309999999992082387e+00,2.949488061098299271e-16,7.925032448132305624e-10
3.312499999992075228e+00,2.841240367747202314e-16,7.790401049973021324e-10
3.314999999992068513e+00,3.098574610782291209e-16,7.658056944526760107e-10
3.317499999992061355e+00,2.310649612538724154e-16,7.527960324361194083e-10
3.319999999992053752e+00,2.565605100613079313e-16,7.400074089339634924e-10
3.322499999992046593e+00,2.459015835498655673e-16,7.274361481531184178e-10
3.324999999992039434e+00,2.679153900420838210e-16,7.150783878616051881e-10
3.327499999992032276e+00,2.208846240126859804e-16,7.029304887678798213e-10
3.329999999992025117e+00,2.165700735882546947e-16,6.909889941343182446e-10
3.332499999992017514e+00,2.142538010237030580e-16,6.792504159607717233e-10
3.334999999992010355e+00,1.911102778497187903e-16,6.677111284303046721e-10
3.337499999992003197e+00,1.785453206232962741e-16,6.563679595942787559e-10
3.339999999991996038e+00,2.420808836068046075e-16,6.452175335285081953e-10
3.342499999991988435e+00,1.480901624868424920e-16,6.342565093271544398e-10
3.344999999991981721e+00,2.383897760255171114e-16,6.234818240783903764e-10
3.347499999991974562e+00,2.315122624433020285e-16,6.128899772623507961e-10
3.349999999991967403e+00,2.076762572411211562e-16,6.024779865420829244e-10
3.352499999991959800e+00,1.684475011750317498e-16,5.922430934626720601e-10
3.354999999991952642e+00,1.885252152448258932e-16,5.821819039944323638e-10
3.357499999991945483e+00,1.867259132111814765e-16,5.722917308500272884e-10
3.359999999991938324e+00,1.770527750692911072e-16,5.625695682353987599e-10
3.362499999991930721e+00,1.907857686437609342e-16,5.530125192260136076e-10
3.364999999991923563e+00,1.552151360974891503e-16,5.436178492542837196e-10
3.367499999991916404e+00,1.212439507399783284e-16,5.343827833486903144e-10
3.369999999991909245e+00,1.116139027568438078e-16,5.253046508429404393e-10
3.372499999991902087e+00,1.388898799137804333e-16,5.163807163855251581e-10
3.374999999991894928e+00,1.484993911654928646e-16,5.076082911804566314e-10
3.377499999991887769e+00,1.495868154490703486e-16,4.989850709879544459e-10
3.379999999991880610e+00,8.440476242527825074e-17,4.905081761470260563e-10
3.382499999991873008e+00,8.572881344736571031e-17,4.821753059172586748e-10
3.384999999991865849e+00,1.620201625484695499e-16,4.739841436781792456e-10
3.387499999991858690e+00,1.332492025290417578e-16,4.659320161209314154e-10
3.389999999991851531e+00,1.268819664785152488e-16,4.580166805940345692e-10
3.392499999991844373e+00,9.397346290294431461e-17,4.502358269170482497e-10
3.394999999991836770e+00,6.881003585329556589e-17,4.425871664194065225e-10
3.397499999991829611e+00,9.242239982284314513e-17,4.350683898159544247e-10
3.399999999991822452e+00,8.518568578255839734e-17,4.276773959489257195e-10
3.402499999991815738e+00,1.135102353354497155e-16,4.204119610733762841e-10
3.404999999991808135e+00,1.098281461342974164e-16,4.132699671228856919e-10
3.407499999991800976e+00,6.526593895745729349e-17,4.062492768062578431e-10
3.409999999991793818e+00,1.040142709077074803e-16,3.993478849646716426e-10
3.412499999991786659e+00,1.398874965115841545e-16,3.925638081876399900e-10
3.414999999991779056e+00,7.029157316380240843e-17,3.858948262741891559e-10
3.417499999991771897e+00,1.104443126696851157e-16,3.793392428289570030e-10
3.419999999991764739e+00,7.702157796005733617e-17,3.728950064953785121e-10
3.422499999991757580e+00,6.350983366037835163e-17,3.665601724157795895e-10
3.424999999991749977e+00,9.213164462580028451e-17,3.603330460155554402e-10
3.427499999991742818e+00,6.946558059966178002e-17,3.542116456764549120e-10
3.429999999991736104e+00,5.956005646482064455e-17,3.481941614709154023e-10
3.432499999991728945e+00,7.841610409821471517e-17,3.422789940460542181e-10
3.434999999991721342e+00,5.808053473858593109e-17,3.364643371592454091e-10
3.437499999991714184e+00,2.988695810402432678e-17,3.307483444754090764e-10
3.439999999991707025e+00,4.818586512149906742e-17,3.251295424562155436e-10
3.442499999991699866e+00,2.226619937842119068e-17,3.196062724824421986e-10
3.444999999991692263e+00,1.255109589047559752e-18,3.141768470920762044e-10
3.447499999991685105e+00,4.194562853795415851e-17,3.088395052354360316e-10
3.449999999991677946e+00,1.997203478854544414e-17,3.035928677523919718e-10
3.452499999991670787e+00,6.916801614285628080e-17,2.984353963435538646e-10
3.454999999991663628e+00,6.783262490284175160e-17,2.933654380494415745e-10
3.457499999991656470e+00,2.415565759826256662e-17,2.883817196445550119e-10
3.459999999991649311e+00,3.363222740322397714e-17,2.834826144218449578e-10
3.462499999991642152e+00,4.345903130062983570e-17,2.786667990205961246e-10
3.464999999991634994e+00,3.398799635151087590e-17,2.739327160942350990e-10
3.467499999991627391e+00,6.557205381868463846e-17,2.692792214106762095e-10
3.469999999991620232e+00,2.238485263179137481e-17,2.647045960391153207e-10
3.472499999991613073e+00,5.038767707849323090e-17,2.602077858719666846e-10
3.474999999991605915e+00,5.648431010826850501e-17,2.557872886953446582e-10
3.477499999991598312e+00,1.733269715061304661e-17,2.514420038469149828e-10
3.479999999991591153e+00,7.110479819885848087e-17,2.471704451914043750e-10
3.482499999991583994e+00,1.788181862570572257e-17,2.429715107646287442e-10
3.484999999991576836e+00,7.480524492585548857e-17,2.388438663989942083e-10
3.487499999991569677e+00,-1.221229423522448678e-17,2.347863437257509890e-10
3.489999999991562518e+00,5.106085513196656676e-17,2.307978267711812533e-10
3.492499999991555359e+00,4.850831444814128484e-17,2.268769012598368276e-10
3.494999999991548201e+00,3.768396409785975740e-17,2.230227359275161778e-10
3.497499999991540598e+00,-2.476721610569225904e-17,2.192338983687357299e-10
3.499999999991533439e+00,-8.074416652997755640e-18,2.155095911873678250e-10
3.502499999991526280e+00,1.707449924975442728e-17,2.118485193430925222e-10
3.504999999991519122e+00,-3.694046101666231443e-17,2.082496196812450900e-10
3.507499999991511519e+00,4.638342938641690052e-17,2.047118412855474323e-10
3.509999999991504360e+00,-1.034034734047333019e-17,2.012342359696095155e-10
3.512499999991497202e+00,1.890029037603477053e-19,1.978155844815438707e-10
3.514999999991490487e+00,-5.151247439966041816e-18,1.944551388481554227e-10
3.517499999991483328e+00,2.347174669755499511e-17,1.911517111872073023e-10
3.519999999991475725e+00,-1.147588285596559256e-17,1.879042910516073014e-10
3.522499999991468567e+00,-1.267028110650362041e-17,1.847122278801827280e-10
3.524999999991461408e+00,-2.162108307457588732e-17,1.815743450693840588e-10
3.527499999991454249e+00,-7.929755918710707015e-18,1.784897012291415643e-10
3.529999999991446646e+00,-8.476011096947208307e-18,1.754575381031020870e-10
3.532499999991439488e+00,3.098004072127986221e-17,1.724768246278782783e-10
3.534999999991432329e+00,1.196145867820148919e-17,1.695468013455399476e-10
3.537499999991425170e+00,-2.647706684057506735e-17,1.666663802063321474e-10
3.539999999991417567e+00,6.160371578424202778e-17,1.638352078501716894e-10
3.542499999991410853e+00,2.565493674539420239e-17,1.610517730197515073e-10
3.544999999991403694e+00,-2.647806659619678287e-17,1.583158407195295748e-10
3.547499999991396535e+00,-2.204782335025244254e-17,1.556263525090089737e-10
3.549999999991388933e+00,6.180299954682005902e-17,1.529825333006096934e-10
3.552499999991381774e+00,-2.182502405376909483e-17,1.503836169777158731e-10
3.554999999991374615e+00,1.118572393006426171e-17,1.478289033026994960e-10
3.557499999991367456e+00,3.084115444614747767e-18,1.453175275151793520e-10
3.559999999991359854e+00,1.390264545124575870e-17,1.428488190563295778e-10
3.562499999991352695e+00,-2.562238240509607357e-17,1.404220089998745088e-10
3.564999999991345536e+00,1.228958599724796202e-17,1.380365516282411179e-10
3.567499999991338377e+00,4.179271664780746257e-17,1.356916712231716108e-10
3.569999999991330775e+00,6.656703656615557509e-17,1.333864673487049152e-10
3.572499999991324060e+00,-1.343055771421804918e-17,1.311203668932428493e-10
3.574999999991316901e+00,1.348740488087554166e-17,1.288929638666349999e-10
3.577499999991309743e+00,5.823410232267963928e-18,1.267033179298906547e-10
3.579999999991302584e+00,-1.623623587931159472e-17,1.245508167526259498e-10
3.582499999991294981e+00,-1.084844341981332854e-17,1.224349473034433012e-10
3.584999999991287822e+00,-6.722197509172655060e-19,1.203549361340232499e-10
3.587499999991280664e+00,-3.090163476198295440e-17,1.183103323192209545e-10
3.589999999991273505e+00,-2.176274945899759114e-17,1.163004705656562060e-10
3.592499999991265902e+00,-3.420534103191251831e-17,1.143247669209165361e-10
3.594999999991258743e+00,1.853401469640193536e-17,1.123827965313979142e-10
3.597499999991251585e+00,-2.703205193517216110e-17,1.104734298982178782e-10
3.599999999991244870e+00,1.106560620096185881e-17,1.085966316911765251e-10
3.602499999991237267e+00,3.544895761405437695e-17,1.067518578509741258e-10
3.604999999991230109e+00,1.326803946724530786e-17,1.049382724231076259e-10
3.607499999991222950e+00,-2.748933831212208368e-17,1.031555459897749716e-10
3.609999999991215791e+00,3.796478012709335863e-19,1.014031050420875918e-10
3.612499999991208188e+00,-2.577722691934943810e-18,9.968046632826249924e-11
3.614999999991201030e+00,-3.234385059016532816e-17,9.798704668549805721e-11
3.617499999991193871e+00,-8.711654081781161270e-18,9.632249458063116094e-11
3.619999999991186712e+00,-2.563940152742767769e-17,9.468611825555254502e-11
3.622499999991179109e+00,-1.025721824876914160e-17,9.307751534454312054e-11
3.624999999991171951e+00,7.972797438370579322e-18,9.149636919273083226e-11
3.627499999991164792e+00,4.540690846571888260e-17,8.994203693331383135e-11
3.629999999991158077e+00,-1.794643296897081531e-17,8.841405259564216855e-11
3.632499999991150474e+00,-5.417907285674834252e-17,8.691201901228789331e-11
3.634999999991143316e+00,-3.500714898516634110e-17,8.543560310712315211e-11
3.637499999991136157e+00,-3.457609924076989876e-17,8.398413497324890747e-11
3.639999999991128998e+00,7.177301651579155681e-18,8.255747444653263149e-11
3.642499999991121840e+00,1.593489417913950450e-17,8.115491151258166959e-11
3.644999999991114237e+00,3.354993828417216550e-17,7.977620580689143092e-11
3.647499999991107078e+00,2.761548260955346111e-18,7.842096607455788668e-11
3.649999999991099919e+00,7.145804204919810940e-18,7.708885572806115625e-11
3.652499999991092761e+00,-1.733717094476763023e-17,7.577922014302906421e-11
3.654999999991085158e+00,5.372460109214958121e-18,7.449181705980275574e-11
3.657499999991078443e+00,-3.759922224230685871e-18,7.322630396050217845e-11
3.659999999991071284e+00,-3.406745508542048460e-17,7.198226767837507569e-11
3.662499999991064126e+00,5.972491791919883017e-18,7.075943425698042650e-11
3.664999999991056523e+00,-3.075621182598548724e-17,6.955728014743430418e-11
3.667499999991049364e+00,-3.729533889631842432e-17,6.837567135763778306e-11
3.669999999991042205e+00,-1.915620355787379233e-18,6.721410523476296106e-11
3.672499999991035047e+00,2.494041139050712014e-17,6.607233606027090184e-11
3.674999999991027444e+00,2.920451278995221033e-17,6.494986635214157193e-11
3.677499999991020285e+00,5.150011057474767172e-17,6.384649454233284867e-11
3.679999999991013127e+00,1.141322732039501481e-17,6.276185462146281923e-11
3.682499999991005968e+00,-7.257640248319647497e-18,6.169569041253117665e-11
3.684999999990998809e+00,2.168409366001925070e-17,6.064761264983817817e-11
3.687499999990991650e+00,-7.219277819471961086e-18,5.961735724575017983e-11
3.689999999990984492e+00,9.611445224277765966e-18,5.860453943981631280e-11
3.692499999990977333e+00,2.025424914054940962e-17,5.760902457051123195e-11
3.694999999990969730e+00,-4.324324971915997860e-17,5.663027397938359504e-11
3.697499999990962571e+00,-4.912385386717852674e-17,5.566830824935448662e-11
3.699999999990955413e+00,-4.323658450221111280e-19,5.472258610296273108e-11
3.702499999990948254e+00,-4.258634654913757500e-17,5.379291037060676608e-11
3.704999999990941095e+00,1.727901252135442421e-17,5.287910879069014537e-11
3.707499999990933492e+00,2.300276172028815836e-17,5.198088590966733284e-11
3.709999999990926334e+00,-1.198821305071028750e-17,5.109780941550987439e-11
3.712499999990919175e+00,-1.793884358078085273e-17,5.022968278038681268e-11
3.714999999990912460e+00,-4.081556864717945644e-17,4.937643198529913634e-11
3.717499999990904858e+00,-3.143878322738518394e-18,4.853760404330538114e-11
3.719999999990897699e+00,-1.453078852342902441e-18,4.771297667207734090e-11
3.722499999990890540e+00,2.325520091035876209e-17,4.690243999338366725e-11
3.724999999990883381e+00,4.725540297852796014e-17,4.610574005667648272e-11
3.727499999990875779e+00,-6.004634351021871649e-17,4.532236824861942937e-11
3.729999999990868620e+00,1.756549212034611321e-17,4.455257436062961857e-11
3.732499999990861461e+00,-1.170895952546192977e-17,4.379557594887733532e-11
3.734999999990854302e+00,2.339848589390992546e-17,4.305164455986404834e-11
3.737499999990846700e+00,3.531718581367796542e-17,4.232023603154777952e-11
3.739999999990839541e+00,-1.652690447221638938e-17,4.160130881986619309e-11
3.742499999990832826e+00,6.825608596393128442e-19,4.089459766883664426e-11
3.744999999990825668e+00,-8.698676987768725764e-18,4.019980261730996591e-11
3.747499999990818065e+00,1.603627439565602383e-17,3.951697080446010520e-11
3.749999999990810906e+00,-1.838217807114747200e-17,3.884555036483267843e-11
3.752499999990803747e+00,3.317882893985192354e-17,3.818570016437095819e-11
3.754999999990796589e+00,-1.676004769323581834e-17,3.753705461127107226e-11
3.757499999990788986e+00,2.599801891877526414e-18,3.689924478372650760e-11
3.759999999990781827e+00,5.115883322019550111e-18,3.627248901560298197e-11
3.762499999990774668e+00,1.259014262909924629e-17,3.565634764257670618e-11
3.764999999990767510e+00,1.020554713947016922e-17,3.505047896493990746e-11
3.767499999990760351e+00,-4.296542203297963770e-18,3.445506229119021560e-11
3.769999999990753192e+00,2.131255486908969503e-17,3.386969654694327945e-11
3.772499999990746034e+00,6.151447458860023435e-18,3.329437709526119747e-11
3.774999999990738875e+00,2.709713833379392303e-17,3.272878311628916211e-11
3.777499999990731716e+00,-1.667693226485626563e-17,3.217275536721671721e-11
3.779999999990724113e+00,-2.877539695068062742e-18,3.162626544866260334e-11
3.782499999990716955e+00,3.159493669447881228e-17,3.108888478756472430e-11
3.784999999990709796e+00,2.061758674287965547e-17,3.056078946234198464e-11
3.787499999990702637e+00,-2.907755633602088001e-17,3.004152823445752401e-11
3.789999999990695034e+00,2.166075387893517978e-17,2.953130552704570525e-11
3.792499999990687876e+00,1.140332691223760722e-17,2.902958185807647340e-11
3.794999999990680717e+00,2.445951438367409153e-17,2.853648942476758263e-11
3.797499999990673558e+00,1.698758428182202108e-17,2.805159167356402232e-11
3.799999999990666399e+00,1.569615419947861831e-17,2.757510849420289245e-11
3.802499999990659241e+00,-2.308529900238443113e-17,2.710661309167400741e-11
3.804999999990652082e+00,2.014966468321576898e-18,2.664616837340082280e-11
3.807499999990644923e+00,-5.997848898100778177e-18,2.619351371318655269e-11
3.809999999990637320e+00,-1.947614725623692496e-17,2.574850592536970872e-11
3.812499999990630162e+00,-4.764776873068375106e-17,2.531102605818248716e-11
3.814999999990623003e+00,-3.158125755432166604e-17,2.488104816465833337e-11
3.817499999990615844e+00,1.948276921017242361e-18,2.445846679910714482e-11
3.819999999990608242e+00,3.225298580099440456e-17,2.404287588684883749e-11
3.822499999990601083e+00,8.454797957641369599e-18,2.363448349527587467e-11
3.824999999990593924e+00,3.391333395541135834e-17,2.323302083380452494e-11
3.827499999990587209e+00,1.165290628601362449e-17,2.283837276888151034e-11
3.829999999990580051e+00,-1.670027883593717697e-17,2.245028760595054213e-11
3.832499999990572448e+00,-2.654543305595064052e-18,2.206892724372674683e-11
3.834999999990565289e+00,1.786406729892399293e-17,2.169405334365283349e-11
3.837499999990558130e+00,-7.008014440199383580e-18,2.132554275281839458e-11
3.839999999990550972e+00,-1.088942566868080298e-17,2.096322738338262957e-11
3.842499999990543369e+00,1.166897896020705595e-17,2.060710391990887938e-11
3.844999999990536210e+00,-1.985333152501269136e-17,2.025695789450139579e-11
3.847499999990529052e+00,-1.099593448275539997e-17,1.991286637870274161e-11
3.849999999990521893e+00,1.101220922535515288e-17,1.957458587058881234e-11
3.852499999990514290e+00,2.257013477873294053e-17,1.924209571299857879e-11
3.854999999990507131e+00,-2.291485972750609397e-17,1.891513280405428603e-11
3.857499999990500417e+00,8.771512015381128471e-18,1.859378952010831216e-11
3.859999999990493258e+00,-1.077060357418545418e-17,1.827786219147518070e-11
3.862499999990485655e+00,3.678813919280848614e-17,1.796745568608010307e-11
3.864999999990478496e+00,6.118563889915881652e-17,1.766224269233630331e-11
3.867499999990471338e+00,3.351258756521702679e-17,1.736209623189641110e-11
3.869999999990464179e+00,5.809998854352709602e-17,1.706718260619016519e-11
3.872499999990456576e+00,4.480082623723574480e-17,1.677724532418123130e-11
3.874999999990449417e+00,1.251758856029230365e-17,1.649218270970654368e-11
3.877499999990442259e+00,1.067166370860333028e-17,1.621210275745311575e-11
3.879999999990435100e+00,-6.011466439163389926e-17,1.593663533659053953e-11
3.882499999990427497e+00,-1.923988794933949602e-17,1.566581776863361362e-11
3.884999999990420783e+00,4.626424004682929749e-17,1.539992593685768080e-11
3.887499999990413624e+00,-2.383168899865205555e-17,1.513818545880051988e-11
3.889999999990406465e+00,8.380401316796390658e-18,1.488108600297042302e-11
3.892499999990399306e+00,-1.436543071004684123e-17,1.462830924955891913e-11
3.894999999990391704e+00,-2.378710363538003700e-17,1.437974656630175605e-11
3.897499999990384545e+00,-5.463908441372289274e-18,1.413553189290773721e-11
3.899999999990377386e+00,-7.031106233547854310e-18,1.389536282679629650e-11
3.902499999990370227e+00,9.835295581333254384e-18,1.365932256105944948e-11
3.904999999990362625e+00,4.946323871301062296e-17,1.342744341816169863e-11
3.907499999990355466e+00,8.645924516744585695e-18,1.319923607975406019e-11
3.909999999990348307e+00,3.073449677349127059e-18,1.297509828514965973e-11
3.912499999990341593e+00,-1.123229977646595332e-17,1.275458836912808348e-11
3.914999999990333990e+00,1.250681171227357039e-17,1.253801048362613233e-11
3.917499999990326831e+00,-5.992420954647088807e-17,1.232491638031505820e-11
3.919999999990319672e+00,-1.141310688518266748e-17,1.211554042195648681e-11
3.922499999990312514e+00,2.656281597475900946e-18,1.190981920704101931e-11
3.924999999990304911e+00,-1.075477417315202698e-17,1.170742311065343802e-11
3.927499999990297752e+00,2.950071695476076370e-17,1.150864200021357947e-11
3.929999999990290593e+00,-6.383442245306759447e-17,1.131309842898479258e-11
3.932499999990283435e+00,-7.028476622365178435e-18,1.112081127783536196e-11
3.934999999990275832e+00,-7.074866059645825852e-18,1.093192198735869234e-11
3.937499999990268673e+00,-2.832811563587212700e-17,1.074613419930400786e-11
3.939999999990261514e+00,-4.031036718334093792e-17,1.056371335745483435e-11
3.942499999990254800e+00,-3.387839753133769706e-17,1.038418569013041369e-11
3.944999999990247197e+00,-3.216825665591541715e-17,1.020781194497885840e-11
3.947499999990240038e+00,-1.441709028214699465e-17,1.003441030178269016e-11
3.949999999990232880e+00,6.802173096813855148e-18,9.863962823060797356e-12
3.952499999990225721e+00,-8.264408386993193381e-18,9.696328317925308787e-12
3.954999999990218562e+00,-1.248810872195758697e-17,9.531641162572519092e-12
3.957499999990210959e+00,6.863722041606380707e-18,9.369665611125524192e-12
3.959999999990203801e+00,7.527240360956297212e-18,9.210492361627250961e-12
3.962499999990196642e+00,1.972173059682896921e-17,9.053969449383783692e-12
3.964999999990189483e+00,-4.305191139450986458e-18,8.900236003786566437e-12
3.967499999990181880e+00,4.639249408066535405e-17,8.749008958281590421e-12
3.969999999990175166e+00,7.908051355380206046e-17,8.600414214261514347e-12
3.972499999990168007e+00,-2.417727026557671982e-18,8.454381713314551112e-12
3.974999999990160848e+00,4.714558801103907549e-17,8.310710417367197844e-12
3.977499999990153245e+00,2.032173268965924750e-17,8.169439580212515517e-12
3.979999999990146087e+00,3.235749148064432944e-18,8.030696390024861016e-12
3.982499999990138928e+00,-6.195738117689819513e-18,7.894181621008183805e-12
3.984999999990131769e+00,-9.607528171305365008e-18,7.760177803992148222e-12
3.987499999990124167e+00,1.342230107860858801e-17,7.628344607831202815e-12
3.989999999990117008e+00,-3.284630171195726698e-17,7.498640796280610347e-12
3.992499999990109849e+00,-3.508330860239472334e-17,7.371373395567388570e-12
3.994999999990102690e+00,9.149054287681768174e-18,7.246057891613537194e-12
3.997499999990095532e+00,1.519513190465983323e-17,7.122993480389903733e-12
3.999999999990088373e+00,2.324797036214132870e-17,7.001985871712008135e-12
4.002499999990081214e+00,-1.703205285906082906e-17,6.882962517866588904e-12
4.004999999990073611e+00,-4.573904605634000722e-17,6.766031398836170206e-12
4.007499999990066009e+00,2.759987853414048200e-17,6.651087201592124856e-12
4.009999999990059294e+00,6.486677687756089688e-17,6.538068107738195813e-12
4.012499999990051691e+00,7.118735379890842065e-18,6.427078800111045189e-12
4.014999999990044977e+00,8.653523945210405439e-18,6.317834082403549897e-12
4.017499999990037374e+00,-9.964456333620517629e-18,6.210575539238127223e-12
4.019999999990029771e+00,5.451900068321008701e-17,6.104971272132778654e-12
4.022499999990023056e+00,5.525377438781114369e-18,6.001358424729846453e-12
4.024999999990015453e+00,3.946661669842066857e-17,5.899463365962085602e-12
4.027499999990008739e+00,1.568390792425355983e-17,5.799188868541146593e-12
4.029999999990001136e+00,3.949073990298871260e-17,5.700699534098545947e-12
4.032499999989994421e+00,2.976891517256413572e-17,5.603945265990787264e-12
4.034999999989986819e+00,4.544895061008048503e-17,5.508645317350015274e-12
4.037499999989980104e+00,2.911110623060166181e-17,5.415143463972725475e-12
4.039999999989972501e+00,-5.899242461726563736e-19,5.323088171020945251e-12
4.042499999989964898e+00,1.535693368625414899e-17,5.232592531598186966e-12
4.044999999989958184e+00,-2.610641800415208201e-17,5.143690203819455165e-12
4.047499999989950581e+00,-1.476188051780456549e-17,5.056291876707630291e-12
4.049999999989942978e+00,3.668041633776093391e-17,4.970528511408381878e-12
4.052499999989936263e+00,2.945851760476907056e-17,4.886085725056435882e-12
4.054999999989929549e+00,2.686734058187489016e-18,4.803122594757859313e-12
4.057499999989921946e+00,4.643534679776158314e-17,4.721400136625907720e-12
4.059999999989914343e+00,-7.069943121693720210e-18,4.641263954556758477e-12
4.062499999989907629e+00,2.077406722263502425e-17,4.562405061742289757e-12
4.064999999989900026e+00,2.255216810962063167e-17,4.484819239466128175e-12
4.067499999989893311e+00,-1.322219966671735515e-17,4.408589462458155881e-12
4.069999999989885708e+00,7.452941509809719929e-18,4.333745801403864628e-12
4.072499999989878106e+00,3.889156121038376703e-17,4.260217850029692641e-12
4.074999999989871391e+00,2.564502635058705639e-17,4.187785287681647304e-12
4.077499999989863788e+00,-1.108606913338633458e-17,4.116629454726854630e-12
4.079999999989857074e+00,3.725068786688026283e-17,4.046734004953805309e-12
4.082499999989849471e+00,2.447249105812208468e-17,3.977894547186937186e-12
4.084999999989842756e+00,3.576325340217490777e-17,3.910421096313671257e-12
4.087499999989835153e+00,3.650507257298975617e-17,3.843939307975351417e-12
4.089999999989828439e+00,2.511482434366899637e-17,3.778657862335912039e-12
4.092499999989820836e+00,4.131545374313312381e-17,3.714497529022616639e-12
4.094999999989813233e+00,1.777051096813916408e-17,3.651351027188582144e-12
4.097499999989806518e+00,3.268697325196568097e-17,3.589395529610628271e-12
4.099999999989798916e+00,6.665697239022452085e-18,3.528248730057257569e-12
4.102499999989791313e+00,4.893065807866569947e-17,3.468471503209509769e-12
4.104999999989784598e+00,1.110257544965799871e-17,3.409420768468137869e-12
4.107499999989776995e+00,4.345029832120330667e-17,3.351604555330408996e-12
4.109999999989770281e+00,2.207005358603086048e-17,3.294654570242365812e-12
4.112499999989762678e+00,2.666922920940827289e-17,3.238723289681421927e-12
4.114999999989755963e+00,-7.494488803893327073e-18,3.183619837554793876e-12
4.117499999989748360e+00,1.133832851672630977e-18,3.129508349016466820e-12
4.119999999989741646e+00,1.252042320028572368e-17,3.076468030397628740e-12
4.122499999989734043e+00,-2.478301935906343676e-18,3.024173734565486874e-12
4.124999999989726440e+00,-1.611261299382075381e-17,2.972686257952756126e-12
4.127499999989719726e+00,1.226453732125995378e-17,2.922328024011361446e-12
4.129999999989712123e+00,1.011637119112836618e-17,2.872582470552612221e-12
4.132499999989704520e+00,7.746642071517781041e-18,2.823816918366323921e-12
4.134999999989697805e+00,6.944742514201599186e-18,2.775886441969299827e-12
4.137499999989690203e+00,3.355517642923902033e-18,2.728738725306573021e-12
4.139999999989690593e+00,1.956133666258093919e-18,2.682276070561797071e-12
4.142499999989690096e+00,7.777684594277089076e-19,2.636755934238788981e-12
4.144999999989689599e+00,7.013411655668237927e-18,2.591945242355407372e-12
4.147499999989689989e+00,1.822321970572883116e-17,2.548014034710150089e-12
4.149999999989689492e+00,1.192204807063047305e-17,2.504629766360901724e-12
4.152499999989688995e+00,-3.011544770981946936e-18,2.462029543942885857e-12
4.154999999989688497e+00,1.104559339377765128e-17,2.420225538709346867e-12
4.157499999989688000e+00,-1.030729304666346234e-17,2.379010309266698162e-12
4.159999999989688391e+00,-1.807963745539189862e-18,2.338621550235310742e-12
4.162499999989687893e+00,1.862935362202066972e-17,2.298950659600875733e-12
4.164999999989687396e+00,-8.335697609712024407e-18,2.259872578885461626e-12
4.167499999989686899e+00,3.347630178393973115e-17,2.221530530653553735e-12
4.169999999989687289e+00,-1.170544097646787027e-17,2.183722061636518243e-12
4.172499999989686792e+00,2.525665080792964271e-18,2.146550509831640420e-12
4.174999999989686295e+00,8.870647935325258015e-18,2.110109679305992881e-12
4.177499999989685797e+00,3.690104479392254766e-18,2.074302217236303125e-12
4.179999999989686188e+00,1.072626012166042216e-17,2.039055516389388530e-12
4.182499999989685691e+00,-2.526915999491700462e-17,2.004292165186941297e-12
4.184999999989685193e+00,6.268381417391138778e-19,1.970203794607110773e-12
4.187499999989684696e+00,6.749008529280055230e-18,1.936777327731291236e-12
4.189999999989684198e+00,-3.065597792996746413e-17,1.903882842172369458e-12
4.192499999989684589e+00,5.219073137706261611e-18,1.871524451656607932e-12
4.194999999989684092e+00,1.149897920772358086e-18,1.839752049056283940e-12
4.197499999989684483e+00,5.508975740223892177e-18,1.808489944883132294e-12
4.199999999989683985e+00,-1.416875412976788910e-17,1.777665905626840675e-12
4.202499999989690593e+00,8.322788640515779749e-18,1.747672829824770412e-12
4.204999999989696313e+00,-6.932241595122058152e-19,1.717662203142833389e-12
4.207499999989703809e+00,-1.873164893431397805e-18,1.688619666376266836e-12
4.209999999989709529e+00,1.265522923324174925e-18,1.659820010849608370e-12
4.212499999989717026e+00,2.519721090012355905e-17,1.631691959358150746e-12
4.214999999989723634e+00,1.574173485434478702e-17,1.603889263941039426e-12
4.217499999989730242e+00,2.326985139794224311e-17,1.576709833389078519e-12
4.219999999989736850e+00,1.723426509810306668e-17,1.549992505085018268e-12
4.222499999989743458e+00,2.692064143750422237e-18,1.523514758295075784e-12
4.224999999989750066e+00,1.385057313929514174e-18,1.497604668634471454e-12
4.227499999989756674e+00,8.522253119943197126e-18,1.472309103785801594e-12
4.229999999989763282e+00,2.783573393205115555e-18,1.447180499324390526e-12
4.232499999989769890e+00,-2.794531709785288481e-18,1.422618369610949734e-12
4.234999999989776498e+00,1.425026120113736351e-17,1.398436588836340871e-12
4.237499999989783106e+00,5.372138624755266610e-18,1.374643170623287518e-12
4.239999999989789714e+00,2.102877899862082731e-18,1.351417977876702287e-12
4.242499999989797210e+00,1.135433089157298528e-17,1.328459961727040465e-12
4.244999999989802930e+00,8.179233854421801966e-18,1.305933910103673827e-12
4.247499999989810426e+00,3.458276721042688669e-17,1.283735697354921044e-12
4.249999999989816146e+00,1.901800818429989771e-17,1.261920927210821605e-12
4.252499999989823642e+00,1.370056169542158737e-18,1.240471604295186806e-12
4.254999999989829362e+00,1.041644819294151781e-19,1.219327578995519072e-12
4.257499999989836859e+00,5.980691488793795956e-18,1.198677858316368935e-12
4.259999999989842578e+00,-1.088236051135373603e-17,1.178305117649489978e-12
4.262499999989850075e+00,2.157715845131556835e-17,1.158369700987626862e-12
4.264999999989856683e+00,4.859232430520400774e-18,1.138685212467553892e-12
4.267499999989863291e+00,1.318617169642347731e-17,1.119311142127024642e-12
4.269999999989870787e+00,5.967763012539381172e-18,1.100258522596319320e-12
4.272499999989876507e+00,2.191822327089481073e-18,1.081590050083329427e-12
4.274999999989884003e+00,2.023515272546400953e-17,1.063325842546744123e-12
4.277499999989889723e+00,-1.575989980871796297e-18,1.045236361722451454e-12
4.279999999989897219e+00,-5.191886864177518769e-18,1.027432879016797980e-12
4.282499999989902939e+00,-2.692692144295545177e-17,1.009946504752545764e-12
4.284999999989910435e+00,4.053395867165292651e-19,9.928539826472274377e-13
4.287499999989916155e+00,-3.985726339666294834e-18,9.758966141094795836e-13
4.289999999989923651e+00,9.831122050975429092e-18,9.593426412601905376e-13
4.292499999989929371e+00,-4.581749090256234729e-18,9.430004556399217658e-13
4.294999999989936867e+00,-1.007550695490473371e-17,9.268929376533688791e-13
4.297499999989943475e+00,2.533437283848950176e-17,9.112001749283946487e-13
4.299999999989950084e+00,5.809854413398594118e-18,8.957185554473075674e-13
4.302499999989956692e+00,-1.833619781683045496e-17,8.803849331018107621e-13
4.304999999989963300e+00,8.637480884770977126e-18,8.655219275054440778e-13
4.307499999989969908e+00,1.348344826051139146e-17,8.507680133230032925e-13
4.309999999989976516e+00,2.169218839760055074e-17,8.363774173402892963e-13
4.312499999989983124e+00,-6.517210245676379218e-18,8.221867725046380359e-13
4.314999999989989732e+00,-1.322030902409655051e-17,8.081530319714360702e-13
4.317499999989996340e+00,-5.491943529380565487e-18,7.944203776233624949e-13
4.319999999990002948e+00,6.104797535845195238e-18,7.810152160690680576e-13
4.322499999990009556e+00,2.825054280379006581e-18,7.676751348698845655e-13
4.324999999990017052e+00,3.321283042686045911e-19,7.546296103581760145e-13
4.327499999990023660e+00,7.330310156386657737e-18,7.418689686011430920e-13
4.329999999990030268e+00,8.137437625551953473e-19,7.292300088563018355e-13
4.332499999990036876e+00,9.438285291427930190e-18,7.168858428400109661e-13
4.334999999990043484e+00,-1.457972636430911083e-18,7.046416570692169406e-13
4.337499999990050092e+00,1.571971911463589817e-17,6.927264685049132093e-13
4.339999999990056700e+00,-1.541672799535093221e-17,6.808642928509020750e-13
4.342499999990063309e+00,1.206035388452339016e-17,6.693829903353620128e-13
4.344999999990069917e+00,-3.973923310421646162e-18,6.579559358292246448e-13
4.347499999990076525e+00,1.708693969666527926e-18,6.468337842029760634e-13
4.349999999990083133e+00,8.766808134873539004e-18,6.358216439300364365e-13
4.352499999990089741e+00,1.007345938333588931e-17,6.250325549966438339e-13
4.354999999990096349e+00,-1.010636530896264957e-17,6.144122096420190588e-13
4.357499999990103845e+00,1.747797023342893825e-17,6.040329153679452124e-13
4.359999999990109565e+00,2.498571280865265937e-17,5.937860944201879564e-13
4.362499999990117061e+00,-1.529320731129819739e-17,5.835870460965844230e-13
4.364999999990122781e+00,2.163180141942267103e-18,5.738232912143725011e-13
4.367499999990130277e+00,-5.893311081970515178e-18,5.639782559439244822e-13
4.369999999990135997e+00,-1.873331434018298842e-17,5.543975045832026059e-13
4.372499999990143493e+00,-6.437951529016688909e-18,5.450532535008368064e-13
4.374999999990149213e+00,-1.190846558891121544e-17,5.358136239574423246e-13
4.377499999990156709e+00,4.840264077574287846e-19,5.267060661004533945e-13
4.379999999990162429e+00,1.679143568157185597e-18,5.178325382307979925e-13
4.382499999990169925e+00,-2.423251653445101629e-17,5.088740399310191361e-13
4.384999999990176534e+00,1.015240592154444896e-17,5.004347466883704368e-13
4.387499999990183142e+00,1.963624424699777326e-17,4.919928299011431974e-13
4.389999999990190638e+00,1.899171498548996755e-17,4.834907471708656219e-13
4.392499999990196358e+00,-7.905344881337207077e-18,4.752862029910152359e-13
4.394999999990203854e+00,-7.802937987544220874e-18,4.671143584375285126e-13
4.397499999990209574e+00,4.596018522142698012e-18,4.591814843462145962e-13
4.399999999990217070e+00,-1.581946354674153067e-17,4.513561833283473541e-13
4.402499999990222790e+00,-1.081609189883382265e-17,4.436538804964738047e-13
4.404999999990230286e+00,4.403771547429432685e-18,4.361888701768507467e-13
4.407499999990236006e+00,-8.356559321176962104e-18,4.286941959639845145e-13
4.409999999990243502e+00,-1.221567831386462182e-17,4.213825081421236501e-13
4.412499999990250110e+00,-2.998684696585730649e-18,4.142110025454424293e-13
4.414999999990256718e+00,1.261610463581586357e-17,4.071304856409195822e-13
4.417499999990263326e+00,3.984093094524687544e-17,4.003281831625142593e-13
4.419999999990269934e+00,-3.570345557368368123e-18,3.935022770655024932e-13
4.422499999990276542e+00,6.372089920142108766e-18,3.868937601642769488e-13
4.424999999990283150e+00,-1.386979310808577106e-17,3.802400526494879081e-13
4.427499999990289759e+00,1.852608362032432211e-17,3.738755785337056697e-13
4.429999999990296367e+00,1.355600738737660533e-17,3.674514885414792236e-13
4.432499999990302975e+00,2.525652221331787384e-17,3.613225783283329935e-13
4.434999999990309583e+00,1.841559353959783934e-17,3.551093454707035066e-13
4.437499999990316191e+00,-1.230596174593169990e-17,3.490445776544278975e-13
4.439999999990323687e+00,2.335116355241728141e-17,3.431876361472609402e-13
4.442499999990329407e+00,-2.659709995763185158e-18,3.373429329650910750e-13
4.444999999990336903e+00,2.137709925768504985e-18,3.316457968995626825e-13
4.447499999990342623e+00,-3.079083531166647686e-17,3.259382176315184797e-13
4.449999999990350119e+00,1.617501070644424032e-17,3.204391473835669964e-13
4.452499999990356727e+00,-2.000190759676554826e-18,3.150120673450774215e-13
4.454999999990363335e+00,1.128879266539291729e-17,3.096447173069063569e-13
4.457499999990369943e+00,5.273910330523701934e-17,3.044470946182164942e-13
4.459999999990376551e+00,3.255578587233089404e-17,2.992256033051900324e-13
4.462499999990383159e+00,-4.016663247792309012e-17,2.939789998913743367e-13
4.464999999990389767e+00,2.685894453018567191e-17,2.891236675765963700e-13
4.467499999990397264e+00,1.795631025974644787e-17,2.842232041648709481e-13
4.469999999990402983e+00,1.839689302730435166e-18,2.793784822505746617e-13
4.472499999990410480e+00,2.121129044217276990e-17,2.746875270515286831e-13
4.474999999990416200e+00,2.134461175041496981e-17,2.699193442871247121e-13
4.477499999990423696e+00,7.732266518563300957e-18,2.653813140121540411e-13
4.479999999990429416e+00,5.645762281766265365e-18,2.608425453457837530e-13
4.482499999990436912e+00,4.196800378468840467e-17,2.564657992726022045e-13
4.484999999990442632e+00,1.048345677529471595e-17,2.520760879822552692e-13
4.487499999990450128e+00,2.192625589943186113e-17,2.477960911448653236e-13
4.489999999990455848e+00,4.968763252960402776e-17,2.435851066984726776e-13
4.492499999990463344e+00,1.903982514107460061e-18,2.394542413231739391e-13
4.494999999990469064e+00,1.120442922204847204e-17,2.353455748270983726e-13
4.497499999990476560e+00,2.319218809079683807e-17,2.314633384999805442e-13
4.499999999990483168e+00,-1.220381253337792265e-17,2.275246780129047065e-13
4.502499999990489776e+00,3.106854001524844988e-17,2.236006704564468544e-13
4.504999999990496384e+00,-6.513930951481352640e-18,2.197031726621598952e-13
4.507499999990502992e+00,2.033009852995143785e-17,2.160850856604793452e-13
4.509999999990509600e+00,4.350985817257258170e-17,2.124315963468847330e-13
4.512499999990516208e+00,1.934657550479308533e-17,2.087814791645543527e-13
4.514999999990523705e+00,-4.999613580334740662e-18,2.052726259566290959e-13
4.517499999990529425e+00,-1.264307366079334574e-17,2.017452243663300914e-13
4.519999999990536921e+00,-1.155114802675935577e-17,1.983754824170428937e-13
4.522499999990542641e+00,1.019712253842307279e-17,1.950328884433837404e-13
4.524999999990550137e+00,1.743182137482821178e-17,1.917531418130772937e-13
4.527499999990556745e+00,-1.130377884116498848e-17,1.883570176171653345e-13
4.529999999990563353e+00,1.409160253618460534e-17,1.851763545857269625e-13
4.532499999990569961e+00,2.459788282404045949e-17,1.821439534615459895e-13
4.534999999990576569e+00,-9.960574079013321658e-18,1.789147502875897898e-13
4.537499999990583177e+00,-6.575795026138004211e-18,1.759380738429570409e-13
4.539999999990589785e+00,8.738877447603824754e-18,1.729202518177129395e-13
4.542499999990596393e+00,8.352310936362078347e-18,1.699866953960473385e-13
4.544999999990603001e+00,3.938453286893038112e-18,1.670435042083499925e-13
4.547499999990609609e+00,1.476734989398957152e-17,1.642224091544853904e-13
4.549999999990616217e+00,3.603405002041898169e-17,1.614526670349288822e-13
4.552499999990622825e+00,6.513500859786387772e-18,1.586480479058447264e-13
4.554999999990630322e+00,2.705361880465219911e-17,1.560670428252768454e-13
4.557499999990636042e+00,-1.216848102135880000e-17,1.532504189878249958e-13
4.559999999990643538e+00,1.231976666848990097e-17,1.507249310087566741e-13
4.562499999990649258e+00,3.596787598888976817e-18,1.481465229774527711e-13
4.564999999990656754e+00,-2.642973093485254685e-17,1.454834915205698777e-13
4.567499999990662474e+00,2.459697087047857008e-17,1.431843573653881723e-13
4.569999999990669970e+00,5.655433257148145524e-18,1.406679737487270708e-13
4.572499999990675690e+00,-3.843364468155784959e-17,1.383020955942080598e-13
4.574999999990683186e+00,-1.992973690651100482e-17,1.360120997652362503e-13
4.577499999990689794e+00,1.563752030279672390e-17,1.335989807303737359e-13
4.579999999990696402e+00,9.098241538272208136e-18,1.314337949766179416e-13
4.582499999990703898e+00,-4.231369898557503946e-18,1.291935986275328157e-13
4.584999999990709618e+00,1.230486910213018488e-17,1.270292482709065469e-13
4.587499999990717114e+00,-8.716010320312058874e-18,1.248268160915582026e-13
4.589999999990722834e+00,2.166141617826653396e-17,1.226813223224324331e-13
4.592499999990730331e+00,5.742411097725181392e-17,1.206112802471213438e-13
4.594999999990736050e+00,6.286920341781495672e-17,1.185904834867135952e-13
4.597499999990743547e+00,3.036294403755018020e-17,1.164737474661376521e-13
4.599999999990749266e+00,-5.667330543855990571e-18,1.145545912802193871e-13
4.602499999990756763e+00,2.235011407471552342e-17,1.125531453238812769e-13
4.604999999990762483e+00,2.620892307791101335e-18,1.106676452028981658e-13
4.607499999990769979e+00,3.486148418037612500e-17,1.088041565361832641e-13
4.609999999990776587e+00,1.268763553692569824e-17,1.069294730648054838e-13
4.612499999990783195e+00,3.063134852895631964e-17,1.051327945122947453e-13
4.614999999990789803e+00,2.877235402245551464e-17,1.033651068501171944e-13
4.617499999990796411e+00,-1.693788091794857568e-17,1.014503057641161196e-13
4.619999999990803019e+00,-1.323757748636825684e-18,9.982167199699881935e-14
4.622499999990809627e+00,4.081921819138860075e-18,9.818474253044156724e-14
4.624999999990816235e+00,2.566265114239208723e-18,9.654273113245751334e-14
4.627499999990822843e+00,1.123116343392102861e-17,9.487874942465863054e-14
4.629999999990829451e+00,2.268384697849632000e-17,9.324797421389234435e-14
4.632499999990836059e+00,2.340992940798539739e-17,9.163810614498039277e-14
4.634999999990842667e+00,1.811651061843607509e-17,9.007081189255020943e-14
4.637499999990850164e+00,-1.323312622914587571e-17,8.848848922627035956e-14
4.639999999990856772e+00,4.113766650621773817e-18,8.705261711572697500e-14
4.642499999990863380e+00,2.584342906275600087e-17,8.550582416701010904e-14
4.644999999990869988e+00,-5.990951485177910994e-17,8.396296753610274485e-14
4.647499999990876596e+00,-1.022020993595811069e-18,8.268707065913378604e-14
4.649999999990883204e+00,-1.659157074095214946e-17,8.108012259293799423e-14
4.652499999990889812e+00,2.995813893238006223e-17,7.979679637856891554e-14
4.654999999990896420e+00,-1.239326338091742372e-17,7.834257156280849138e-14
4.657499999990903028e+00,5.690909442166389401e-18,7.700715049099715027e-14
4.659999999990909636e+00,-6.085478678239638869e-18,7.567459146390814100e-14
4.662499999990916244e+00,-1.420815790423093344e-17,7.442039327360419834e-14
4.664999999990922852e+00,7.254062326697917596e-18,7.324692727427568577e-14
4.667499999990929460e+00,-2.811147091449349653e-17,7.198583721242627224e-14
4.669999999990936956e+00,-3.800251771958900805e-17,7.067031317496738354e-14
4.672499999990942676e+00,-3.240825583177633050e-17,6.937877881254702426e-14
4.674999999990950172e+00,-7.910196411139777789e-18,6.832633373074290482e-14
4.677499999990955892e+00,3.965354924963178719e-17,6.713719019366399485e-14
4.679999999990963389e+00,-3.230286110373111672e-17,6.601263184484661668e-14
4.682499999990969108e+00,-3.841390586106547104e-17,6.477430552866413428e-14
4.684999999990976605e+00,-2.648569649142598498e-17,6.373782804407213285e-14
4.687499999990982325e+00,-5.702178591081787594e-17,6.263349780646530383e-14
4.689999999990989821e+00,-1.918938408974277549e-17,6.158557642928152659e-14
4.692499999990995541e+00,-4.531753237668342337e-17,6.059082598576478412e-14
4.694999999991003037e+00,-2.597338401941975495e-17,5.942239843341117306e-14
4.697499999991009645e+00,2.426864402399733414e-17,5.852600903150307505e-14
4.699999999991016253e+00,-9.529626126024913165e-18,5.749515402800614886e-14
4.702499999991023749e+00,-2.246740819477842292e-17,5.659775178320794782e-14
4.704999999991029469e+00,-1.612334320276547304e-17,5.557666715823561675e-14
4.707499999991036965e+00,-8.272710117423086303e-18,5.467293882564334675e-14
4.709999999991042685e+00,8.062245995884724527e-18,5.372662927590542343e-14
4.712499999991050181e+00,-1.298563498573613405e-18,5.282828365139548740e-14
4.714999999991055901e+00,1.017773054606234390e-17,5.197514937221249354e-14
4.717499999991063397e+00,-9.090586713055486680e-18,5.100544756879488499e-14
4.719999999991069117e+00,-3.765388177238452642e-17,5.016626436210739419e-14
4.722499999991076614e+00,-3.142889468503300564e-17,4.924966938381383122e-14
4.724999999991083222e+00,-4.590303175231070550e-18,4.841212271336593396e-14
4.727499999991089830e+00,-1.251751032174603019e-17,4.752763529152504029e-14
4.729999999991096438e+00,2.704569107967553445e-17,4.681651887382040281e-14
4.732499999991103046e+00,6.435261214522573144e-17,4.598585130901943854e-14
4.734999999991109654e+00,-3.488693407295643954e-17,4.518426304055499101e-14
4.737499999991116262e+00,-9.446940512588292233e-18,4.443372659912491752e-14
4.739999999991122870e+00,5.469858746902215508e-17,4.379058239329645376e-14
4.742499999991129478e+00,7.519864288796295633e-17,4.298337871809866315e-14
4.744999999991136086e+00,3.778547288431413278e-17,4.224280545269781894e-14
4.747499999991142694e+00,1.235633337786002749e-17,4.153978310221812869e-14
4.749999999991149302e+00,7.057236199334113670e-19,4.082043616253246461e-14
4.752499999991156798e+00,-1.768746999307089548e-17,4.018550085828469705e-14
4.754999999991162518e+00,3.598974964296402167e-17,3.952879159415251454e-14
4.757499999991170014e+00,1.760221822623535817e-17,3.875411769076521473e-14
4.759999999991175734e+00,5.414008849993771155e-17,3.815366288027849658e-14
4.762499999991183230e+00,3.232523589644224975e-17,3.744201149223433028e-14
4.764999999991189839e+00,6.473555443253341755e-17,3.679667869083325330e-14
4.767499999991196447e+00,-3.191516423254483351e-17,3.624606583936557131e-14
4.769999999991203055e+00,-4.945747979989291232e-17,3.556205761786096963e-14
4.772499999991209663e+00,1.588140343004891472e-17,3.493972887173377159e-14
4.774999999991216271e+00,-8.588667572326153639e-18,3.436987144011288979e-14
4.777499999991222879e+00,2.847512298456927354e-17,3.371515724285187878e-14
4.779999999991230375e+00,-1.700123507417433061e-17,3.318260608231781981e-14
4.782499999991236095e+00,5.366230147125967399e-17,3.275357276979288117e-14
4.784999999991243591e+00,2.745387500273572323e-17,3.199559289652292594e-14
4.787499999991249311e+00,3.543897136365929157e-17,3.161792936083644729e-14
4.789999999991256807e+00,1.862284701454626170e-17,3.090229673289590942e-14
4.792499999991262527e+00,3.725335423324440378e-18,3.050173488703286481e-14
4.794999999991270023e+00,-2.723041901385940896e-17,2.994852029060182604e-14
4.797499999991275743e+00,-2.043757370069793512e-18,2.943012654402382789e-14
4.799999999991283239e+00,9.503153776642459221e-18,2.880856618526940324e-14
4.802499999991288959e+00,-1.337334116305474144e-17,2.835221194512156555e-14
4.804999999991296455e+00,1.715952247150235132e-17,2.800835994789523294e-14
4.807499999991302175e+00,3.064153033054933990e-17,2.736995098487452652e-14
4.809999999991309672e+00,-5.484614571178241326e-17,2.686027795167758595e-14
4.812499999991316280e+00,-1.091747107315385835e-17,2.646342807681022803e-14
4.814999999991322888e+00,1.817203631233898856e-17,2.608038049110730857e-14
4.817499999991329496e+00,4.826950366462712749e-17,2.563352937581047564e-14
4.819999999991336104e+00,5.257334562898028860e-17,2.521981908573672255e-14
4.822499999991342712e+00,4.080178558046736352e-17,2.475007332965289140e-14
4.824999999991349320e+00,-2.512329735391501501e-17,2.432737512951554138e-14
4.827499999991356816e+00,4.221091056090275469e-17,2.392592357830204063e-14
4.829999999991362536e+00,4.437058400449820694e-17,2.350283264735403476e-14
4.832499999991370032e+00,-9.967823219859261126e-18,2.311512006679840485e-14
4.834999999991375752e+00,2.804810151993088766e-17,2.266377484656192821e-14
4.837499999991383248e+00,1.769522860643877131e-17,2.232900768488238000e-14
4.839999999991389856e+00,-3.118630373210086655e-18,2.191957165259098152e-14
4.842499999991396464e+00,-1.962419382138406982e-18,2.153383376304806230e-14
4.844999999991403072e+00,3.807277578139088049e-17,2.123191689000374418e-14
4.847499999991409680e+00,-1.719037935575862989e-17,2.090447410332753236e-14
4.849999999991416288e+00,-3.684938649503271101e-17,2.054101290492406734e-14
4.852499999991422897e+00,5.936831208786228964e-18,2.024022291415564039e-14
4.854999999991429505e+00,-8.243077922633930840e-18,1.982977180688186402e-14
4.857499999991436113e+00,2.022581237349814500e-17,1.951453960470219499e-14
4.859999999991442721e+00,3.301782773730108355e-17,1.918807580513286306e-14
4.862499999991449329e+00,-3.450155017190713053e-17,1.889476926079407537e-14
4.864999999991455937e+00,-3.328698418915025393e-18,1.854490087638255239e-14
4.867499999991463433e+00,2.459160848619591780e-17,1.834466372889778649e-14
4.869999999991469153e+00,4.869890963675983213e-17,1.792227243275187223e-14
4.872499999991476649e+00,2.770816036988372638e-17,1.764808191525671571e-14
4.874999999991482369e+00,-7.139976683104808566e-18,1.729269612088988741e-14
4.877499999991489865e+00,9.615198293999233874e-18,1.697004165660324505e-14
4.879999999991495585e+00,-5.505821098621074789e-18,1.675271928005541030e-14
4.882499999991503081e+00,-2.808622278458700715e-17,1.637232781283860823e-14
4.884999999991508801e+00,6.630785114821588832e-18,1.616714919140708742e-14
4.887499999991516297e+00,1.698038886795871810e-18,1.586041465527731305e-14
4.889999999991522905e+00,6.212868078538810405e-18,1.565224861642020969e-14
4.892499999991529513e+00,2.601594127103220796e-17,1.523111348465292572e-14
4.894999999991537010e+00,-4.098237697398086104e-17,1.498960158056998372e-14
4.897499999991542730e+00,3.244704235159194769e-17,1.474608508501715680e-14
4.899999999991550226e+00,2.290979724806308743e-17,1.466733269256600473e-14
4.902499999991555946e+00,5.920395208422737117e-18,1.427423031467306919e-14
4.904999999991563442e+00,-6.966323162227139730e-18,1.401927876134589010e-14
4.907499999991569162e+00,5.371040811915690931e-17,1.387343211157508299e-14
4.909999999991576658e+00,-1.598773614653717879e-17,1.364428950652402955e-14
4.912499999991582378e+00,-1.381057466095555300e-18,1.333874103834341191e-14
4.914999999991589874e+00,8.039218372897964206e-18,1.307251720193204438e-14
4.917499999991595594e+00,-2.285508449876999644e-17,1.283357186321217027e-14
4.919999999991603090e+00,-4.403793162375988662e-18,1.255309733195433671e-14
4.922499999991609698e+00,-2.527905560599826217e-18,1.232015657453705149e-14
4.924999999991616306e+00,-1.448022645714487360e-17,1.217607171516287725e-14
4.927499999991622914e+00,1.129499524612112316e-17,1.199042682933085352e-14
4.929999999991629522e+00,2.581087318125666996e-17,1.181022722004414695e-14
4.932499999991636130e+00,1.919714236424004821e-17,1.163880819541913818e-14
4.934999999991642738e+00,-1.000856657709869447e-17,1.140731875429441399e-14
4.937499999991649346e+00,2.334146687884246595e-17,1.124870000909272944e-14
4.939999999991655955e+00,-9.729275870631956933e-19,1.097624574808648850e-14
4.942499999991662563e+00,-5.031620806390822228e-17,1.073095062405414360e-14
4.944999999991669171e+00,2.111318777751474776e-17,1.062839330529233541e-14
4.947499999991675779e+00,4.970884111474615891e-17,1.045508609933537676e-14
4.949999999991682387e+00,-9.734384428556843169e-18,1.032460571210803152e-14
4.952499999991689883e+00,4.424946549423158950e-17,1.024059684886858627e-14
4.954999999991696491e+00,7.981355600509044414e-18,9.966309939399904869e-15
4.957499999991703099e+00,2.843009338683375807e-18,9.785500210734335742e-15
4.959999999991709707e+00,3.483859221200558528e-17,9.549142504807251242e-15
4.962499999991716315e+00,2.941232498602203225e-17,9.439837401677367217e-15
4.964999999991722923e+00,-8.596157505555034170e-18,9.255609929308490593e-15
4.967499999991729531e+00,2.280562546597407536e-17,9.140157844798073890e-15
4.969999999991736139e+00,-3.518003188506044909e-18,8.972832283053440639e-15
4.972499999991742747e+00,-4.809349479434031432e-19,8.704820971250327117e-15
4.974999999991749355e+00,4.376455793185043375e-17,8.700960831946644380e-15
4.977499999991755963e+00,-3.933007256451019938e-17,8.540146470306295349e-15
4.979999999991762571e+00,1.404133830041714929e-18,8.424736014630365451e-15
4.982499999991770068e+00,-1.717727498590720037e-17,8.197602673069508308e-15
4.984999999991775788e+00,-6.237538546634225599e-17,8.060948074028717886e-15
4.987499999991783284e+00,1.642388268891189306e-17,7.849053695721367680e-15
4.989999999991789004e+00,8.873933788642517526e-17,7.831574110723425310e-15
4.992499999991796500e+00,-1.265854552346422642e-17,7.588399036586889344e-15
4.994999999991802220e+00,1.491961108517426216e-17,7.595294101128237208e-15
4.997499999991809716e+00,1.609510294135147969e-17,7.336804151693057677e-15
4.999999999991815436e+00,2.742170940625729227e-17,7.269591270471976691e-15
5.002499999991822932e+00,-8.813546955958264200e-18,7.147679289250988745e-15
5.004999999991828652e+00,5.031448488429679522e-18,6.938834667901382224e-15
5.007499999991836148e+00,1.411997007520401868e-17,6.833633285759624115e-15
5.009999999991842756e+00,-6.278555778003991563e-18,6.762117525708813583e-15
5.012499999991849364e+00,1.865012108072340265e-17,6.579720599739316422e-15
5.014999999991856861e+00,-3.855965189663560042e-17,6.494676067998992757e-15
5.017499999991862580e+00,-2.272457223584672610e-17,6.248146181891460736e-15
5.019999999991870077e+00,1.616445819678870163e-17,6.052993635779736850e-15
5.022499999991875796e+00,5.512694997240836573e-17,5.967353362749049709e-15
5.024999999991883293e+00,5.357340372976193795e-17,5.903329884814457196e-15
5.027499999991889013e+00,-3.487613290783668066e-18,5.845857464572855051e-15
5.029999999991896509e+00,-5.260536306968747942e-17,5.665500153434568083e-15
5.032499999991902229e+00,-2.378392260073172362e-17,5.690626474023668451e-15
5.034999999991909725e+00,9.702325616410949245e-17,5.543511390114407482e-15
5.037499999991916333e+00,-4.031858753565862344e-17,5.433386484884697293e-15
5.039999999991922941e+00,2.723845130884117329e-17,5.383831788280814361e-15
5.042499999991929549e+00,7.342918238866322009e-17,5.293344441594941198e-15
5.044999999991936157e+00,-3.783897074878873981e-17,5.210171777356105550e-15
5.047499999991942765e+00,4.576789384776973125e-17,5.060488645674922337e-15
5.049999999991949373e+00,-9.835696395555196860e-18,5.073615781649346205e-15
5.052499999991955981e+00,5.565902086749756053e-17,4.926649778619279374e-15
5.054999999991962589e+00,-4.890172153610909745e-17,4.798966137022479878e-15
5.057499999991969197e+00,-1.410470094666251308e-17,4.651360221836997387e-15
5.059999999991975805e+00,1.823663068874703736e-17,4.572534959515633947e-15
5.062499999991982413e+00,2.233999221489760880e-17,4.530555214041201176e-15
5.064999999991989910e+00,2.786583047308570506e-17,4.567683271151928127e-15
5.067499999991995630e+00,-1.883546261776873817e-17,4.383118466445209347e-15
5.069999999992003126e+00,-4.235252409814731359e-18,4.246565596177828398e-15
5.072499999992008846e+00,2.894920517743673762e-18,4.278643257653326406e-15
5.074999999992016342e+00,1.727439879336656029e-17,4.235187749123617845e-15
5.077499999992022950e+00,-2.393785417326399527e-17,4.079824331836327088e-15
5.079999999992029558e+00,7.403815998061337549e-17,4.028809559030988670e-15
5.082499999992036166e+00,4.348002509400104282e-17,4.097923567455990915e-15
5.084999999992042774e+00,2.560526407169877523e-17,3.889568270106874214e-15
5.087499999992049382e+00,-3.598994343893152187e-17,3.854691134739734395e-15
5.089999999992055990e+00,-5.906428426879821764e-17,3.718647114104512233e-15
5.092499999992063486e+00,-4.130465284512652386e-18,3.720701374481774830e-15
5.094999999992069206e+00,8.810829329352186482e-18,3.621164575578534634e-15
5.097499999992076702e+00,5.582512711285883332e-17,3.554541518411672046e-15
5.099999999992082422e+00,5.098371766119798907e-17,3.518332529194648015e-15
5.102499999992089919e+00,2.636516662487787451e-17,3.337204406134615355e-15
5.104999999992095638e+00,-3.637539423325710515e-17,3.276705924431286403e-15
5.107499999992103135e+00,9.575106634656995651e-18,3.288594767548037278e-15
5.109999999992108854e+00,-1.307631660737432833e-17,3.198736879067421809e-15
5.112499999992116351e+00,6.309679210370645805e-17,3.152064399208666196e-15
5.114999999992122071e+00,-2.219944631604588098e-18,3.020911714916393072e-15
5.117499999992129567e+00,-3.703634180134244188e-17,2.966870578430648716e-15
5.119999999992135287e+00,-1.637302057693851684e-17,2.920439031418368317e-15
5.122499999992142783e+00,-5.449171953401274863e-17,2.828824487555493667e-15
5.124999999992149391e+00,2.625172615895665948e-18,2.847118427376805853e-15
5.127499999992155999e+00,-1.313007415304523977e-17,2.760485396328770381e-15
5.129999999992162607e+00,3.071853479737675794e-17,2.713968023520871763e-15
5.132499999992169215e+00,4.335038838795114333e-17,2.768371746028171070e-15
5.134999999992175823e+00,2.213400205719040191e-17,2.672541212113623043e-15
5.137499999992182431e+00,6.708373455303325058e-17,2.607073237021027115e-15
5.139999999992189927e+00,5.958342836740677286e-18,2.571296391883531285e-15
5.142499999992195647e+00,-1.509550099821005824e-17,2.528195990029531672e-15
5.144999999992203144e+00,5.297266657442863841e-17,2.375228774895947636e-15
5.147499999992208863e+00,-2.027687203656346118e-17,2.383254389275270155e-15
5.149999999992216360e+00,2.729508723361664951e-17,2.450778772934315834e-15
5.152499999992222968e+00,-2.726621225272900149e-18,2.230392172908295022e-15
5.154999999992229576e+00,-5.197084880009959442e-18,2.230646199262185458e-15
5.157499999992236184e+00,-3.292601711350308013e-17,2.186054984121232601e-15
5.159999999992242792e+00,4.213433258034090620e-19,2.079395173468097900e-15
5.162499999992249400e+00,9.038521394529589324e-18,1.927692996509183430e-15
5.164999999992256008e+00,5.322348450528540138e-17,2.072972779022042954e-15
5.167499999992262616e+00,2.150312497985920332e-17,1.912252143925248280e-15
5.169999999992269224e+00,5.589952697495086336e-17,1.932983802883319160e-15
5.172499999992275832e+00,6.733317823661503831e-17,1.869230221984479166e-15
5.174999999992282440e+00,-2.132865639837998902e-17,1.892345613114978680e-15
5.177499999992289048e+00,2.355546102784803462e-17,1.929171262685261142e-15
5.179999999992296544e+00,-2.921120606721571079e-17,1.769878129201959534e-15
5.182499999992302264e+00,-5.081645213973328591e-18,1.831557715561893142e-15
5.184999999992309760e+00,8.902376453488679925e-17,1.722957474646182037e-15
5.187499999992315480e+00,1.017390353627078941e-16,1.734448884950097069e-15
5.189999999992322977e+00,2.078961293959588252e-17,1.679918441195237844e-15
5.192499999992328696e+00,-3.605597754588442505e-17,1.554454846542755315e-15
5.194999999992336193e+00,7.607693895877213559e-18,1.681526904820118707e-15
5.197499999992341913e+00,4.690515867405969207e-17,1.681048873504567601e-15
5.199999999992349409e+00,1.537979605640528116e-17,1.708830991117551458e-15
5.202499999992356017e+00,8.032488380892381421e-18,1.774585877868923682e-15
5.204999999992362625e+00,1.904895483282814965e-17,1.545378218710621250e-15
5.207499999992370121e+00,-2.516809456831677933e-17,1.637427577884492291e-15
5.209999999992375841e+00,5.088969814994099465e-17,1.510941606096668082e-15
5.212499999992383337e+00,-4.578256141713848312e-17,1.493694047725311574e-15
5.214999999992389057e+00,-1.729680580463438641e-17,1.435107540763118611e-15
5.217499999992396553e+00,-5.783729518375334012e-17,1.506962955644454392e-15
5.219999999992402273e+00,-2.160476874173805660e-17,1.519381784688381526e-15
5.222499999992409769e+00,-6.195005702126813912e-17,1.303345072437640217e-15
5.224999999992415489e+00,3.485635596870109190e-17,1.445206440050293156e-15
5.227499999992422985e+00,-4.763879009911573643e-17,1.294735279504201980e-15
5.229999999992428705e+00,-1.011599747838253147e-17,1.360071560042902344e-15
5.232499999992436202e+00,2.564406321300100028e-17,1.341488255511437212e-15
5.234999999992442810e+00,-6.107617921379608529e-17,1.291027856349233365e-15
5.237499999992449418e+00,-4.793032801830790552e-17,1.324237151653648014e-15
5.239999999992456026e+00,-1.066122723809192212e-16,1.341262845849648265e-15
5.242499999992462634e+00,-4.077627746497927993e-19,1.263302457160019674e-15
5.244999999992469242e+00,-1.525128191891654456e-17,1.176728089012257638e-15
5.247499999992475850e+00,-4.963950561908060399e-17,1.197013656619052237e-15
5.249999999992482458e+00,3.651985776190542515e-18,1.114882164392784858e-15
5.252499999992489066e+00,8.071823477295216735e-17,1.104333272936675475e-15
5.254999999992495674e+00,4.225361716843840713e-17,1.151833401336712579e-15
5.257499999992502282e+00,3.560418611503332531e-17,1.105326927585908646e-15
5.259999999992508890e+00,9.375092328590735904e-18,1.039079616304486608e-15
5.262499999992515498e+00,-1.898874571092555166e-17,9.965700489337498946e-16
5.264999999992522994e+00,4.073328601191921936e-17,9.556851218875501314e-16
5.267499999992529602e+00,6.152913256508133957e-17,9.688849578674535522e-16
5.269999999992536210e+00,2.714073807007845764e-17,1.009778489100421764e-15
5.272499999992542818e+00,2.524071210158986441e-18,8.836800264468976991e-16
5.274999999992549427e+00,6.742234715941812315e-18,8.345060638542863708e-16
5.277499999992556035e+00,-3.576118145609684864e-17,7.141380186144493068e-16
5.279999999992562643e+00,-4.899421588172217940e-17,7.572367558941010113e-16
5.282499999992569251e+00,-3.360208248284842691e-17,8.255954998040650619e-16
5.284999999992575859e+00,3.954666349723469080e-19,8.106484016425422750e-16
5.287499999992582467e+00,3.732315789506823455e-17,7.188503962163890660e-16
5.289999999992589075e+00,-7.613907728495250798e-18,7.102121481374047048e-16
5.292499999992595683e+00,1.509425047930617040e-16,7.533847618632667367e-16
5.294999999992603179e+00,1.299054789583177258e-17,6.705803315577611467e-16
5.297499999992608899e+00,1.223561257845744696e-17,6.285378787412976226e-16
5.299999999992616395e+00,-4.621249228663798451e-17,6.257679124514009332e-16
5.302499999992622115e+00,4.338166336972693017e-17,6.407519568922891208e-16
5.304999999992629611e+00,3.919724974140701026e-17,6.385287650071840278e-16
5.307499999992635331e+00,1.201280228381143254e-17,5.890290385059204248e-16
5.309999999992642827e+00,3.295105502791382992e-17,6.607300624455191741e-16
5.312499999992648547e+00,4.026288633460314837e-17,5.944807975608291657e-16
5.314999999992656043e+00,4.149096194105544942e-17,6.065680627768068221e-16
5.317499999992661763e+00,2.400805736780793045e-17,6.598358032548811712e-16
5.319999999992669260e+00,2.353529372067374401e-17,5.664112290231785314e-16
5.322499999992675868e+00,3.285733198872461522e-17,5.779358414778399299e-16
5.324999999992682476e+00,-4.522113932906812650e-17,6.088098173122876483e-16
5.327499999992689972e+00,3.562286556905891055e-17,4.184083932226082470e-16
5.329999999992695692e+00,-2.640545920523415475e-17,5.794553300884395959e-16
5.332499999992703188e+00,-6.771336072541832620e-17,5.454266519957852358e-16
5.334999999992708908e+00,1.306454308854815970e-17,4.968972487476497375e-16
5.337499999992716404e+00,1.038050063973688106e-16,6.611412158458193338e-16
5.339999999992722124e+00,-1.100983385546206947e-16,5.781091435735374331e-16
5.342499999992729620e+00,-1.565905535036826520e-17,5.157561434664623155e-16
5.344999999992735340e+00,7.493752445388557202e-18,4.963584033974030728e-16
5.347499999992742836e+00,9.881895613237371106e-18,5.409150366916466650e-16
5.349999999992749444e+00,-3.656136994504682406e-17,4.240922317356233620e-16
5.352499999992756052e+00,8.784750153260265865e-17,5.026361650078008671e-16
5.354999999992762660e+00,-1.101639376112055114e-17,5.793700387170227331e-16
5.357499999992769268e+00,-1.768251508235455023e-17,5.130442849117553251e-16
5.359999999992775876e+00,2.164869170849030249e-17,4.378867243512189005e-16
5.362499999992782485e+00,5.665663873559368055e-17,5.100592446886719881e-16
5.364999999992789093e+00,-5.544591677880164374e-17,5.579685857651486645e-16
5.367499999992795701e+00,-1.341891910990915869e-18,6.082908890793686639e-16
5.369999999992802309e+00,4.050918293787249592e-17,4.804365196648895292e-16
5.372499999992808917e+00,2.050786481147991159e-17,4.247301997000506928e-16
5.374999999992815525e+00,2.478244775619327392e-17,4.137720202724685607e-16
5.377499999992823021e+00,-4.280602873936334423e-18,3.615371799418401635e-16
5.379999999992828741e+00,-1.418246773039029588e-18,2.730560643428905136e-16
5.382499999992836237e+00,-3.345767823418536701e-18,1.951737307963202932e-16
5.384999999992841957e+00,2.845933718110304089e-17,2.815762328123519603e-16
5.387499999992849453e+00,-6.086813844166938228e-17,2.964883678921583950e-16
5.389999999992856061e+00,1.176932710348679904e-16,2.353405216255169690e-16
5.392499999992862669e+00,1.493328039484447002e-17,3.147342675459228071e-16
5.394999999992869277e+00,1.909711108161749963e-19,2.429980011263150600e-16
5.397499999992875885e+00,4.675146839099294793e-17,2.662687713296517394e-16
5.399999999992882493e+00,3.705851825258982690e-17,3.785816117390322659e-16
5.402499999992889101e+00,9.194359276985827422e-17,2.946872530438128157e-16
5.404999999992895710e+00,-1.214123324088505053e-17,1.940153256647665755e-16
5.407499999992902318e+00,4.126522897132696249e-17,2.007096452195202943e-16
5.409999999992909814e+00,-9.422020795387901560e-17,2.157152995294172208e-16
5.412499999992915534e+00,-1.154062432144098400e-17,2.932260086466863511e-16
5.414999999992923030e+00,-2.324917259893056757e-18,1.682235854186894494e-16
5.417499999992928750e+00,3.715938229092890584e-17,1.744438193490350212e-16
5.419999999992936246e+00,-1.409212253132408700e-17,1.674451283838551450e-16
5.422499999992941966e+00,3.247602328950261986e-17,2.614472726104027466e-16
5.424999999992949462e+00,3.603999469977622591e-17,1.536755155425567466e-16
5.427499999992955182e+00,5.438191393700089748e-17,1.809988788324556983e-16
5.429999999992962678e+00,1.151597455780660117e-17,1.000563513857422508e-16
5.432499999992968398e+00,-2.947435842953983791e-17,1.176532420520763044e-16
5.434999999992975894e+00,3.754087877514985119e-17,2.561924686140455688e-16
5.437499999992982502e+00,3.982596918997340490e-17,8.269317592968814589e-17
5.439999999992989110e+00,6.200279948847733116e-17,1.033688517896361915e-16
5.442499999992995718e+00,3.185026293931934186e-17,6.821939726402329162e-17
5.444999999993002326e+00,-2.233106216450277600e-17,7.737021316236798269e-17
5.447499999993008934e+00,3.525417039081161558e-17,2.467822452212057474e-16
5.449999999993015543e+00,-9.342408573640609394e-17,7.555299006161444352e-17
5.452499999993023039e+00,6.493705630059320082e-17,1.813317909286724277e-16
5.454999999993028759e+00,1.668849901116600018e-17,1.505471834676986951e-16
5.457499999993036255e+00,1.039033413699860761e-16,1.977807207111518935e-16
5.459999999993041975e+00,1.321366408334657159e-16,1.519386780652340254e-16
5.462499999993049471e+00,-8.731974665636286448e-18,-1.421660282049416675e-17
5.464999999993056079e+00,-1.121227712717550873e-17,5.003115070843000216e-17
5.467499999993062687e+00,9.929935643732297108e-17,1.075515882218594627e-16
5.469999999993069295e+00,-3.639361295979238063e-17,1.361691835392716859e-16
5.472499999993075903e+00,-1.935870302503354726e-17,1.056033889636681397e-16
5.474999999993082511e+00,-1.956532804324056966e-17,1.351986597365586953e-16
5.477499999993089119e+00,1.899759715447344328e-17,1.334641706759937850e-16
5.479999999993095727e+00,-2.235120828624758193e-17,1.589547013429312077e-16
5.482499999993102335e+00,-7.184900905360024869e-18,1.168645883826171923e-17
5.484999999993108943e+00,6.693284192190566060e-17,1.400857026316473849e-16
5.487499999993115551e+00,-7.094287696925115320e-17,-7.186947306708705216e-17
5.489999999993122159e+00,9.930701016384271364e-17,5.386933953800657768e-17
5.492499999993129656e+00,-2.147578354630107738e-17,4.562216697861241828e-17
5.494999999993135376e+00,9.944871397270039219e-17,1.020432569406299440e-16
5.497499999993142872e+00,4.162739951799535970e-17,4.498724102426319566e-17
5.499999999993148592e+00,-1.046794055457096983e-17,-5.256496271300065749e-17
5.502499999993156088e+00,2.755619251552790684e-18,7.635727644742295028e-17
5.504999999993161808e+00,1.223288692650102289e-17,4.738335096903027704e-17
5.507499999993169304e+00,6.256941785114498217e-17,-1.391565866183021473e-16
5.509999999993175024e+00,6.934541935211734572e-17,3.648358323135089818e-17
5.512499999993182520e+00,-4.543687783185928126e-17,-1.372533919083912420e-16
5.514999999993189128e+00,6.923543911494630770e-17,4.971717817810076057e-17
5.517499999993195736e+00,-6.363825743555838688e-17,5.259232357833189442e-17
5.519999999993203232e+00,3.536219513542465970e-17,-2.516567466261049088e-18
5.522499999993208952e+00,-1.862452553448098887e-18,-3.454243585499960468e-18
5.524999999993216449e+00,-1.163234862460564857e-17,-1.181067869829272591e-17
5.527499999993222168e+00,2.091980568918089196e-17,-1.191029341299171728e-17
5.529999999993229665e+00,-9.303638331850251304e-18,-8.416836572471235707e-17
5.532499999993235384e+00,-7.872464935249755369e-19,-1.399523982423709393e-17
5.534999999993242881e+00,3.131629447958171664e-17,3.311163825994421466e-17
5.537499999993248601e+00,-1.879658182386261951e-17,3.200828365021950707e-17
5.539999999993256097e+00,-2.570780746055361427e-17,-7.009969522889176423e-17
5.542499999993261817e+00,-3.506225992819918978e-17,-5.581479374315061287e-18
5.544999999993269313e+00,-3.431724971242108799e-17,-2.047739219701280587e-17
5.547499999993275033e+00,9.056701323965909868e-18,8.599114400028941496e-17
5.549999999993282529e+00,4.626071699482021612e-18,1.607925621544454181e-17
5.552499999993289137e+00,5.924222208478779216e-17,6.517832754212991680e-17
5.554999999993295745e+00,2.031642039632157431e-17,8.301141287926605272e-17
5.557499999993302353e+00,2.461709712096911242e-17,-1.479485753891389186e-17
5.559999999993308961e+00,5.903804095359322011e-17,6.046755130387806246e-17
5.562499999993315569e+00,-1.432039257072424390e-17,6.785012525028812180e-17
5.564999999993322177e+00,2.522065273534895606e-17,-5.915634714954724939e-17
5.567499999993328785e+00,9.201996399235151375e-17,-6.965852390225800777e-17
5.569999999993335393e+00,-4.085226494377654553e-17,-2.087548800985826305e-18
5.572499999993342001e+00,-3.521747962756273495e-18,-9.420290549144021755e-17
5.574999999993348609e+00,-2.503340568916720112e-18,-1.391467155120922888e-16
5.577499999993356106e+00,5.987625676496516440e-17,-4.090036396867788088e-17
5.579999999993362714e+00,-3.299277649375350249e-17,-7.674270092843676221e-17
5.582499999993369322e+00,6.924996452768890698e-17,-1.140134335545391272e-16
5.584999999993375930e+00,4.595099100699860263e-17,-5.079523366357497151e-17
5.587499999993382538e+00,-5.207748443887998102e-17,-6.168649491322380902e-17
5.589999999993389146e+00,-1.685175434514867181e-17,-2.121084166565054587e-17
5.592499999993395754e+00,6.993258272939418184e-17,-2.227060303367343482e-16
5.594999999993402362e+00,-6.251069402425226623e-17,-1.580129522301234009e-16
5.597499999993408970e+00,-2.441314612111900150e-17,-3.347615489549872024e-17
5.599999999993415578e+00,-1.014798345025681929e-17,-1.759691067852921093e-16
5.602499999993422186e+00,1.842633533370473302e-18,-1.257793167271959831e-16
5.604999999993428794e+00,7.585947280461062153e-18,8.332558909480652441e-17
5.607499999993436290e+00,1.279666434292108465e-16,-9.598030726459175495e-17
5.609999999993442010e+00,-4.216442440085542984e-17,-1.303245214729043239e-16
5.612499999993449507e+00,1.138262105909395594e-16,-5.925555287285082982e-17
5.614999999993455226e+00,-1.351792058709038831e-17,-3.912315311834983238e-18
5.617499999993462723e+00,8.347519836594017591e-17,-1.736317278978607973e-16
5.619999999993468442e+00,1.904374133647750403e-17,-1.273619593290839122e-16
5.622499999993475939e+00,-1.589186034463825374e-17,1.649515826045693276e-17
5.624999999993481659e+00,-4.392657596823349069e-17,-3.187674626860440332e-17
5.627499999993489155e+00,4.128200136910886868e-17,-5.923235411250674152e-17
5.629999999993494875e+00,9.550894924769637183e-18,5.382507718301197593e-17
5.632499999993502371e+00,2.307572889556831087e-17,3.975194502916500109e-17
5.634999999993508979e+00,-8.083644016341782252e-17,-1.566204035969855946e-17
5.637499999993515587e+00,-6.625382595471264239e-17,7.347508837312711074e-17
5.639999999993523083e+00,8.102405441186847971e-17,2.384823891359918369e-17
5.642499999993528803e+00,1.628479596746143847e-17,1.016562450536749291e-16
5.644999999993536299e+00,-1.996435920778254723e-18,-3.314830188837801853e-17
5.647499999993542019e+00,9.958651079170303914e-18,-1.814748128508670288e-16
5.649999999993549515e+00,6.436230632860133983e-17,-3.562610857617325793e-17
5.652499999993555235e+00,2.485910963352941431e-17,3.167770178782844659e-17
5.654999999993562732e+00,-2.212243472022285801e-17,-9.690089982296273122e-17
5.657499999993568451e+00,5.962774811545729092e-17,-4.570855069508998636e-17
5.659999999993575948e+00,-6.477117690092581549e-17,-1.296264329225197429e-16
5.662499999993582556e+00,2.373033187097710331e-17,-8.993517453561304832e-17
5.664999999993589164e+00,7.662418403498303936e-17,-9.965922305800376217e-17
5.667499999993595772e+00,1.467907391528383405e-17,-1.186236573765421096e-16
5.669999999993602380e+00,5.967710263511586855e-17,5.121440681746922419e-17
5.672499999993608988e+00,-3.845671052804385567e-17,-3.921884909453581091e-17
5.674999999993615596e+00,3.196013106365636209e-17,-6.211710842036177705e-17
5.677499999993622204e+00,8.237595440942775920e-17,-1.297603208728478481e-16
5.679999999993628812e+00,1.012535797031847388e-16,-1.240039481539228677e-16
5.682499999993635420e+00,3.231998195819601128e-17,-1.487239597142336143e-16
5.684999999993642028e+00,-3.562105413278423075e-18,-1.032961714788190120e-16
5.687499999993648636e+00,1.022847418964180522e-17,-1.874376895941832933e-16
5.689999999993656132e+00,1.411045211227698652e-17,-2.123047359591225578e-16
5.692499999993661852e+00,8.447081704600979292e-17,-6.428815553029698177e-17
5.694999999993669348e+00,2.498013754287596094e-18,-1.312579699215844232e-16
5.697499999993675068e+00,7.362100349832378811e-18,-7.598957330515095073e-17
5.699999999993682565e+00,5.992008572195875066e-17,-1.829848683676463209e-16
5.702499999993689173e+00,1.259288189163006281e-16,-7.318344448818366385e-17
5.704999999993695781e+00,-2.456723152310003879e-18,-1.246180903494991446e-16
5.707499999993702389e+00,-5.928686320971791316e-17,-1.208468542941934087e-16
5.709999999993708997e+00,-1.715177335431189357e-17,-7.519555970302704313e-17
5.712499999993715605e+00,3.517824895658031818e-17,-1.353974630201029018e-16
5.714999999993722213e+00,6.566368347416756731e-17,-1.388391107987373860e-16
5.717499999993728821e+00,2.477301489299841014e-17,-1.502878753125619113e-16
5.719999999993735429e+00,2.523582910509685295e-17,-2.011375633499479228e-16
5.722499999993742925e+00,3.038591178557407645e-17,-1.146326227799514976e-16
5.724999999993748645e+00,-2.786579937309794097e-17,-2.508143378573948482e-16
5.727499999993756141e+00,3.437121409958560984e-17,-1.425525459814289069e-16
5.729999999993761861e+00,-2.793963626417705230e-17,-1.303689303575377766e-16
5.732499999993769357e+00,9.207517427956100982e-17,-1.423683252727513104e-16
5.734999999993775077e+00,2.772314002629681594e-17,-1.171083886004030439e-16
5.737499999993782573e+00,4.819523031147272575e-17,-2.225450727144203192e-16
5.739999999993788293e+00,1.022827308932876213e-16,-1.746195818990503395e-16
5.742499999993795790e+00,2.388037976368572899e-17,-1.250518150032140651e-16
5.744999999993801509e+00,7.104391222904395674e-17,-1.400152206988893006e-16
5.747499999993809006e+00,6.670747031781742589e-18,-5.195661809943629328e-17
5.749999999993815614e+00,6.389542903774276906e-17,-1.758927598413806371e-16
5.752499999993822222e+00,-2.623914627258171833e-17,-2.257828988298753845e-16
5.754999999993828830e+00,2.803324525581764838e-17,-1.595124871516609382e-16
5.757499999993835438e+00,-1.824452707921526987e-17,-2.086418798895117098e-17
5.759999999993842046e+00,7.680193233730898301e-17,-1.076201206065979601e-16
5.762499999993848654e+00,-1.039628116469190784e-17,-7.217752457172239625e-17
5.764999999993856150e+00,1.756382918203137508e-17,-1.091032107506562500e-16
5.767499999993861870e+00,6.468302582579448093e-17,-1.745546027888938856e-16
5.769999999993869366e+00,4.485717593239252018e-18,-7.955076521709268821e-17
5.772499999993875086e+00,4.784427107184991424e-18,-1.333839762771660118e-16
5.774999999993882582e+00,3.630619733573801966e-17,-7.570214175716028967e-17
5.777499999993889190e+00,9.250822223118204905e-17,-1.736698350081996421e-16
5.779999999993895798e+00,-7.254931738849978917e-18,-9.317141104386164571e-17
5.782499999993902406e+00,5.985815308424268178e-18,-1.141132003108200813e-16
5.784999999993909015e+00,5.381639770352436957e-17,-1.398643605324049343e-16
5.787499999993915623e+00,4.884385212690144813e-17,-1.308583994091203667e-16
5.789999999993922231e+00,1.809927380170456816e-17,-1.090150864082747265e-16
5.792499999993928839e+00,1.096076043512777799e-17,-3.220398303381751100e-19
5.794999999993935447e+00,2.182243609192150821e-17,-7.345530659718353580e-17
5.797499999993942055e+00,6.792187782435078313e-17,-1.363906041912962089e-16
5.799999999993948663e+00,-2.266938492458822250e-17,-1.836477190536863310e-16
5.802499999993955271e+00,6.701661835206725866e-17,-1.676490523102173429e-16
5.804999999993962767e+00,1.108738259259918175e-16,-4.799830052724194198e-17
5.807499999993968487e+00,7.022520954084843693e-17,-8.540055043659904126e-17
5.809999999993975983e+00,6.337646456524154994e-17,3.140902325759924618e-17
5.812499999993981703e+00,5.035417742006796074e-17,-1.052832323869152526e-16
5.814999999993989199e+00,-1.810807814470849800e-17,-5.627861551178476813e-17
5.817499999993994919e+00,-1.710041571773580308e-17,-2.192071123000322097e-16
5.819999999994002415e+00,1.110417958857720957e-17,-1.869517581120918589e-16
5.822499999994008135e+00,7.318885974098063553e-17,-1.937854176514118925e-16
5.824999999994015631e+00,6.341366033707406304e-17,-1.909433132746554162e-16
5.827499999994022239e+00,1.038911663822934382e-16,-1.915942112984558593e-16
5.829999999994028848e+00,1.069538904739337352e-16,-1.164676975167917107e-16
5.832499999994036344e+00,-3.167548770375341934e-17,-2.324686303852564036e-16
5.834999999994042064e+00,5.374984131697990443e-18,-1.469602355675649679e-16
5.837499999994049560e+00,8.004236071751194585e-17,-1.811811776348381236e-16
5.839999999994055280e+00,4.372293889134258053e-17,-3.420434257740620295e-16
5.842499999994062776e+00,5.474850189135631670e-17,-1.793222936420072142e-16
5.844999999994068496e+00,-6.474287223334558488e-18,-1.572491789291296693e-16
5.847499999994075992e+00,2.089569240278550006e-17,-6.921153929441125274e-17
5.849999999994081712e+00,-4.618856006908335401e-18,-1.975971495008112761e-16
5.852499999994089208e+00,7.524918516084318089e-17,-2.051137943554175646e-16
5.854999999994094928e+00,1.587649069624106576e-17,-1.008573429453769375e-16
5.857499999994102424e+00,-3.504566526763825220e-17,-2.323932421688387789e-16
5.859999999994108144e+00,-2.180622470214400221e-18,-1.539693582985446733e-16
5.862499999994115640e+00,5.048725480884122540e-17,-1.096301642515033949e-16
5.864999999994122248e+00,-1.177075585769425408e-17,-7.820144514401108661e-17
5.867499999994128856e+00,-1.597635770386871869e-17,9.839685143230090819e-18
5.869999999994135464e+00,5.589898466982033688e-17,-9.943186147623956930e-17
5.872499999994142073e+00,3.139828808112088418e-17,-1.034660451241318168e-16
5.874999999994148681e+00,4.900254867297081863e-17,-1.801224832471378822e-16
5.877499999994155289e+00,4.607036372508091767e-17,-1.237277229352613574e-16
5.879999999994161897e+00,-6.563290133969428738e-17,-1.331350539057733387e-16
5.882499999994168505e+00,1.129537329139713357e-16,-1.585976107872925658e-16
5.884999999994175113e+00,-1.521917342522184073e-17,-1.141580817225904367e-16
5.887499999994181721e+00,-3.786941925283019562e-17,-1.072798032711792052e-16
5.889999999994189217e+00,-1.755513209610837515e-17,-1.249603695456257778e-16
5.892499999994195825e+00,-4.444250583551336232e-17,-1.484783002746141012e-16
5.894999999994202433e+00,-4.632484428631787474e-17,-3.035654524648577758e-16
5.897499999994209041e+00,2.281834897155901646e-17,-2.399597488070134469e-16
5.899999999994215649e+00,1.184745356308455600e-16,-2.067095152587124548e-16
5.902499999994222257e+00,3.934462712980841481e-17,-7.069630555627205369e-17
5.904999999994228865e+00,1.226008664771938903e-16,-2.133344244731522921e-16
5.907499999994235473e+00,-7.162715507400518557e-17,-2.009060371085053852e-16
5.909999999994242081e+00,8.977243088934224409e-17,-1.388047514583546717e-16
5.912499999994248689e+00,9.695568302760464663e-17,-2.125234751328841033e-16
5.914999999994255298e+00,5.960484966323843412e-17,-1.775083246083635251e-16
5.917499999994261906e+00,3.371143377971810752e-17,-1.911827124703265653e-16
5.919999999994269402e+00,8.273788094179369729e-18,-2.759758648140217569e-16
5.922499999994275122e+00,-6.154964560107958854e-18,-1.987203996146019107e-16
5.924999999994282618e+00,5.862353543639500158e-17,-2.033416313145120774e-16
5.927499999994288338e+00,3.707049855335735143e-17,-1.834660903295323108e-16
5.929999999994295834e+00,3.783789103737678522e-17,-7.737253992493703679e-17
5.932499999994301554e+00,2.182724804024816269e-17,-5.801605369882824438e-17
5.934999999994309050e+00,3.796618576257481519e-17,-2.952350450711734057e-17
5.937499999994314770e+00,2.338735998698394947e-17,-7.099773831980054327e-17
5.939999999994322266e+00,1.375316052652347748e-17,-5.838909475259292020e-17
5.942499999994327986e+00,7.278258029452738220e-17,-1.566608403188807134e-16
5.944999999994335482e+00,3.330106437222136014e-17,-1.674235595674161338e-16
5.947499999994342090e+00,-4.670575406246109365e-19,-1.718128958001235430e-16
5.949999999994348698e+00,5.496970162067562063e-17,-1.728985861950487306e-16
5.952499999994356195e+00,4.147169909867133978e-18,-7.051609141187874317e-17
5.954999999994361914e+00,6.377783622830454335e-17,-7.968012283322543205e-17
5.957499999994369411e+00,1.102512779572980653e-16,-2.107926103514529092e-16
5.959999999994375131e+00,-5.324827028270465538e-17,-2.594760545037561004e-16
5.962499999994382627e+00,-9.993447713598785930e-18,-2.586830063252144319e-16
5.964999999994388347e+00,4.152807157600512832e-17,-2.708093668455886743e-16
5.967499999994395843e+00,4.681698540128519415e-17,-2.121893811766082178e-16
5.969999999994401563e+00,1.060095649437221826e-16,-1.616629151043700357e-16
5.972499999994409059e+00,-4.747728308989983355e-18,-2.183038145786480378e-16
5.974999999994415667e+00,1.591615689828505710e-17,-1.090577453749681846e-16
5.977499999994422275e+00,4.684847039704114847e-17,-1.485987590179474438e-16
5.979999999994428883e+00,8.103059020350954703e-17,3.987044112859824675e-17
5.982499999994435491e+00,-1.717348552763121416e-18,-9.127390945142998514e-17
5.984999999994442099e+00,-6.246085802767319037e-17,4.073045425176707948e-17
5.987499999994448707e+00,1.439207431880491472e-17,9.819704216901249077e-17
5.989999999994455315e+00,8.770360058911342840e-17,-1.441149004726481503e-16
5.992499999994461923e+00,-4.315628703281213999e-17,-8.985108687237475440e-17
5.994999999994468531e+00,1.247053388061809334e-16,-1.161138993556903057e-17
5.997499999994475139e+00,7.513108712002996090e-17,-4.122019408784080992e-17
5.999999999994481747e+00,1.441779645696650161e-16,-1.900174081301034888e-16
6.002499999994488356e+00,8.946687000892917708e-17,-1.286021806219590507e-16
6.004999999994494964e+00,6.299730588502459547e-17,7.344763649163042803e-18
6.007499999994502460e+00,3.712982389316068344e-17,-4.798260779337108226e-17
6.009999999994508180e+00,-9.514065761746820134e-18,-1.274136556957151807e-17
6.012499999994515676e+00,1.213251054461383690e-17,-4.551612508742502233e-17
6.014999999994522284e+00,4.128196885877460562e-17,-2.935859243914679996e-17
6.017499999994528892e+00,-7.722721979090891748e-18,6.339205840732376241e-18
6.019999999994535500e+00,6.110672891691446835e-17,-1.322476991449806826e-16
6.022499999994542108e+00,8.220612440187261216e-18,-3.589100365694779226e-17
6.024999999994548716e+00,3.617306870365775597e-17,-5.596236135384211944e-17
6.027499999994555324e+00,-5.286831951123698445e-17,-5.189720923568945038e-17
6.029999999994561932e+00,-3.876363761402189374e-18,-1.367444438950740034e-16
6.032499999994568540e+00,-6.116789073560314414e-17,-1.236870543868414255e-16
6.034999999994576036e+00,-2.224437430608169092e-17,-1.033952901071144885e-18
6.037499999994581756e+00,8.429784024527104610e-17,-7.097875736512566392e-17
6.039999999994589253e+00,6.484808717605628613e-17,-4.942103597697290684e-17
6.042499999994594972e+00,-3.387002892336663328e-17,-2.338455115441614374e-17
6.044999999994602469e+00,2.803886826809138935e-17,-5.000132237678221427e-17
6.047499999994608189e+00,4.245036442180046792e-17,3.575947697458763359e-17
6.049999999994615685e+00,-1.383894670679330965e-19,-1.958986232267131511e-16
6.052499999994621405e+00,-5.644122810741508182e-17,-1.458667025709943692e-16
6.054999999994628901e+00,1.702049926876549452e-17,-1.389636641331942630e-16
6.057499999994634621e+00,-7.902972250590914749e-17,-2.630729329544839362e-16
6.059999999994642117e+00,7.390624182178099108e-17,-1.525242102701851733e-16
6.062499999994648725e+00,8.931096243321942625e-17,-1.917663933340102417e-16
6.064999999994655333e+00,-6.686189450996772371e-19,-1.516402866517972870e-16
6.067499999994661941e+00,3.604911419877256674e-17,-5.857546188278148264e-17
6.069999999994668549e+00,6.454815716476207805e-17,-1.625708062874076853e-16
6.072499999994675157e+00,-7.143542156338471410e-17,-1.213212662204387550e-16
6.074999999994681765e+00,5.528920227894858608e-17,-2.016789343983801116e-16
6.077499999994689261e+00,5.605624191287443625e-17,-1.871534762828418664e-16
6.079999999994694981e+00,-5.006565077431316365e-18,-2.554797074135504249e-16
6.082499999994702478e+00,4.112411348745785442e-17,-1.753787868015905256e-16
6.084999999994708197e+00,5.897718056755651824e-17,-1.048655161441840197e-16
6.087499999994715694e+00,5.301727404329457487e-18,-1.167145821741695233e-16
6.089999999994722302e+00,1.920278058383318391e-17,-3.287709101472426132e-16
6.092499999994728910e+00,-3.845876363326788637e-18,-1.818148463038909392e-16
6.094999999994735518e+00,-1.148813759861985045e-17,-2.622159841616969241e-16
6.097499999994742126e+00,6.069005898601566584e-17,-1.858823375487387340e-16
6.099999999994748734e+00,1.216246996623683550e-17,-1.564246042003776957e-16
6.102499999994755342e+00,3.025864560249126656e-17,-2.830688330639740120e-16
6.104999999994761950e+00,-1.398090817062145410e-17,-1.742032203503675792e-16
6.107499999994768558e+00,8.745794237152708268e-17,-2.054890797207413958e-16
6.109999999994775166e+00,3.426432363243025907e-17,-1.337120573778278610e-16
6.112499999994781774e+00,6.315883114298956597e-18,-2.163753566513785674e-16
6.114999999994788382e+00,-2.791333697809314742e-17,-1.745153847983906622e-16
6.117499999994795878e+00,5.232145591935800058e-17,-1.099507882203519698e-16
6.119999999994801598e+00,-9.973084979205071601e-19,-7.972874291483835370e-17
6.122499999994809095e+00,-5.860907790342564690e-17,-3.240947878506528952e-16
6.124999999994814814e+00,4.058103649862100479e-17,-2.314141425274100973e-16
6.127499999994822311e+00,3.474539917369232985e-17,-1.001613080521185542e-16
6.129999999994828030e+00,5.114344603091000542e-17,-1.359476397200459616e-16
6.132499999994835527e+00,2.528395966720119680e-18,-1.375359182840705059e-16
6.134999999994841247e+00,1.687885715460106015e-17,-1.549325307704348876e-16
6.137499999994848743e+00,2.376528051362429544e-17,-1.491131749296589656e-16
6.139999999994855351e+00,-1.700673298265943355e-17,-1.534457474490975275e-16
6.142499999994861959e+00,4.364629992155534974e-17,-7.156425178355296051e-17
6.144999999994869455e+00,-7.393721893390489434e-18,-2.593020626599988557e-16
6.147499999994875175e+00,-3.767707932550130034e-17,-1.705838285741926629e-16
6.149999999994882671e+00,-6.262850748830891284e-17,-1.012170997173044598e-16
6.152499999994888391e+00,-4.232564813645413376e-17,-9.826785478430804548e-17
6.154999999994895887e+00,5.367644645749848100e-17,-8.730278776181118746e-17
6.157499999994901607e+00,-3.000177865286874086e-17,-5.980178690882605159e-17
6.159999999994909103e+00,4.746106406207255873e-17,-1.368470657024218965e-16
6.162499999994914823e+00,6.274409997841036727e-17,-6.975906731456470424e-17
6.164999999994922320e+00,6.439787847787999863e-17,-9.846796903046963068e-17
6.167499999994928039e+00,2.785133765196222052e-18,-1.224663063298926919e-18
6.169999999994935536e+00,9.267016828047807926e-18,-2.802800642724258502e-17
6.172499999994941255e+00,6.450231884276190932e-18,-2.802226584893381187e-17
6.174999999994948752e+00,3.576740541467587010e-17,-1.614302600139208013e-16
6.177499999994955360e+00,-2.513925216024843574e-17,-1.010073192509834019e-16
6.179999999994961968e+00,1.656691589096305319e-17,-1.308749622200162189e-16
6.182499999994968576e+00,7.184033111676284940e-17,-6.905936032530144872e-17
6.184999999994975184e+00,-5.482972748879833690e-17,-7.225872263393927365e-17
6.187499999994981792e+00,-8.135203005749777312e-18,-8.205443304084100312e-17
6.189999999994988400e+00,-2.002838204186837962e-17,-1.656509893024581350e-16
6.192499999994995008e+00,-6.690903596469552222e-18,-1.533847837859563452e-16
6.194999999995001616e+00,-2.865353938861844318e-17,-1.486776738057939938e-16
6.197499999995008224e+00,-4.957179812499412235e-18,-2.158758808518380346e-16
6.199999999995014832e+00,1.082627795185736613e-18,-1.086047284621325553e-16
6.202499999995022328e+00,4.385333287846662368e-17,-1.545195213103942361e-16
6.204999999995028936e+00,-1.942715612168492932e-17,-1.992461684366644070e-16
6.207499999995035544e+00,-9.760987275562927516e-17,-2.316278793981399194e-16
6.209999999995042153e+00,2.295638586815207448e-17,-1.693211996468230670e-16
6.212499999995048761e+00,3.683292554236311844e-17,-3.028526231321330299e-16
6.214999999995055369e+00,-2.956350086048816721e-17,-2.319637503930535864e-16
6.217499999995061977e+00,3.590454136517580353e-17,-2.480873077898611670e-16
6.219999999995068585e+00,8.265362306539761228e-17,-1.724812551727274456e-16
6.222499999995075193e+00,3.378245826749864924e-17,-2.543004371570728270e-16
6.224999999995081801e+00,3.061019326533382097e-17,-2.816670576865507507e-16
6.227499999995088409e+00,3.932349950782166508e-17,-3.098514093239773529e-16
6.229999999995095017e+00,9.184489709788298308e-18,-2.732904119254025166e-16
6.232499999995102513e+00,7.593464449166111183e-17,-2.619804363654417959e-16
6.234999999995108233e+00,3.544076944912063064e-17,-1.744245895612556994e-16
6.237499999995115729e+00,-1.277663518020964404e-17,-1.579791426926140589e-16
6.239999999995121449e+00,5.781159535224385307e-17,-1.221215711558210160e-16
6.242499999995128945e+00,-3.531134215561339128e-17,-1.200531509864536736e-16
6.244999999995134665e+00,5.477799412566870908e-18,-1.381962570629586001e-16
6.247499999995142161e+00,3.857533568978754810e-17,-3.539459773435859881e-17
6.249999999995147881e+00,4.744126736396468406e-17,-1.274349272562808388e-16
6.252499999995155378e+00,6.768118367134278381e-17,-1.334527438502252495e-16
6.254999999995161097e+00,8.311515750934851141e-17,-1.384320362465524721e-16
6.257499999995168594e+00,1.036417718940737893e-16,-1.111526727878529567e-16
6.259999999995175202e+00,3.972686975727895342e-17,-7.116436990663253962e-17
6.262499999995181810e+00,-8.344308589452615081e-18,-1.726131735664400091e-16
6.264999999995189306e+00,5.676034666470121582e-17,-1.046561637143040160e-16
6.267499999995195026e+00,1.153167538652432707e-16,-2.037193085415951133e-16
6.269999999995202522e+00,3.385618479564765304e-17,-1.752247641047883882e-16
6.272499999995208242e+00,5.164251707084512522e-17,-2.003626628863321590e-16
6.274999999995215738e+00,-2.909021711704502011e-17,-2.315395574405133720e-16
6.277499999995221458e+00,-1.024911531109903616e-17,-1.444782611771858708e-16
6.279999999995228954e+00,1.860928624480168186e-17,-1.894754103124346600e-16
6.282499999995234674e+00,7.534316252125694680e-17,-1.172323198422724243e-16
6.284999999995242170e+00,-5.058689488155582089e-18,-3.311047907919852101e-16
6.287499999995248778e+00,1.064230189503395819e-17,-1.684365700439061076e-16
6.289999999995255386e+00,8.174729079494962157e-17,-1.635381942190578733e-16
6.292499999995261994e+00,5.230063600482501667e-17,-1.593694820952388308e-16
6.294999999995268603e+00,3.741535971335848146e-17,-2.107910110447044319e-16
6.297499999995275211e+00,7.452414121143081035e-17,-2.216650747541729806e-16
6.299999999995281819e+00,9.390850271859206132e-18,-1.778015237337856265e-16
6.302499999995288427e+00,4.739013307725213417e-17,-1.722142756359623180e-16
6.304999999995295035e+00,-3.774135713303718804e-18,-1.820973025565092210e-16
6.307499999995301643e+00,5.935313182167045990e-17,-1.412110184427660854e-16
6.309999999995308251e+00,1.182742535118259276e-16,-2.570698381406580841e-16
6.312499999995314859e+00,1.512740699888096668e-17,-1.189407808513129016e-16
6.314999999995321467e+00,3.269081669543798492e-17,-2.325453269854173592e-16
6.317499999995328075e+00,1.050000290324347729e-16,-1.221953759275220810e-16
6.319999999995335571e+00,3.150723468576405891e-18,-1.460900579399635907e-16
6.322499999995341291e+00,1.491834981114401729e-17,-1.177082140547765536e-16
6.324999999995348787e+00,-8.327823450195625840e-17,-1.513601512704891391e-16
6.327499999995355395e+00,1.074458290499389182e-16,-2.516513910610955741e-16
6.329999999995362003e+00,-5.080210794793309814e-17,-1.394066440284086306e-16
6.332499999995368611e+00,-4.764033552885785798e-17,-1.733308453787967027e-16
6.334999999995375219e+00,1.278608020500594480e-17,-1.278542031608040096e-16
6.337499999995381827e+00,4.197215689479745283e-18,-1.036659856672246667e-16
6.339999999995388436e+00,-5.783574706980113974e-18,-1.618267228976337280e-16
6.342499999995395044e+00,8.654200096765269865e-18,-2.066933077800973490e-16
6.344999999995401652e+00,6.882436867408710593e-17,-5.330121598089785279e-17
6.347499999995409148e+00,-1.992935685617572009e-17,-1.018966260141608054e-16
6.349999999995414868e+00,2.398873558507457461e-17,-1.401491507677975792e-16
6.352499999995422364e+00,6.185393504802038239e-17,-1.021467474340352905e-16
6.354999999995428084e+00,-3.730790819749977168e-17,-9.215185918613941616e-17
6.357499999995435580e+00,-1.242758047273341370e-17,-1.400506362025336346e-16
6.359999999995441300e+00,-3.264961131037324481e-17,-1.804955427064732863e-16
6.362499999995448796e+00,-2.243598684650773378e-18,-5.104195252160036678e-17
6.364999999995454516e+00,7.649914547683378226e-17,-1.538213645455561933e-16
6.367499999995462012e+00,-8.946081692115576252e-17,-1.075774944179843748e-16
6.369999999995467732e+00,3.564450921057515769e-17,-8.512331501789188096e-17
6.372499999995475228e+00,4.995098382434657664e-17,-2.035541325123487988e-16
6.374999999995481836e+00,1.160387798532674895e-16,-1.288760176580950598e-16
6.377499999995488444e+00,7.730891334244178402e-17,-7.771983386607813508e-17
6.379999999995495052e+00,3.701465618605327962e-17,-1.861816073611539544e-16
6.382499999995501661e+00,-3.823475741917789774e-17,-1.642632930336264430e-16
6.384999999995508269e+00,-1.226185820389230054e-17,-1.817858061505052954e-16
6.387499999995514877e+00,2.924149854071846496e-17,-1.988267394852205221e-16
6.389999999995522373e+00,4.382964801620749345e-17,-1.874060944203403085e-16
6.392499999995528093e+00,-7.534646841750759139e-17,-1.834135391931674234e-16
6.394999999995535589e+00,3.289474343594598042e-17,-3.045086593908079706e-16
6.397499999995541309e+00,-5.131825978284871185e-17,-1.993905327698055653e-16
6.399999999995548805e+00,2.750937563728573276e-17,-2.127883172796352902e-16
6.402499999995555413e+00,4.964276733058231404e-17,-2.049930227087046424e-16
6.404999999995562021e+00,-4.998495893937180565e-17,-1.300243157283675531e-16
6.407499999995568629e+00,5.364294685475432922e-17,-2.388810233448256677e-16
6.409999999995575237e+00,8.268033659526848872e-17,-1.705059764851501849e-16
6.412499999995581845e+00,9.706067193364683676e-17,-2.069054888365082296e-16
6.414999999995588453e+00,-5.635489700257678990e-18,-2.218327773480988821e-16
6.417499999995595061e+00,8.694914757676588483e-17,-1.454325291951138949e-16
6.419999999995601669e+00,2.020489652913313130e-17,-1.582640752001739851e-16
6.422499999995608277e+00,-1.427896859114569391e-18,-1.511884069532606109e-16
6.424999999995614886e+00,7.090732569328924204e-18,-2.411647855797854849e-16
6.427499999995621494e+00,1.736821708198219618e-17,-2.342749609181580207e-16
6.429999999995628990e+00,7.450284857937215464e-17,-1.470650820408615202e-16
6.432499999995634710e+00,3.049326808447627740e-17,-1.864929884191739018e-16
6.434999999995642206e+00,1.249787591822263693e-17,-1.650893130946775051e-16
6.437499999995647926e+00,-5.443242580144178705e-17,-2.248201569447108435e-16
6.439999999995655422e+00,2.641622096546195957e-17,-2.384124107765243263e-16
6.442499999995661142e+00,6.107705166046910358e-17,-1.004979607152003068e-16
6.444999999995668638e+00,2.886643527541999581e-17,-2.336344635337170165e-16
6.447499999995674358e+00,-3.546198324020822455e-17,-1.544971721250791004e-16
6.449999999995681854e+00,4.436345364626850911e-17,-2.654548762839086574e-16
6.452499999995688462e+00,6.918968601793231066e-17,-1.411463813193543056e-16
6.454999999995695070e+00,2.349509200268806658e-17,-2.489734987287788941e-16
6.457499999995701678e+00,7.962969323917544315e-17,-2.143626220914011791e-16
6.459999999995708286e+00,-1.007684428246083947e-17,-2.375130840485322560e-16
6.462499999995715783e+00,-1.746065389007393612e-17,-2.867057824818210936e-16
6.464999999995721502e+00,-1.659892340413194248e-17,-2.146604159108535806e-16
6.467499999995728999e+00,4.211542959471239937e-19,-2.053986679622528064e-16
6.469999999995734719e+00,-4.105882767456569883e-18,-1.189431422378569776e-16
6.472499999995742215e+00,4.093192585498154258e-17,-1.134864515277148028e-16
6.474999999995747935e+00,7.695869578064379524e-17,-1.153087345905994327e-16
6.477499999995755431e+00,9.149048999237904325e-17,-1.315393136786828464e-16
6.479999999995761151e+00,4.268966765135573577e-17,-5.796361203905512500e-17
6.482499999995768647e+00,-1.207007118780441356e-17,-4.682615494910519975e-17
6.484999999995774367e+00,-3.879948087676935471e-18,-1.201112984989560855e-17
6.487499999995781863e+00,-3.319381541695754069e-17,-5.089147009658896120e-17
6.489999999995788471e+00,2.278005511576395718e-17,-2.755387183687639380e-17
6.492499999995795079e+00,-6.124139153342342504e-18,-1.177083875384518791e-16
6.494999999995801687e+00,3.972525692622675755e-17,-6.591394749476170412e-17
6.497499999995808295e+00,-3.088253843240687476e-17,-1.855137260756995073e-16
6.499999999995814903e+00,1.079576035947173209e-17,-7.614499182227408204e-17
6.502499999995821511e+00,3.562239653692337907e-17,-6.415362392681542428e-17
6.504999999995828119e+00,2.122844355074673465e-17,-2.950013594314517990e-17
6.507499999995834727e+00,4.010360490165684516e-17,-1.587833599991877568e-17
6.509999999995841335e+00,4.869571978648057755e-19,-1.730384236482482686e-16
6.512499999995847944e+00,7.059458726906873943e-17,-2.124258063930171031e-16
6.514999999995855440e+00,-4.069968000214927901e-17,-2.740929899043328035e-16
6.517499999995862048e+00,1.863744872259119540e-19,-2.541384799586036380e-16
6.519999999995868656e+00,-2.983630651571547085e-17,-1.746726248748066473e-16
6.522499999995875264e+00,1.025030888087940746e-17,-2.504061313020861849e-16
6.524999999995881872e+00,-2.749038496970469915e-17,-3.806066931031679685e-16
6.527499999995888480e+00,5.458247967520002028e-17,-1.706318587792358600e-16
6.529999999995895088e+00,-1.700248647423902289e-17,-2.737727877109321867e-16
6.532499999995901696e+00,8.503014839103195963e-17,-1.995339376414493582e-16
6.534999999995908304e+00,1.028514144645395477e-16,-2.242777679109986275e-16
6.537499999995914912e+00,-1.666876326452056430e-17,-2.262405661015724195e-16
6.539999999995921520e+00,4.316110883715013478e-17,-2.056411693329072313e-16
6.542499999995928128e+00,6.263938863307871453e-17,-2.001368574266005927e-16
6.544999999995935624e+00,1.177433593846989552e-17,-1.971034825917169399e-16
6.547499999995941344e+00,6.905932909371769568e-17,-1.747697453001637434e-16
6.549999999995948841e+00,4.036093636870249689e-17,-6.907265962700145163e-17
6.552499999995954560e+00,6.017418628176386417e-17,-2.032810025233658271e-16
6.554999999995962057e+00,-1.036075555565325762e-17,-1.399098855445852552e-16
6.557499999995967777e+00,5.072256279925762828e-17,-1.607380084679248499e-16
6.559999999995975273e+00,5.414311374186088165e-17,-1.829622646401513166e-16
6.562499999995980993e+00,1.863441148546303742e-17,-1.307510639543016234e-16
6.564999999995988489e+00,-4.429834451038865880e-18,-1.209512341950189910e-16
6.567499999995994209e+00,-4.185196417921379126e-17,-1.375110411976049186e-16
6.569999999996001705e+00,6.855159298497207035e-17,-2.076842788580880923e-16
6.572499999996008313e+00,6.123497179060173475e-17,-1.708664695622488300e-16
6.574999999996014921e+00,-4.157957640955376010e-17,-2.446283620762786412e-16
6.577499999996022417e+00,-2.644843924387711885e-17,-1.820115558930775801e-16
6.579999999996028137e+00,-2.072032104431524701e-17,-1.846441000185353027e-16
6.582499999996035633e+00,6.244690797461959219e-17,-1.993051435374972805e-16
6.584999999996041353e+00,2.436032253908165173e-17,-1.140291730181244117e-16
6.587499999996048849e+00,5.263740319419499232e-17,-2.136038984462077899e-16
6.589999999996054569e+00,-2.199830951324751554e-17,-1.586126558298413348e-16
6.592499999996062066e+00,7.751013373346813966e-17,-2.045235110196068146e-16
6.594999999996067785e+00,-2.674001116619488308e-17,-1.039064138088936815e-16
6.597499999996075282e+00,-1.453334444105344446e-19,-1.119733524959244350e-16
6.599999999996081002e+00,-2.452934591932601171e-17,-1.964012187459246202e-16
6.602499999996088498e+00,-1.597055540236809968e-17,-1.048709606889233252e-16
6.604999999996095106e+00,4.460008365236052592e-17,-1.746150944293336441e-16
6.607499999996101714e+00,-8.838692433490662927e-18,-1.485649983099527331e-16
6.609999999996108322e+00,2.941871132176291997e-17,-1.601200192564108587e-16
6.612499999996114930e+00,9.234920718941512657e-17,-2.021969502937594445e-16
6.614999999996121538e+00,-3.350704094968210555e-17,-1.657213539306739093e-16
6.617499999996128146e+00,-4.247277194879527978e-18,-2.091351793860787749e-16
6.619999999996134754e+00,3.436400525557262823e-17,-7.634830727391273049e-17
6.622499999996141362e+00,4.361979904712064641e-19,-1.730758510019284905e-16
6.624999999996147970e+00,9.016398191032746444e-17,-1.628042459821138338e-16
6.627499999996154578e+00,-8.795124168428714404e-18,-1.432339897831977605e-16
6.629999999996161186e+00,-2.268767112181472399e-18,-2.270337948151298259e-16
6.632499999996168683e+00,-3.206189741991724531e-17,-2.372662080258799233e-16
6.634999999996174402e+00,3.222959880202688059e-17,-2.135698743450959203e-16
6.637499999996181899e+00,9.785553650308181117e-18,-2.183146384960464407e-16
6.639999999996188507e+00,5.098954921795167751e-17,-2.071294599640468249e-16
6.642499999996195115e+00,6.808342926406648473e-17,-2.048815747585397108e-16
6.644999999996201723e+00,-5.663485799872520640e-17,-2.141467794058050942e-16
6.647499999996208331e+00,-8.800382690398970289e-18,-2.116052493171905161e-16
6.649999999996214939e+00,-3.908980739819356973e-17,-2.626688875337975026e-16
6.652499999996221547e+00,3.415717894467028044e-17,-2.408771055827781033e-16
6.654999999996228155e+00,1.166959623607676738e-17,-1.719098948879206749e-16
6.657499999996234763e+00,-2.923831949782208907e-17,-2.458092201612041570e-16
6.659999999996242259e+00,5.584028659607973438e-17,-1.315272446311286333e-16
6.662499999996247979e+00,-4.348405293763077810e-17,-1.961597575591188985e-16
6.664999999996255475e+00,2.494668587672037128e-17,-1.704625300621851666e-16
6.667499999996261195e+00,3.891069816223731397e-17,-3.394203781760428082e-17
6.669999999996268691e+00,9.157913958296275555e-18,-1.291101717580435169e-16
6.672499999996274411e+00,-2.593170438602790381e-17,-4.114574720336189946e-17
6.674999999996281907e+00,5.735178631093821950e-17,-1.924062067532167601e-16
6.677499999996287627e+00,2.856948431649698609e-17,-1.410128954180923050e-16
6.679999999996295124e+00,-4.028320693612136842e-17,-1.321250466399097312e-16
6.682499999996300843e+00,-3.280970381544469080e-17,-1.330567937623737735e-16
6.684999999996308340e+00,-2.110034863960508141e-17,-2.233754691913339728e-16
6.687499999996314948e+00,2.016071893520493364e-17,-9.661578827107377979e-17
6.689999999996321556e+00,7.012422539398629639e-17,-1.556551967380665422e-16
6.692499999996328164e+00,-3.378387243351430652e-17,-1.068140150696135813e-16
6.694999999996334772e+00,-4.062487182657900184e-17,-1.906711421937822580e-16
6.697499999996341380e+00,1.136311503781961384e-17,-2.987722365397144065e-16
6.699999999996347988e+00,-2.453606017952356397e-17,-1.920603814208240221e-16
6.702499999996355484e+00,-4.484548238220460642e-17,-1.973396798859334508e-16
6.704999999996361204e+00,-5.526074777408978324e-19,-2.391197498479751874e-16
6.707499999996368700e+00,3.555274905249289649e-17,-2.013608065178439991e-16
6.709999999996374420e+00,-2.173389685583931601e-17,-2.295738956346095976e-16
6.712499999996381916e+00,4.762489746144098779e-17,-3.015097731653996219e-16
6.714999999996388524e+00,-1.093634380945151984e-17,-2.290744046172074531e-16
6.717499999996395132e+00,-2.807446032187856139e-17,-1.904777227600548080e-16
6.719999999996401741e+00,-2.201883112379622282e-17,-2.911965425908418297e-16
6.722499999996408349e+00,-3.941291828585430282e-18,-2.462110466395754774e-16
6.724999999996414957e+00,-1.197826357774551528e-17,-3.402171071322982873e-16
6.727499999996421565e+00,-3.270085380281508240e-17,-2.237702171001157533e-16
6.729999999996428173e+00,4.234800173192577940e-17,-1.743521076332345672e-16
6.732499999996434781e+00,6.629093295508795763e-17,-2.481321842289424547e-16
6.734999999996441389e+00,3.453801247105222825e-17,-3.484423182190655243e-16
6.737499999996447997e+00,6.797986548534930661e-17,-2.757010918750548493e-16
6.739999999996454605e+00,3.990849517619894031e-17,-2.094922090681696417e-16
6.742499999996462101e+00,-9.760721988398560899e-17,-2.638395843252407147e-16
6.744999999996467821e+00,1.137045539472470738e-16,-2.363559437759664409e-16
6.747499999996475317e+00,1.173049315527885824e-16,-3.906366548036229227e-16
6.749999999996481037e+00,5.394350124286723615e-18,-3.006072895779698804e-16
6.752499999996488533e+00,1.276627357842531202e-18,-3.067015912344145180e-16
6.754999999996494253e+00,5.335656160504038051e-17,-1.880454816496365341e-16
6.757499999996501749e+00,5.399918668621492424e-17,-3.390359771140523831e-16
6.759999999996507469e+00,3.180714773675733673e-17,-2.081894819461454484e-16
6.762499999996514966e+00,6.275958501663837957e-17,-2.755652379834176394e-16
6.764999999996521574e+00,-1.089422492006666340e-18,-3.178364327632702526e-16
6.767499999996528182e+00,-1.394246419576401826e-17,-3.012069320921263988e-16
6.769999999996534790e+00,9.445749025641211913e-17,-2.950536807575837143e-16
6.772499999996541398e+00,5.467379453548218065e-17,-2.204557153898367620e-16
6.774999999996548894e+00,-2.968824073642539269e-17,-3.238173570592831699e-16
6.777499999996554614e+00,5.972458011854338634e-17,-1.949774355577964053e-16
6.779999999996562110e+00,1.154675637143701364e-16,-2.437400705423134534e-16
6.782499999996567830e+00,2.647414826537361398e-17,-2.906060139105827748e-16
6.784999999996575326e+00,1.103509528909832878e-16,-1.509078304546447153e-16
6.787499999996581046e+00,1.611602483802085583e-17,-1.721111691707115871e-16
6.789999999996588542e+00,1.209936154107365622e-17,-3.111157220018120490e-16
6.792499999996594262e+00,2.137911173532897035e-17,-2.247898270905785098e-16
6.794999999996601758e+00,-2.941697538346265579e-17,-4.043598389322664668e-16
6.797499999996607478e+00,8.331207206279421901e-17,-3.683959759556360261e-16
6.799999999996614974e+00,1.383331971465131789e-17,-2.390875034781839350e-16
6.802499999996621582e+00,-3.732596324501869142e-17,-3.775261102831850940e-16
6.804999999996628191e+00,2.054226017843627224e-17,-3.775925187580541006e-16
6.807499999996634799e+00,-2.454573558115322813e-17,-3.701313151676879863e-16
6.809999999996641407e+00,-6.165117771938619747e-17,-2.678007669059473515e-16
6.812499999996648015e+00,-7.183753257011765540e-17,-3.068889974332986316e-16
6.814999999996654623e+00,-8.512609861797656149e-17,-3.357832920020560123e-16
6.817499999996661231e+00,-3.086016163191682538e-17,-3.134940676857348835e-16
6.819999999996667839e+00,3.806348623784160453e-17,-1.942312406846346315e-16
6.822499999996674447e+00,1.852911382326321797e-17,-3.131666839413975982e-16
6.824999999996681055e+00,1.725198615721018337e-17,-2.019616820516584725e-16
6.827499999996688551e+00,4.146626869021556507e-17,-1.742198662643418101e-16
6.829999999996695159e+00,2.962582500557283396e-17,-2.823662122027333308e-16
6.832499999996701767e+00,5.353257102649886548e-17,-2.056723779856551048e-16
6.834999999996708375e+00,3.336033750316578718e-17,-8.785308387071992629e-17
6.837499999996714983e+00,-1.181457127172475747e-16,-3.027590018561755063e-16
6.839999999996721591e+00,-2.262642282721313465e-17,-1.865600223840141895e-16
6.842499999996728199e+00,9.383884662552470574e-18,-2.148068292455036385e-16
6.844999999996734807e+00,8.090149809300652348e-18,-1.843749344260850794e-16
6.847499999996741415e+00,5.334724894481837374e-18,-2.453532454312854825e-16
6.849999999996748024e+00,-6.498363284397964554e-18,-3.089000914148597843e-16
6.852499999996754632e+00,8.327499990743966613e-17,-2.606859622578915762e-16
6.854999999996761240e+00,5.683216542520100336e-17,-2.513167305038001071e-16
6.857499999996768736e+00,-9.524351870020659723e-17,-1.668022625101055356e-16
6.859999999996774456e+00,-2.390885179797714360e-17,-2.017244381767550605e-16
6.862499999996781952e+00,2.139020983614252142e-17,-1.856659263358015770e-16
6.864999999996787672e+00,2.698419812299774354e-17,-2.194375916451420415e-16
6.867499999996795168e+00,3.317775163958565286e-17,-2.092682144837229276e-16
6.869999999996800888e+00,5.924241211091512696e-18,-1.877657855464018552e-16
6.872499999996808384e+00,-8.871405151907589838e-18,-2.644266026619915612e-16
6.874999999996814104e+00,6.333680868953832778e-17,-2.251200863408050215e-16
6.877499999996821600e+00,3.734093100131247974e-17,-2.109114465150146119e-16
6.879999999996827320e+00,-8.914796319180838452e-17,-1.774400283986869339e-16
6.882499999996834816e+00,9.684829533360508331e-18,-2.420848423013493890e-16
6.884999999996841424e+00,-1.897427876523278698e-17,-2.718322533814969006e-16
6.887499999996848032e+00,3.990532734467959968e-17,-2.120771494134294648e-16
6.889999999996855529e+00,-2.230193911360045177e-17,-3.101987606863974071e-16
6.892499999996861249e+00,3.727627871012625223e-17,-2.480137124461790113e-16
6.894999999996868745e+00,-6.456963375558628661e-18,-3.253583427213922138e-16
6.897499999996874465e+00,-7.092775752961522903e-17,-2.975050604573498787e-16
6.899999999996881961e+00,2.644273739092981526e-17,-2.610909106314262603e-16
6.902499999996887681e+00,4.253117245244434865e-17,-2.824313650984824672e-16
6.904999999996895177e+00,-6.980960969866996538e-17,-2.540006464580833804e-16
6.907499999996900897e+00,9.985812943618458909e-18,-2.884629066682039857e-16
6.909999999996908393e+00,-1.384484540352795255e-17,-3.689186320854164558e-16
6.912499999996914113e+00,9.494199579134879378e-17,-2.865354245774415316e-16
6.914999999996921609e+00,5.877047058775176845e-17,-3.556215089563993153e-16
6.917499999996928217e+00,1.030995646658792883e-16,-3.164995494065664149e-16
6.919999999996934825e+00,3.019482437351546622e-17,-3.272804876090497415e-16
6.922499999996941433e+00,-1.167089369864202237e-17,-2.924496804864151423e-16
6.924999999996948041e+00,2.443479151654240614e-17,-2.531530453820282040e-16
6.927499999996954649e+00,-8.958854025652296891e-17,-2.743107272709002302e-16
6.929999999996961257e+00,1.738646796014830256e-17,-2.948538040538833258e-16
6.932499999996967865e+00,2.545702227208640103e-17,-3.258269310602384952e-16
6.934999999996974474e+00,6.164604125183286775e-17,-3.868931276973220582e-16
6.937499999996981082e+00,4.140516335511217388e-17,-3.763521379121220897e-16
6.939999999996987690e+00,-3.345993359325326908e-17,-3.917695349499979912e-16
6.942499999996994298e+00,7.993554461327331571e-17,-4.003120243345956991e-16
6.944999999997001794e+00,-1.559662444796760700e-17,-3.524390631900367842e-16
6.947499999997007514e+00,6.129021708096885137e-19,-3.556231731881709645e-16
6.949999999997015010e+00,2.203449525860574576e-17,-3.415362046438079696e-16
6.952499999997021618e+00,9.773325644889214041e-17,-3.682730886022799803e-16
6.954999999997028226e+00,2.660343784861404055e-17,-3.795192638435704271e-16
6.957499999997034834e+00,2.191906708832853819e-17,-4.101981142653627643e-16
6.959999999997041442e+00,-4.215501481509083882e-17,-4.870539163042105026e-16
6.962499999997048050e+00,2.605932849401764600e-17,-3.485002312063994119e-16
6.964999999997054658e+00,-3.676805954156200402e-17,-3.551812125924558920e-16
6.967499999997061266e+00,5.801989514224154190e-17,-3.403254340062792972e-16
6.969999999997067874e+00,7.090629625895552248e-17,-4.265155510850969491e-16
6.972499999997075371e+00,6.746034190879298013e-17,-5.163418434903956264e-16
6.974999999997081090e+00,-2.506278255742055868e-18,-3.862164563292464910e-16
6.977499999997088587e+00,-4.778893238926748102e-17,-3.383449572570766309e-16
6.979999999997094307e+00,2.525966558871647029e-17,-3.288847771328906693e-16
6.982499999997101803e+00,-3.873632996652153522e-17,-3.713487122639427364e-16
6.984999999997107523e+00,-8.218688356933697799e-17,-4.240446153690523940e-16
6.987499999997115019e+00,2.737032263027730824e-17,-3.895177453268432450e-16
6.989999999997120739e+00,6.817319596529821741e-18,-3.396525746363298342e-16
6.992499999997128235e+00,2.644805820969470612e-18,-3.743992283671140046e-16
6.994999999997133955e+00,4.795617127835539534e-17,-5.173538615824571556e-16
6.997499999997141451e+00,-4.806787964339035292e-17,-4.373190124215976339e-16
6.999999999997148059e+00,3.558908345305596834e-17,-4.001778464238384375e-16
7.002499999997154667e+00,-2.786347225730935995e-17,-4.933992538237912589e-16
7.004999999997161275e+00,-9.301605397772553251e-17,-3.682644158450080667e-16
7.007499999997167883e+00,1.599578392247386038e-17,-4.040068902357307678e-16
7.009999999997174491e+00,5.092508893350107592e-17,-4.006478958939669046e-16
7.012499999997181099e+00,-8.895060934086234954e-17,-3.658435471307500830e-16
7.014999999997188596e+00,-1.135815659750062774e-17,-3.420523596348555901e-16
7.017499999997194315e+00,-8.493183925189223644e-17,-4.024003762197721541e-16
7.019999999997201812e+00,8.425474745597891106e-18,-3.725268221665266449e-16
7.022499999997207532e+00,1.019480201007624079e-16,-2.150851208675609739e-16
7.024999999997215028e+00,-3.571950311394217724e-18,-3.480112693067035556e-16
7.027499999997221636e+00,6.244408049176171747e-18,-3.496121587079666126e-16
7.029999999997228244e+00,1.722610965345761296e-17,-2.487949909855156800e-16
7.032499999997234852e+00,4.249803169371471374e-17,-2.598892135072509454e-16
7.034999999997241460e+00,-9.265471362296632756e-18,-2.984284498593958805e-16
7.037499999997248068e+00,-6.116705339141526755e-17,-3.347715087421428854e-16
7.039999999997254676e+00,1.472662592614180335e-17,-2.118658667229201002e-16
7.042499999997261284e+00,-5.582914910963472739e-17,-2.781285290796067089e-16
7.044999999997267892e+00,-8.583391348152679979e-17,-2.284500405427531522e-16
7.047499999997274500e+00,-5.828738162561259203e-17,-2.184512415985336161e-16
7.049999999997281108e+00,5.540995628447926012e-17,-3.131541523127566285e-16
7.052499999997287716e+00,-1.912095086267047700e-17,-3.155122939890473412e-16
7.054999999997294324e+00,3.981049752795054038e-17,-1.780151345747091311e-16
7.057499999997300932e+00,6.185819187843222386e-17,-2.720837674087002342e-16
7.059999999997308429e+00,-1.827218862883651416e-17,-3.617224288452030820e-16
7.062499999997314148e+00,-2.785047879200263293e-17,-1.729388215145865568e-16
7.064999999997321645e+00,1.457148665821974048e-17,-2.369344710687303347e-16
7.067499999997327365e+00,-3.768409360259966276e-17,-2.757716126157142571e-16
7.069999999997334861e+00,-1.844777278752176103e-17,-3.397599572323781299e-16
7.072499999997340581e+00,1.802711079430652597e-17,-2.430501147090381749e-16
7.074999999997348077e+00,-6.579562562322029577e-17,-2.866893480127250752e-16
7.077499999997354685e+00,1.713356329305634184e-17,-3.520470566567830863e-16
7.079999999997361293e+00,4.357642398913728605e-17,-2.566794365386485092e-16
7.082499999997367901e+00,-3.792086360672850621e-17,-2.964033580162036874e-16
7.084999999997374509e+00,1.992858117561860177e-17,-2.334196367254844028e-16
7.087499999997382005e+00,4.375632182116542424e-17,-3.552371598486558998e-16
7.089999999997387725e+00,-1.200222341274581279e-16,-2.884527016311570200e-16
7.092499999997395221e+00,-6.373750250674348610e-17,-2.249629274453366493e-16
7.094999999997400941e+00,-1.917525320732885123e-17,-2.062441504677010534e-16
7.097499999997408437e+00,3.290569930589001521e-17,-8.600819702751143586e-17
7.099999999997414157e+00,-7.360452159755462662e-17,-2.954554672247822078e-16
7.102499999997421654e+00,1.202885620264269200e-16,-1.980590426258882550e-16
7.104999999997427373e+00,1.970736201863810582e-17,-1.843198259503664813e-16
7.107499999997434870e+00,1.012991562741088430e-17,-1.687231200449790627e-16
7.109999999997440590e+00,-2.798974992186449376e-17,-1.476651236705809666e-16
7.112499999997448086e+00,4.977080555173338244e-18,-1.732147705375411729e-16
7.114999999997454694e+00,-6.309454798666956737e-17,-7.543893851149561438e-17
7.117499999997461302e+00,-1.788323850391211626e-17,-2.018413849637914217e-16
7.119999999997467910e+00,-2.881644972061512715e-17,-5.622998318325026004e-17
7.122499999997474518e+00,9.440382424246949914e-17,-1.030885542836308919e-16
7.124999999997481126e+00,-5.201251479352266227e-17,-1.635521718558923034e-16
7.127499999997487734e+00,8.581554396561252163e-18,-1.387714721237256405e-16
7.129999999997494342e+00,-1.685507741246987056e-17,-1.553473538030214695e-16
7.132499999997500950e+00,2.221293321822430315e-17,-1.040865824644442199e-16
7.134999999997507558e+00,6.550674008940227769e-19,-5.929403124285073800e-17
7.137499999997514166e+00,-4.246016071456146103e-17,-1.841772766966507907e-16
7.139999999997521662e+00,-1.381494668140537677e-17,-1.299838837915665945e-16
7.142499999997528271e+00,3.119631433660692695e-17,-2.542249406950633372e-16
7.144999999997534879e+00,-8.185398621095534955e-18,-1.915076106998028884e-16
7.147499999997541487e+00,9.633398149978394574e-17,-1.719155299421103370e-16
7.149999999997548095e+00,3.494570045389896347e-17,-1.093656399829171174e-16
7.152499999997554703e+00,6.105921343881343498e-17,-1.504695981630565295e-16
7.154999999997561311e+00,1.755851664618600668e-18,-1.079365863586420427e-16
7.157499999997567919e+00,5.597123364968790501e-17,-4.254068171011921832e-17
7.159999999997574527e+00,2.746978021483479722e-17,-8.106726089305962350e-17
7.162499999997581135e+00,2.511647213305469923e-17,-1.536128635884770047e-16
7.164999999997587743e+00,-7.750927310958231412e-17,-8.238901595814212169e-17
7.167499999997594351e+00,3.812251945295736081e-17,-8.764295047734217831e-17
7.169999999997601847e+00,4.309866305790059360e-18,-1.858201457696079202e-16
7.172499999997607567e+00,5.309394257286569123e-17,-1.468646094172116438e-16
7.174999999997615063e+00,4.908537802558081545e-17,-1.472254870338157476e-16
7.177499999997620783e+00,1.769484305663140130e-17,-9.537647034424400019e-17
7.179999999997628279e+00,2.355779217805245793e-17,-1.197911761706152066e-16
7.182499999997633999e+00,-2.402263928893551502e-17,-1.684657183203820723e-16
7.184999999997641495e+00,4.145166036629984279e-17,-7.267491683196119881e-17
7.187499999997647215e+00,3.547719017471484842e-17,-1.300263957456773507e-16
7.189999999997654712e+00,1.284915793176718929e-18,-7.694874661090752688e-17
7.192499999997660431e+00,-9.750086104805205760e-18,-9.409899801836369196e-17
7.194999999997667928e+00,2.685305060161804921e-17,-2.314701377456750519e-18
7.197499999997674536e+00,-9.823049688217391524e-18,3.488322314144649710e-17
7.199999999997681144e+00,-1.104875787838861640e-18,-4.035133494282239885e-17
7.202499999997688640e+00,-2.043287301453547496e-17,-4.946163913523342637e-17
7.204999999997694360e+00,-2.048957727952173723e-17,-7.561047614902270835e-17
7.207499999997701856e+00,-4.105545407919989633e-17,-1.720637349752572026e-17
7.209999999997707576e+00,-8.806743932169796604e-19,6.017988093113024721e-18
7.212499999997715072e+00,6.245598370389884483e-18,-2.593077240574506198e-17
7.214999999997720792e+00,4.642291711857246767e-17,8.514949860855212597e-18
7.217499999997728288e+00,-4.969640861760024346e-18,-1.850293418004724559e-17
7.219999999997734008e+00,-3.599210440469735642e-17,5.928645581156558700e-17
7.222499999997741504e+00,2.198940710612360168e-17,1.063060506694627195e-16
7.224999999997747224e+00,2.308637642596861862e-17,2.243547310429611980e-17
7.227499999997754720e+00,1.649885819461861339e-17,6.603679665185329522e-17
7.229999999997761329e+00,-7.600227414084327071e-18,8.444049951780929547e-17
7.232499999997767937e+00,-1.580171276962248745e-17,-2.771880658594354360e-17
7.234999999997774545e+00,3.189810383092174673e-17,2.845963769083699402e-18
7.237499999997781153e+00,-2.806747969529031277e-17,6.464379768213366798e-17
7.239999999997787761e+00,1.022751372981372073e-16,1.176500205859946936e-16
7.242499999997794369e+00,-5.830443034478957747e-17,-8.351931863721749187e-17
7.244999999997800977e+00,-9.162356232364140907e-18,-8.115643683123967627e-17
7.247499999997807585e+00,-3.613232411671564461e-17,3.527859556806750520e-17
7.249999999997814193e+00,2.510925748834859614e-17,1.431802841820064018e-16
7.252499999997820801e+00,2.356194417218161398e-17,9.421858214911690227e-18
7.254999999997827409e+00,-6.308549376992962658e-18,4.150471695300287830e-17
7.257499999997834905e+00,3.517386831954114042e-18,-1.993396049719918675e-17
7.259999999997840625e+00,5.166893215279332312e-18,5.605212755802835446e-17
7.262499999997848121e+00,2.939788485817639800e-17,3.391832253681670371e-17
7.264999999997854729e+00,9.793935305550931735e-18,-5.757578970040770903e-17
7.267499999997861337e+00,-1.555996041874128285e-17,-1.963621622762482065e-17
7.269999999997867945e+00,-2.629389210669857275e-18,-2.260266787377453694e-17
7.272499999997874554e+00,6.783649503276880018e-17,-7.845587880355471856e-17
7.274999999997881162e+00,4.127586094355667235e-17,-4.047075548807753045e-17
7.277499999997887770e+00,1.573469891258383831e-17,-4.374180874872429880e-17
7.279999999997894378e+00,1.281702639863248207e-17,-1.101518133817020750e-16
7.282499999997900986e+00,2.514261425215358271e-17,-7.380161659141546572e-17
7.284999999997908482e+00,2.905389383747881367e-17,-4.926752857838398664e-17
7.287499999997914202e+00,-2.511360467080320206e-18,-5.102600037880509590e-17
7.289999999997921698e+00,4.354085221112176350e-17,-1.115613856405157643e-16
7.292499999997927418e+00,4.270872632808556594e-17,-1.442526199537186634e-16
7.294999999997934914e+00,1.743449577822236873e-17,-1.296845989293424528e-16
7.297499999997940634e+00,7.504679429335601924e-17,-1.573714250847425654e-16
7.299999999997948130e+00,8.260203994685511004e-17,-1.971341653968591335e-16
7.302499999997953850e+00,-2.856378986323035693e-17,-1.409171499009971434e-16
7.304999999997961346e+00,4.888361190550001750e-18,-1.947035787156315096e-16
7.307499999997967066e+00,-3.369465113583353474e-17,-1.808251101366557203e-16
7.309999999997974562e+00,1.862555391627791309e-17,-2.143019440336216970e-16
7.312499999997981170e+00,9.423795350100634381e-18,-2.382665292215364373e-16
7.314999999997987778e+00,5.960251752324978929e-17,-2.486166090638853917e-16
7.317499999997994387e+00,5.912967551586049780e-17,-2.627389888090116672e-16
7.319999999998000995e+00,4.297431365860370800e-17,-2.125201426527538168e-16
7.322499999998007603e+00,3.832797609484458707e-17,-1.869280628114534686e-16
7.324999999998014211e+00,5.095358399524005172e-17,-1.672929516628309920e-16
7.327499999998021707e+00,-1.939359105028665441e-17,-1.639487172990355800e-16
7.329999999998027427e+00,1.193900455297372262e-17,-1.671515541721340453e-16
7.332499999998034923e+00,2.586469727647232555e-17,-1.745833181523419318e-16
7.334999999998040643e+00,2.300227820072631489e-17,-1.057491909327568287e-16
7.337499999998048139e+00,1.070198645783262687e-17,-1.598382903849827953e-16
7.339999999998054747e+00,2.249260865668909323e-17,-1.356609641551641561e-16
7.342499999998061355e+00,-1.970503802909148713e-17,-9.781186567000274233e-17
7.344999999998067963e+00,7.336712179771767361e-17,-4.875472300114537155e-17
7.347499999998074571e+00,-3.076735101823604451e-17,-1.363576798526963825e-16
7.349999999998081179e+00,3.150846382891514155e-17,-1.071529540715638258e-16
7.352499999998087787e+00,6.351127918216041206e-17,-1.064378728357454120e-16
7.354999999998094395e+00,2.233819631831459422e-17,-1.516759134028320064e-16
7.357499999998101003e+00,-2.084026839227070416e-17,-1.375579922061920862e-16
7.359999999998107612e+00,4.283964641438248319e-17,-1.451448897577973279e-16
7.362499999998114220e+00,1.415164725519352423e-17,-2.126712225033138955e-16
7.364999999998120828e+00,-1.959724046191073430e-17,-1.096127591760815899e-16
7.367499999998127436e+00,1.856499283560249184e-17,-1.796553044816023752e-16
7.369999999998134044e+00,2.256960741670281718e-17,-2.212894750353225915e-16
7.372499999998141540e+00,-5.755102012355018173e-17,-1.829323114675403010e-16
7.374999999998147260e+00,-3.319124442415624100e-17,-1.436956051238916410e-16
7.377499999998154756e+00,-1.030108150799102577e-17,-1.512171728983769375e-16
7.379999999998160476e+00,3.604078244363371602e-17,-1.793829078093157748e-16
7.382499999998167972e+00,-5.483617320699058142e-18,-1.801807306084230177e-16
7.384999999998173692e+00,1.619503532908187810e-17,-1.587731700053443951e-16
7.387499999998181188e+00,-2.824051357967802562e-17,-1.359939865547644192e-16
7.389999999998187796e+00,1.197530235780238972e-19,-1.795561841523452171e-16
7.392499999998194404e+00,9.619412163748418832e-18,-1.601813415641879914e-16
7.394999999998201012e+00,-2.602824254142294743e-17,-8.838648545947078621e-17
7.397499999998207620e+00,6.947696065446120798e-17,-9.615074395515233417e-17
7.399999999998215117e+00,2.529825372851380736e-17,-1.742924387760580210e-16
7.402499999998220837e+00,2.232951223030132842e-18,-1.269596055406467762e-16
7.404999999998228333e+00,-9.658315642535535850e-18,-1.398079415035426301e-16
7.407499999998234053e+00,4.440635898449264442e-17,-1.398605216498107044e-16
7.409999999998241549e+00,-2.788558809702796408e-18,-1.362116757823065979e-16
7.412499999998247269e+00,2.930365521700249358e-17,-1.442986019010793256e-16
7.414999999998254765e+00,-1.711846167047982096e-17,-1.318328275152660837e-16
7.417499999998260485e+00,-1.182379854983061484e-17,-1.467326753180326330e-16
7.419999999998267981e+00,1.430412425215963319e-17,-1.826047529244302474e-16
7.422499999998273701e+00,-3.152089917199979483e-17,-1.707393607163227848e-16
7.424999999998281197e+00,-3.272105683349307814e-17,-1.011115547504566803e-16
7.427499999998287805e+00,8.637527814642529339e-18,-1.261552799668700851e-16
7.429999999998294413e+00,-3.195423913649582592e-18,-1.590947128773178184e-16
7.432499999998301021e+00,3.243850328847151139e-17,-1.856077040444364824e-16
7.434999999998307629e+00,1.510061493210114219e-18,-1.381555215357021026e-16
7.437499999998314237e+00,3.860558685837696869e-17,-2.092807256617217347e-16
7.439999999998320845e+00,1.543551475185117242e-17,-1.913310118767801979e-16
7.442499999998327453e+00,-3.749054748305256074e-18,-2.555761271811120615e-16
7.444999999998334062e+00,6.898273563771466456e-17,-1.653019349903568811e-16
7.447499999998340670e+00,1.957212303299399679e-17,-1.948842831636024561e-16
7.449999999998347278e+00,1.953341065992448314e-17,-1.967529858831760522e-16
7.452499999998354774e+00,3.454382807526803668e-17,-1.771371754865686873e-16
7.454999999998361382e+00,2.816314373513618328e-17,-2.013846903534262262e-16
7.457499999998367990e+00,5.584905607713951816e-17,-1.434454112585680221e-16
7.459999999998374598e+00,3.489765970993217187e-17,-1.285115438225066067e-16
7.462499999998381206e+00,3.758193224172105614e-17,-1.754162369778831266e-16
7.464999999998387814e+00,8.987846569065667881e-18,-1.137937218561443425e-16
7.467499999998394422e+00,5.232364620593795571e-18,-1.818079836680883401e-16
7.469999999998401030e+00,5.403521358756697552e-18,-1.281183393572419546e-16
7.472499999998407638e+00,2.770111065552536647e-17,-1.466744832747412629e-16
7.474999999998414246e+00,1.707308109413905867e-17,-1.522988029219072652e-16
7.477499999998420854e+00,2.611075504074672743e-17,-1.659916987998791092e-16
7.479999999998427462e+00,2.475926979106427864e-17,-1.155151692691632740e-16
7.482499999998434959e+00,4.069429006793059314e-17,-1.619104481253583354e-16
7.484999999998440678e+00,2.646419183076402352e-17,-1.441970304364698102e-16
7.487499999998448175e+00,2.969580019010181979e-17,-1.889475203865296867e-16
7.489999999998453895e+00,4.636955781275989582e-18,-1.560723407331752510e-16
7.492499999998461391e+00,-1.589063918833754769e-17,-1.762323416839140045e-16
7.494999999998467111e+00,-8.026184814281847560e-18,-2.060690089493185708e-16
7.497499999998474607e+00,8.150954871022563582e-18,-2.200804777881116565e-16
7.499999999998480327e+00,-1.908429059474584188e-17,-1.777975673515484019e-16
7.502499999998487823e+00,8.670795908317311927e-18,-1.728109331469175845e-16
7.504999999998493543e+00,-1.935731835655104821e-17,-1.633488982873264308e-16
7.507499999998501039e+00,2.772728867676618885e-18,-9.880245096487193326e-17
7.509999999998506759e+00,-2.206609727566575769e-17,-1.011798971545819616e-16
7.512499999998514255e+00,1.565600634321381924e-17,-8.420356711921225939e-17
7.514999999998521751e+00,-3.369757124824385761e-17,-1.272735350052130639e-16
7.517499999998527471e+00,2.783850584476245251e-17,-7.728431388023110710e-17
7.519999999998534967e+00,2.989132841042407975e-17,-5.775595710195587558e-17
7.522499999998540687e+00,-2.373811010318469177e-17,-8.499254720228156368e-17
7.524999999998548184e+00,-2.352804015916533909e-17,-2.284500155055160793e-18
7.527499999998553903e+00,1.950190466882924177e-17,-7.653582758973342753e-17
7.529999999998561400e+00,-3.041838638935469867e-17,-6.856733299712952735e-17
7.532499999998567120e+00,9.142563787615693427e-18,-6.502947204069913864e-17
7.534999999998574616e+00,-3.162125489251977188e-18,-5.466848921690308285e-17
7.537499999998580336e+00,2.193644550589216386e-17,-8.675153866026926466e-17
7.539999999998587832e+00,-1.423922932350921966e-17,-1.238090225960382564e-16
7.542499999998594440e+00,3.809879732817178431e-17,-1.444525265501982309e-16
7.544999999998601048e+00,8.545360551853717814e-19,-1.364933817125857746e-16
7.547499999998607656e+00,7.474283183188571621e-18,-1.079089263049512700e-16
7.549999999998614264e+00,1.938724834033307961e-17,-1.595498394736630341e-16
7.552499999998620872e+00,9.593522739406366774e-18,-1.651575644129164765e-16
7.554999999998627480e+00,4.567810428319092533e-17,-1.784052205230841720e-16
7.557499999998634088e+00,-8.612328903061998339e-18,-2.249225525061929016e-16
7.559999999998640696e+00,1.678895644384725628e-17,-2.401306576101113735e-16
7.562499999998647304e+00,3.345712759196254333e-17,-1.925412664744076439e-16
7.564999999998653912e+00,-1.849558636284103181e-17,-2.223668292440325052e-16
7.567499999998660520e+00,2.349544578902498229e-18,-1.898543403254546502e-16
7.569999999998668017e+00,-9.593326481019847719e-18,-1.724298475465956730e-16
7.572499999998673736e+00,3.443505251011204616e-17,-1.932555473105208828e-16
7.574999999998681233e+00,1.769118196422226734e-17,-1.725015842641523010e-16
7.577499999998687841e+00,-3.601914208520033114e-18,-1.643876931719240757e-16
7.579999999998694449e+00,-3.767345912014459656e-17,-1.149656567988155515e-16
7.582499999998701057e+00,1.462069603202190560e-18,-1.398871140596754521e-16
7.584999999998707665e+00,4.693161573808761518e-18,-1.025532967565911108e-16
7.587499999998714273e+00,3.009276412953040566e-17,-1.169749301728690612e-16
7.589999999998720881e+00,3.758130262867858258e-17,-9.561502867537444504e-17
7.592499999998727489e+00,4.845778091793030990e-17,-8.911188281807550978e-17
7.594999999998734097e+00,1.251967722906732979e-17,-7.819392513549840036e-17
7.597499999998741593e+00,1.010321904313201334e-17,2.339369355540012199e-17
7.599999999998747313e+00,-2.833140765858034006e-17,-3.391375725560831592e-17
7.602499999998754809e+00,-9.206069916785774705e-18,-4.169538083523218124e-17
7.604999999998760529e+00,1.845783947457987763e-17,3.054275295128298920e-17
7.607499999998768025e+00,6.215438543077435066e-18,5.445732291386712526e-17
7.609999999998773745e+00,6.957142347504060997e-18,6.007024453836616704e-17
7.612499999998781242e+00,-1.108016147692904340e-17,1.018626941627672662e-18
7.614999999998786961e+00,-2.674165480916330770e-17,3.109099433481952684e-17
7.617499999998794458e+00,4.284825097244361207e-18,3.915599395888856642e-17
7.619999999998800178e+00,1.777404519501921235e-17,5.588815755621646493e-17
7.622499999998807674e+00,1.635995876903938339e-17,5.222776969656398213e-17
7.624999999998814282e+00,3.872881670931861323e-17,6.337546913444414779e-17
7.627499999998820890e+00,8.481785302295038170e-19,6.757550086411309789e-17
7.629999999998827498e+00,1.725008924754333907e-17,8.022584157133605157e-17
7.632499999998834106e+00,-7.665240093472031953e-18,1.271993614237643073e-16
7.634999999998840714e+00,-4.391773102338941501e-17,9.594472324867204101e-17
7.637499999998847322e+00,1.348335469552082559e-17,1.269425210586925160e-16
7.639999999998854818e+00,5.188370924880316210e-17,5.950570625772596923e-17
7.642499999998860538e+00,2.956431294241398950e-17,1.136894334461698603e-16
7.644999999998868034e+00,-2.268897963809691153e-17,1.402132507076790531e-16
7.647499999998873754e+00,6.938742799334050681e-17,5.706691977581679530e-17
7.649999999998881250e+00,-3.320790930440647864e-17,1.028183771848585324e-16
7.652499999998887859e+00,-2.211785479267831342e-17,9.333934836132725631e-17
7.654999999998894467e+00,-4.562369828185263625e-17,5.121485780273876303e-17
7.657499999998901075e+00,3.032978053928680582e-17,4.581483514632782199e-17
7.659999999998907683e+00,1.556000706249093709e-17,6.544645151183453955e-17
7.662499999998914291e+00,2.695180558894446896e-17,6.229667041927907033e-17
7.664999999998920899e+00,-2.240271369570172634e-17,4.915129124165514873e-17
7.667499999998927507e+00,1.951440813954895246e-17,3.701302902292839464e-17
7.669999999998934115e+00,3.062104292484663870e-17,5.055873162677440456e-17
7.672499999998940723e+00,-8.082691473600671830e-19,-1.551613638475070825e-17
7.674999999998947331e+00,2.176053478207154557e-17,2.087198235134261177e-17
7.677499999998953939e+00,1.153971513284235289e-17,7.709135356425693298e-17
7.679999999998960547e+00,5.722466378046145157e-17,3.953109968409123108e-17
7.682499999998967155e+00,4.978186571935423089e-19,5.870292639681422566e-17
7.684999999998974651e+00,-1.911576559878298476e-18,5.355407507674816867e-17
7.687499999998980371e+00,-1.737222560062247461e-17,1.512835162602972643e-17
7.689999999998987867e+00,5.242302600923204097e-17,3.227369161171857213e-17
7.692499999998993587e+00,2.400926211372078358e-17,2.735121742244161442e-17
7.694999999999001083e+00,-2.714242983568392395e-17,3.736228312305996329e-17
7.697499999999006803e+00,-4.745417925726573815e-17,3.405175485555600425e-17
7.699999999999014300e+00,-2.237069223311350503e-17,3.608767493054549740e-18
7.702499999999020908e+00,1.622371053466369110e-17,2.781994037050886185e-17
7.704999999999027516e+00,-5.145753152012236401e-17,2.251121954378176769e-17
7.707499999999034124e+00,2.803394922746701888e-18,1.175397520077853109e-16
7.709999999999040732e+00,2.660999708039497043e-18,9.630121463773256274e-17
7.712499999999048228e+00,8.519834435548168181e-17,1.428098720733970590e-16
7.714999999999053948e+00,-3.492776888594094020e-18,1.089222462351047952e-16
7.717499999999061444e+00,2.535958959292460062e-17,7.529389152596761842e-17
7.719999999999067164e+00,-2.504067954115864474e-17,7.078448913956531943e-17
7.722499999999074660e+00,-2.250174303412977127e-17,6.769689545293808429e-17
7.724999999999080380e+00,2.167718810664317546e-17,8.627765441497194895e-17
7.727499999999087876e+00,-7.565105632880841362e-17,9.953078678906752626e-17
7.729999999999093596e+00,-5.311009363920040308e-17,8.279465605495401558e-17
7.732499999999101092e+00,-2.145718798891675986e-17,8.773882922335115263e-17
7.734999999999106812e+00,1.406744601702737952e-17,9.094450386645145678e-17
7.737499999999114308e+00,5.456386517183170219e-18,7.716173762051497150e-17
7.739999999999120917e+00,1.123554677066322104e-18,1.164157944729734620e-16
7.742499999999127525e+00,-1.984202609568523716e-17,1.276009733850820565e-16
7.744999999999134133e+00,-3.330785327732485973e-17,1.002588508003098517e-16
7.747499999999140741e+00,-5.390122437096779877e-17,6.975464897986362830e-17
7.749999999999147349e+00,-3.007157514753112808e-17,1.047659614410462348e-16
7.752499999999153957e+00,-1.846786904338118208e-17,9.260211288444610413e-17
7.754999999999160565e+00,3.342018889143989379e-17,9.302251773307384411e-17
7.757499999999167173e+00,-3.194092314767564159e-17,1.165318157810937668e-16
7.759999999999173781e+00,-6.242294827871634041e-18,8.709788033542476612e-17
7.762499999999180389e+00,-2.053899110549358426e-17,8.246970075067968418e-17
7.764999999999187885e+00,-1.496255801118436179e-17,5.552599249640665848e-17
7.767499999999194493e+00,-3.793287000787398606e-17,5.758526421169131422e-17
7.769999999999201101e+00,5.072496331306918665e-18,9.704159545891708675e-17
7.772499999999207709e+00,-4.183643091495718500e-17,5.410840573300458270e-17
7.774999999999214317e+00,8.319683557713972943e-18,6.512911000894342481e-17
7.777499999999220925e+00,-3.907919897259865736e-17,6.193438098926978837e-17
7.779999999999227533e+00,-5.510360392190891605e-17,9.905217883664805478e-17
7.782499999999234142e+00,-1.356535271729364334e-17,7.471079883413450715e-17
7.784999999999240750e+00,1.609185786689845957e-17,1.008069619978800841e-16
7.787499999999247358e+00,-3.547869272293716433e-17,6.466569169954298508e-17
7.789999999999253966e+00,-1.669306044317115161e-17,8.805550791931880747e-17
7.792499999999260574e+00,3.235580205452137943e-17,6.207012517301962286e-17
7.794999999999268070e+00,1.179704852567476767e-17,9.059451281413099196e-17
7.797499999999273790e+00,-2.150285483921946882e-17,9.012721968515659488e-17
7.799999999999281286e+00,4.875918902644229641e-17,7.724910921219097718e-17
7.802499999999287006e+00,3.340097281617734826e-18,7.368301669706456659e-17
7.804999999999294502e+00,3.976274360523373337e-18,7.237155114758021390e-17
7.807499999999300222e+00,1.549444737500429977e-17,2.666995485887801897e-17
7.809999999999307718e+00,-1.950017476099690442e-18,2.135956805743872683e-17
7.812499999999313438e+00,-2.568810784964741055e-17,3.464501251806768597e-17
7.814999999999320934e+00,2.639776005569215407e-17,7.675136517450079303e-17
7.817499999999326654e+00,9.391036877180708765e-18,-1.684031999290154638e-18
7.819999999999334150e+00,-3.384905098632920120e-18,3.332625970884473870e-17
7.822499999999339870e+00,-7.674358355576722135e-18,3.337106588095342679e-17
7.824999999999347366e+00,-1.316381167235115389e-17,4.677127060878417446e-17
7.827499999999354863e+00,3.512529269963429025e-18,2.721201513654220239e-17
7.829999999999360583e+00,-2.898704338324277536e-17,6.907942255278673673e-17
7.832499999999368079e+00,-3.130622519328157139e-18,5.538904134060283084e-17
7.834999999999373799e+00,-3.144070430811663016e-18,4.836475264514657880e-17
7.837499999999381295e+00,-1.104102440426297889e-17,8.398042866211652695e-17
7.839999999999387015e+00,-2.273611981370634009e-18,8.422192944999523238e-17
7.842499999999394511e+00,-1.171907161426492474e-17,5.716912091124581973e-17
7.844999999999400231e+00,-4.997961195096376415e-18,4.144943840379253122e-17
7.847499999999407727e+00,1.763889115460552307e-17,5.254318479054486239e-17
7.849999999999413447e+00,-2.250465584952813734e-18,3.907271550678402915e-18
7.852499999999420943e+00,1.691842737351268324e-18,2.210076926090708545e-17
7.854999999999427551e+00,-1.701154114943820991e-17,6.884913453512188471e-17
7.857499999999434159e+00,-5.812186116104932127e-18,-2.217601410216222367e-19
7.859999999999440767e+00,-4.584581840326757174e-19,-3.050438326145949127e-17
7.862499999999447375e+00,7.979865195942464278e-18,-2.468191274995190792e-17
7.864999999999453983e+00,9.705864543033765710e-18,7.326526952556135796e-18
7.867499999999460591e+00,-9.675984956150602264e-18,1.827382538530197676e-17
7.869999999999467200e+00,-5.530537842213466825e-18,1.925815141293253702e-17
7.872499999999473808e+00,-1.682459439336163435e-17,5.165943606267206734e-17
7.874999999999480416e+00,-1.385809662416639181e-17,5.047966673903136213e-17
7.877499999999487024e+00,1.217285013331301317e-17,5.874316974993331435e-17
7.879999999999493632e+00,3.316117615698932112e-18,6.128983476763878800e-17
7.882499999999501128e+00,-9.882264623515493891e-18,4.676622646767607331e-17
7.884999999999506848e+00,-3.846679550571221038e-17,7.679697998379422036e-17
7.887499999999514344e+00,-1.678314296478076128e-18,8.313566937066229719e-17
7.889999999999520952e+00,-9.862962107030656098e-18,8.437749355384765045e-17
7.892499999999527560e+00,-5.028027651570537359e-18,7.872149054972462745e-17
7.894999999999534168e+00,7.808832667126947722e-19,1.097668280417309598e-16
7.897499999999540776e+00,2.342182593813640160e-18,9.228711305777945529e-17
7.899999999999547384e+00,-1.396501290756069118e-17,9.897157541503534793e-17
7.902499999999553992e+00,-2.453092531296149389e-17,1.072227825075038538e-16
7.904999999999560600e+00,-7.310421291324201232e-18,7.380396941464915873e-17
7.907499999999567208e+00,-1.915717104146837200e-18,1.045359720289266115e-16
7.909999999999574705e+00,-5.564871347284829117e-18,4.216615779692678076e-17
7.912499999999580425e+00,1.865991532404374745e-18,3.567254706178970175e-17
7.914999999999587921e+00,-2.531296564680089919e-17,2.467424352905993513e-17
7.917499999999593641e+00,-2.934935342398376617e-17,8.289185983138577613e-17
7.919999999999601137e+00,-3.454937389096483749e-18,7.667722125830675754e-17
7.922499999999606857e+00,-1.399841789836135971e-17,1.137968582671494258e-16
7.924999999999614353e+00,-8.668480895189604146e-18,1.085094568582295555e-16
7.927499999999620073e+00,-2.793367778528026476e-18,1.114726876485336823e-16
7.929999999999627569e+00,-1.923355934836454628e-17,7.950034673181681210e-17
7.932499999999633289e+00,2.877103245189976327e-18,5.630475469165249441e-17
7.934999999999640785e+00,-1.094891845993091636e-17,6.482711293741388099e-17
7.937499999999647393e+00,1.070989684709828031e-17,1.023726558534325996e-16
7.939999999999654001e+00,2.315785632606621634e-19,3.994026686577373843e-17
7.942499999999660609e+00,-1.705385140188170210e-17,4.748752241327700008e-17
7.944999999999667217e+00,-2.928166899563184768e-17,4.944469949011755996e-17
7.947499999999673825e+00,-1.900188488507419523e-17,4.704896611417559613e-17
7.949999999999680433e+00,-2.998054606028995957e-18,4.333036627558594705e-17
7.952499999999687930e+00,9.020896171113496742e-18,2.682068124174739137e-17
7.954999999999693649e+00,1.463706545617660696e-18,-9.879231101384156310e-18
7.957499999999701146e+00,1.757047729110205033e-17,1.578072735880777929e-17
7.959999999999706866e+00,-8.074462041018529649e-18,-8.954026982793960080e-19
7.962499999999714362e+00,-1.895223896132965111e-17,7.802043691871617604e-20
7.964999999999720082e+00,-4.084832504190315445e-18,-9.047451928252918227e-18
7.967499999999727578e+00,7.768541045088851816e-18,4.186458139496703815e-17
7.969999999999734186e+00,-1.367574399446905704e-18,2.566121311815813021e-17
7.972499999999740794e+00,-1.126441340103897128e-17,2.943449693690689089e-17
7.974999999999747402e+00,-1.044945816264171477e-19,4.500937535357108015e-17
7.977499999999754010e+00,-1.464819896223809214e-17,-4.060449724930414466e-18
7.979999999999760618e+00,-1.380777132760102878e-17,3.277310129192392334e-17
7.982499999999767226e+00,-1.247115198285655865e-17,5.380977763441369789e-17
7.984999999999773834e+00,-8.398891724192205779e-18,5.837597748590133372e-18
7.987499999999780442e+00,1.958204237881159273e-17,-4.952137160252292383e-18
7.989999999999787050e+00,2.740234924612277755e-18,7.224913360524060838e-17
7.992499999999793658e+00,2.454396346860578329e-18,-6.966533963217310554e-18
7.994999999999800266e+00,5.950453483591889244e-18,3.067753556635199428e-17
7.997499999999807763e+00,-1.433520066896403530e-17,7.399322800534034515e-17
7.999999999999813483e+00,-5.487880888092920299e-19,8.623685438399416948e-17
8.002499999999820091e+00,2.027829545419149980e-17,1.400761649002562305e-16
8.004999999999826699e+00,1.039885952042730039e-17,9.126392897224700116e-17
8.007499999999833307e+00,1.232361907552078642e-17,1.052701984080271301e-16
8.009999999999839915e+00,-5.026782352501893472e-18,1.107859826129347005e-16
8.012499999999846523e+00,3.270176480493891528e-17,1.118577708119372950e-16
8.014999999999853131e+00,-1.469621008709136114e-17,1.172448631096964140e-16
8.017499999999859739e+00,1.620786300584027876e-17,1.179972738760493647e-16
8.019999999999866347e+00,4.919921746604738122e-18,9.797101876422265076e-17
8.022499999999872955e+00,-1.030082791044630843e-17,1.016294719799469444e-16
8.024999999999881339e+00,2.111220377627230075e-17,8.361475833881522440e-17
8.027499999999886171e+00,-2.823303559344161684e-18,9.135053375508681955e-17
8.029999999999894555e+00,2.008915981034998718e-17,7.209593191986719949e-17
8.032499999999899387e+00,-2.182818491467205776e-18,7.134181342449636556e-17
8.034999999999907772e+00,6.417997142876129023e-18,5.730740845926486868e-17
8.037499999999912603e+00,2.181162605735724284e-17,7.280962407491477241e-17
8.039999999999920988e+00,5.434852965186521405e-18,6.111836324615460781e-17
8.042499999999925819e+00,1.035322259526811333e-18,6.269963498974412278e-17
8.044999999999934204e+00,7.065601168631718723e-18,6.283409403383014941e-17
8.047499999999939035e+00,-5.096823407643295811e-18,7.787133845010543207e-17
8.049999999999947420e+00,1.458860396701821705e-19,9.913389703203888212e-17
8.052499999999954028e+00,1.184936741286780852e-18,8.052678513958070201e-17
8.054999999999960636e+00,2.164210761256402473e-17,9.611656443318491282e-17
8.057499999999967244e+00,-1.693111395545707693e-17,1.021043422687327468e-16
8.059999999999973852e+00,-2.120131004108243027e-18,1.095735317450849541e-16
8.062499999999980460e+00,5.135740370543989447e-18,8.997883073088252369e-17
8.064999999999987068e+00,8.068930243567882145e-18,7.557210872918307328e-17
8.067499999999993676e+00,1.446904274079162293e-17,9.610448107021097527e-17
8.070000000000000284e+00,9.822412429757528023e-18,8.679505610765765773e-17
8.072500000000006892e+00,9.489142957241563821e-18,6.371291271359598176e-17
8.075000000000013500e+00,8.097508806238924902e-18,6.379830859308315879e-17
8.077500000000020108e+00,1.219536262326670983e-17,5.875074297408247290e-17
8.080000000000026716e+00,1.035231607034429066e-17,5.210648021376859396e-17
8.082500000000033324e+00,-1.445546272652249213e-18,4.322151231397524172e-17
8.085000000000039933e+00,-1.386964361516124265e-18,4.362910901466515709e-17
8.087500000000046541e+00,-1.558754831806403595e-18,2.753288728520003029e-17
8.090000000000053149e+00,1.001291962463489601e-17,4.354303339005562203e-17
8.092500000000059757e+00,-1.518516472790082611e-18,4.056137073425981729e-17
8.095000000000066365e+00,1.005833051005935049e-17,4.987274703796773805e-17
8.097500000000072973e+00,9.673097882453140740e-18,5.973751636235776829e-17
8.100000000000079581e+00,1.139808102559613385e-17,7.120539600795265526e-17
8.102500000000086189e+00,1.783519643061433068e-18,8.666406726591239873e-17
8.105000000000092797e+00,-7.279271810113933266e-18,7.727598295586366516e-17
8.107500000000099405e+00,-9.207599906564535486e-19,1.109183203432480651e-16
8.110000000000106013e+00,-7.758902052777829987e-18,1.138124777312169231e-16
8.112500000000114397e+00,-1.869220263460371926e-18,1.043130565878925375e-16
8.115000000000119229e+00,-2.308850169616014112e-18,1.042647957041143587e-16
8.117500000000127613e+00,-5.985848214769427383e-18,8.523828029536545514e-17
8.120000000000132445e+00,-3.923977012694314767e-18,9.247377424639442266e-17
8.122500000000140830e+00,-3.933673926273558703e-18,9.871148855806260696e-17
8.125000000000145661e+00,-1.431726297763907092e-18,1.089368556419015671e-16
8.127500000000154046e+00,1.271679686737446854e-18,9.547241546130794559e-17
8.130000000000158877e+00,-1.408239152353350054e-18,7.894312145838140396e-17
8.132500000000167262e+00,-6.131336866009073560e-18,8.067293036889502745e-17
8.135000000000172093e+00,-3.959893998593794439e-18,6.482825284410471803e-17
8.137500000000180478e+00,1.690592248949527523e-18,6.471502195837387429e-17
8.140000000000172875e+00,-3.783942314173254673e-18,6.260024126221610525e-17
8.142500000000165272e+00,-8.256446103359149753e-18,6.429776608400094875e-17
8.145000000000159446e+00,-1.793749088815916692e-19,6.059830994512145854e-17
8.147500000000151843e+00,-7.281710324764306482e-18,4.870669325512344247e-17
8.150000000000144240e+00,-4.628824623458273137e-18,3.308427358343648240e-17
8.152500000000136637e+00,-4.909014808300890729e-18,3.586595372716153916e-17
8.155000000000129035e+00,-3.904764877644991511e-18,4.546555420680025639e-17
8.157500000000121432e+00,-2.532019442174537942e-18,2.531619729683160235e-17
8.160000000000115605e+00,-2.374458647546896848e-18,2.059454512311738942e-17
8.162500000000108002e+00,-5.670468849708537330e-18,2.450755573472775622e-17
8.165000000000100400e+00,-5.451297913799610273e-18,1.993760261348422681e-17
8.167500000000094573e+00,-3.019295917167195051e-18,1.430027790717514986e-18
8.170000000000085194e+00,1.362269676662295632e-18,-4.357554198621323824e-18
8.172500000000079368e+00,-1.667408592344875289e-18,-5.225695693864450954e-19
8.175000000000071765e+00,-4.837031007417918357e-19,-1.194723512641940870e-17
8.177500000000064162e+00,8.544915642541350056e-19,-1.763679562978383668e-17
8.180000000000056559e+00,1.931081588922884388e-18,-3.481179278796125786e-17
8.182500000000050733e+00,2.512990413742959074e-20,-4.359247934348024322e-17
8.185000000000043130e+00,2.793209558051623318e-18,-3.955136141985844045e-17
8.187500000000035527e+00,7.020395700889625139e-19,-3.518235785046057838e-17
8.190000000000027924e+00,-6.259648808911066285e-19,-1.737132160999424145e-17
8.192500000000020322e+00,1.015839899984511008e-19,-1.728248586079815721e-17
8.195000000000014495e+00,9.860736805142220890e-20,-6.421877624521952635e-18
8.197500000000006892e+00,2.911065203998179345e-20,-1.663512772046129495e-18
8.199999999999999289e+00,0.000000000000000000e+00,0.000000000000000000e+00
