x_um,TM0,TM1
-8.199999999999999289e+00,0.000000000000000000e+00,0.000000000000000000e+00
-8.197500000000019327e+00,4.591628775054234162e-20,-3.151968369624403432e-12
-8.195000000000041140e+00,-1.007538833091253436e-19,-6.304104253416259360e-12
-8.192500000000061178e+00,-1.322240718302564959e-18,-9.456558404574380814e-12
-8.190000000000081215e+00,-5.506175447935726491e-19,-1.260946971769790868e-11
-8.187500000000103029e+00,7.513596165221169290e-19,-1.576297047385849611e-11
-8.185000000000123066e+00,-1.797080582654884416e-18,-1.891719245981975256e-11
-8.182500000000143103e+00,-7.711300069989726822e-19,-2.207235555054912082e-11
-8.180000000000164917e+00,-1.172226883285767379e-18,-2.522858890755016476e-11
-8.177500000000184954e+00,-2.311017259603836218e-19,-2.838604137339391420e-11
-8.175000000000204992e+00,3.040700923037312813e-18,-3.154486154235575762e-11
-8.172500000000226805e+00,2.177080360007240802e-18,-3.470523886335049980e-11
-8.170000000000246843e+00,-7.168329145906633276e-18,-3.786726353403677730e-11
-8.167500000000266880e+00,-2.822732185491548958e-18,-4.103111456379667937e-11
-8.165000000000288694e+00,3.215947522676004981e-18,-4.419694509467069888e-11
-8.162500000000308731e+00,3.873927014978691113e-18,-4.736491754445955263e-11
-8.160000000000328768e+00,-5.635224590621262625e-18,-5.053515389224918016e-11
-8.157500000000348805e+00,-9.964803151630125452e-19,-5.370778944377875824e-11
-8.155000000000370619e+00,-4.508568324931067163e-19,-5.688302938075946782e-11
-8.152500000000390656e+00,4.294732785001211163e-18,-6.006101853899414753e-11
-8.150000000000410694e+00,-1.628760533472070380e-18,-6.324191430014995509e-11
-8.147500000000432507e+00,1.106980926636258673e-17,-6.642583013286355329e-11
-8.145000000000452545e+00,-2.596821525226980792e-18,-6.961294819784851123e-11
-8.142500000000472582e+00,3.798346526176120906e-18,-7.280340325084013279e-11
-8.140000000000494396e+00,-1.358817495430782641e-17,-7.599739130876421033e-11
-8.137500000000514433e+00,-8.454673108023907833e-18,-7.919502414629726201e-11
-8.135000000000534470e+00,-4.643881384373882409e-18,-8.239649147755417144e-11
-8.132500000000556284e+00,-4.662115799239811427e-18,-8.560189563760868671e-11
-8.130000000000576321e+00,-6.627746258667236276e-18,-8.881145484041960016e-11
-8.127500000000596359e+00,-8.295229607201261069e-18,-9.202529002664457275e-11
-8.125000000000618172e+00,7.612947163371231407e-18,-9.524355683431272843e-11
-8.122500000000638209e+00,1.619049756783559361e-18,-9.846644429421842382e-11
-8.120000000000658247e+00,-9.053849691651278279e-19,-1.016940372200992262e-10
-8.117500000000680060e+00,-5.700115863145549863e-18,-1.049265358290169176e-10
-8.115000000000700098e+00,-1.254285471819376564e-18,-1.081640739676618561e-10
-8.112500000000720135e+00,-7.662853817360974561e-18,-1.114068512645582394e-10
-8.110000000000741949e+00,-3.184870342338670912e-18,-1.146549742410987613e-10
-8.107500000000761986e+00,7.060211183839831793e-19,-1.179086634866025859e-10
-8.105000000000782023e+00,5.567311072124644731e-18,-1.211679823074410278e-10
-8.102500000000803837e+00,-3.366959598350956031e-18,-1.244331550497059252e-10
-8.100000000000823874e+00,-3.113964376527610282e-18,-1.277043436184559463e-10
-8.097500000000843912e+00,2.846825578709393204e-19,-1.309816481009884819e-10
-8.095000000000865725e+00,-1.973779946143882429e-18,-1.342652444815152631e-10
-8.092500000000885763e+00,-1.153016568242613158e-18,-1.375553324855691410e-10
-8.090000000000905800e+00,-4.816009864621001773e-18,-1.408520185380117883e-10
-8.087500000000925837e+00,-1.990354479219606560e-18,-1.441555104587168368e-10
-8.085000000000947651e+00,-9.649947932935932538e-18,-1.474659357911058911e-10
-8.082500000000967688e+00,-1.165399482562649302e-17,-1.507834443031138144e-10
-8.080000000000987725e+00,-5.034521764169184693e-18,-1.541082217490149128e-10
-8.077500000001009539e+00,5.715384462880653530e-21,-1.574404414756445336e-10
-8.075000000001029576e+00,-3.826996454497438244e-18,-1.607802660214774841e-10
-8.072500000001049614e+00,-1.255457098180836959e-17,-1.641278483836266496e-10
-8.070000000001071427e+00,-9.840225292767180155e-18,-1.674833046862830555e-10
-8.067500000001091465e+00,6.786633297757691690e-18,-1.708468177458803141e-10
-8.065000000001111502e+00,-1.204239776199540110e-17,-1.742185552974031150e-10
-8.062500000001133316e+00,-4.801997090123041514e-18,-1.775987132017267457e-10
-8.060000000001153353e+00,-9.370139192310878208e-18,-1.809874123354743343e-10
-8.057500000001173390e+00,-8.579832718628139041e-18,-1.843848269875140854e-10
-8.055000000001195204e+00,-3.396013365101781364e-18,-1.877911432936709594e-10
-8.052500000001215241e+00,3.849129318972556961e-18,-1.912065266711897060e-10
-8.050000000001235279e+00,1.932531557908142692e-20,-1.946311147847595734e-10
-8.047500000001257092e+00,-1.729909235537550682e-17,-1.980650814568222982e-10
-8.045000000001277130e+00,-6.284361065012996234e-18,-2.015085767335407842e-10
-8.042500000001297167e+00,-7.743556014939063467e-18,-2.049617630213357012e-10
-8.040000000001318980e+00,-1.274221117130474080e-17,-2.084248441200365672e-10
-8.037500000001339018e+00,4.176322970792868925e-18,-2.118979223353317201e-10
-8.035000000001359055e+00,-1.106905167965765592e-17,-2.153811877339051713e-10
-8.032500000001380869e+00,-1.542793156467961485e-17,-2.188748588625103131e-10
-8.030000000001400906e+00,-5.286819739354808426e-18,-2.223790522306451815e-10
-8.027500000001420943e+00,-7.691781666174463296e-18,-2.258939669446126361e-10
-8.025000000001442757e+00,-4.199734665627782923e-18,-2.294197765175635434e-10
-8.022500000001462794e+00,-4.068547684015458943e-18,-2.329566354733717788e-10
-8.020000000001482832e+00,-1.750998718637312687e-17,-2.365046973192341511e-10
-8.017500000001502869e+00,-8.721134172583265749e-18,-2.400641527648798134e-10
-8.015000000001524683e+00,-1.874973609982836215e-17,-2.436351765778782039e-10
-8.012500000001544720e+00,-2.211936256980136203e-17,-2.472179530602969185e-10
-8.010000000001552323e+00,-9.196277419563875166e-18,-2.508126139092426296e-10
-8.007500000001558149e+00,-1.515650066773774526e-17,-2.544193562833606985e-10
-8.005000000001565752e+00,-9.782131282152659361e-20,-2.580384005126234473e-10
-8.002500000001571578e+00,-8.853090368411260563e-18,-2.616697989386351214e-10
-8.000000000001579181e+00,-9.375950026768456944e-18,-2.653138292297606269e-10
-7.997500000001585008e+00,-8.668942890748139469e-18,-2.689705891823245660e-10
-7.995000000001591722e+00,-1.170073407735754621e-17,-2.726403832611391839e-10
-7.992500000001598437e+00,4.146972705565379082e-19,-2.763232754529117768e-10
-7.990000000001605152e+00,-8.860033479518521263e-18,-2.800195015917278088e-10
-7.987500000001611866e+00,-1.476721199453303350e-17,-2.837291876832724743e-10
-7.985000000001618581e+00,-1.539349158316514102e-17,-2.874525557234925226e-10
-7.982500000001625295e+00,-6.712737642546160146e-18,-2.911897754088368458e-10
-7.980000000001632898e+00,-4.575353670581301430e-18,-2.949410134512237684e-10
-7.977500000001638725e+00,-1.441210607369360534e-17,-2.987064700969638041e-10
-7.975000000001646328e+00,-9.077728843064811494e-18,-3.024862939397495086e-10
-7.972500000001653042e+00,-6.042932967079396617e-18,-3.062807207259538713e-10
-7.970000000001659757e+00,-1.001913660924086728e-17,-3.100898588812167233e-10
-7.967500000001666471e+00,-1.082092659689492459e-17,-3.139139439769744521e-10
-7.965000000001673186e+00,-1.501287918070649446e-17,-3.177531313237907446e-10
-7.962500000001679901e+00,-1.343705223770302796e-17,-3.216076575056205338e-10
-7.960000000001686615e+00,-1.289710940651493651e-17,-3.254776812034863749e-10
-7.957500000001693330e+00,-1.425045247858677349e-17,-3.293633205412760683e-10
-7.955000000001700045e+00,-1.166388615799179782e-17,-3.332648867197772436e-10
-7.952500000001706759e+00,-1.071571395025458541e-17,-3.371824906221072313e-10
-7.950000000001713474e+00,-1.542267481252732784e-17,-3.411163444814955952e-10
-7.947500000001713083e+00,-1.383187275248979154e-17,-3.450666579592169975e-10
-7.945000000001712692e+00,-9.914389796806353250e-18,-3.490335515952664886e-10
-7.942500000001712301e+00,-1.523472747997667872e-17,-3.530172490420543740e-10
-7.940000000001712799e+00,-1.639372505634062861e-17,-3.570179635971015325e-10
-7.937500000001712408e+00,-2.435823920261517773e-17,-3.610358887130113665e-10
-7.935000000001712017e+00,-1.097217133324718500e-18,-3.650712068672837220e-10
-7.932500000001711626e+00,-7.472010971278128353e-18,-3.691241183821795957e-10
-7.930000000001711236e+00,-2.377274884697436325e-17,-3.731947411800757162e-10
-7.927500000001711733e+00,-2.191217930989637902e-17,-3.772833892359954816e-10
-7.925000000001711342e+00,-6.378345620889890294e-18,-3.813901861189185398e-10
-7.922500000001710951e+00,-1.629238015355072307e-17,-3.855153530524199634e-10
-7.920000000001710561e+00,-1.498528371881204490e-17,-3.896590756007686039e-10
-7.917500000001710170e+00,-1.684913286004141526e-17,-3.938215792731488455e-10
-7.915000000001710667e+00,-2.833891746677819475e-17,-3.980031208202372199e-10
-7.912500000001710276e+00,-8.060253466617103377e-18,-4.022037732261456394e-10
-7.910000000001709886e+00,-1.703103358043302783e-17,-4.064238176092082883e-10
-7.907500000001709495e+00,-2.295172905057615972e-17,-4.106634057852426860e-10
-7.905000000001709104e+00,-2.421994223465329180e-17,-4.149228146022670336e-10
-7.902500000001709601e+00,-3.130043275077781074e-18,-4.192022080522356726e-10
-7.900000000001709211e+00,-2.359963783713040193e-17,-4.235017927969486977e-10
-7.897500000001708820e+00,-8.806222967708496850e-20,-4.278217537058404541e-10
-7.895000000001708429e+00,-1.766872376797284081e-17,-4.321623206228823867e-10
-7.892500000001708926e+00,-2.065416653241400573e-17,-4.365237171863585726e-10
-7.890000000001708536e+00,-9.820786007911829665e-18,-4.409061297754300356e-10
-7.887500000001708145e+00,-1.107448191659758085e-17,-4.453097960335919565e-10
-7.885000000001714859e+00,-2.658646577880570779e-17,-4.497348694002102402e-10
-7.882500000001721574e+00,-3.047855706634266126e-17,-4.541816353338461880e-10
-7.880000000001728289e+00,-2.235544088141910406e-17,-4.586502849948220469e-10
-7.877500000001735003e+00,-1.218879740833067877e-17,-4.631410412241996951e-10
-7.875000000001741718e+00,-1.550726504956884925e-17,-4.676540459583982999e-10
-7.872500000001748433e+00,-8.911854673256424565e-18,-4.721896478710173171e-10
-7.870000000001755147e+00,-2.314964173476598476e-17,-4.767479545877902812e-10
-7.867500000001761862e+00,-1.745030585782795979e-17,-4.813292097436148810e-10
-7.865000000001768576e+00,-2.694415807575344527e-18,-4.859336858377827645e-10
-7.862500000001775291e+00,-2.735267781001432145e-19,-4.905615347704657789e-10
-7.860000000001782006e+00,-1.205928347518066850e-17,-4.952129843822709788e-10
-7.857500000001788720e+00,-1.125497185730791244e-17,-4.998883987037853611e-10
-7.855000000001795435e+00,-2.486376416401516232e-17,-5.045878081569817039e-10
-7.852500000001802150e+00,-1.552241445775760456e-17,-5.093115621598433286e-10
-7.850000000001808864e+00,-3.819953305471493023e-18,-5.140598263279553699e-10
-7.847500000001815579e+00,-1.689759228886691917e-17,-5.188328804115952129e-10
-7.845000000001822293e+00,-8.010662764092942436e-18,-5.236309217715635608e-10
-7.842500000001829008e+00,-1.290466310476483424e-17,-5.284540967553578196e-10
-7.840000000001835723e+00,-1.077079864826568730e-17,-5.333028175725410488e-10
-7.837500000001842437e+00,9.477233568903348639e-19,-5.381771797623922111e-10
-7.835000000001849152e+00,1.041913566003299929e-18,-5.430774713185859190e-10
-7.832500000001855867e+00,-3.287690171756215188e-18,-5.480039202413202847e-10
-7.830000000001862581e+00,-1.043632492238027217e-17,-5.529567200878126563e-10
-7.827500000001869296e+00,-1.024635944178568611e-17,-5.579361823336648787e-10
-7.825000000001876010e+00,-7.625190887769225702e-18,-5.629425646155570287e-10
-7.822500000001882725e+00,-1.129885586163258074e-17,-5.679760180999093574e-10
-7.820000000001889440e+00,-2.067520237677979593e-17,-5.730368701953535218e-10
-7.817500000001896154e+00,-2.436453191050971747e-17,-5.781253158643970853e-10
-7.815000000001902869e+00,-1.694172173817646332e-18,-5.832416074274136808e-10
-7.812500000001909584e+00,7.148631304077351440e-18,-5.883860225335001796e-10
-7.810000000001916298e+00,-1.399585727942523675e-17,-5.935587888978871469e-10
-7.807500000001923013e+00,-1.481559506525517891e-17,-5.987601007937607985e-10
-7.805000000001930616e+00,-1.070648881803891845e-17,-6.039902593359544175e-10
-7.802500000001936442e+00,-1.242466110191087922e-17,-6.092494932932106869e-10
-7.800000000001944045e+00,-8.600853205419285770e-18,-6.145380750177562964e-10
-7.797500000001950760e+00,-1.936402657332683955e-17,-6.198562973057637919e-10
-7.795000000001957474e+00,1.482704769247946479e-18,-6.252043223086295366e-10
-7.792500000001964189e+00,-1.941447703145110916e-17,-6.305824488882643591e-10
-7.790000000001970903e+00,1.500522959837580008e-18,-6.359909184545523605e-10
-7.787500000001977618e+00,-8.591555654657666467e-18,-6.414301520042748297e-10
-7.785000000001984333e+00,-1.233151884204108020e-17,-6.469001786169737492e-10
-7.782500000001991047e+00,-1.115673774379382613e-17,-6.524013998850961061e-10
-7.780000000001997762e+00,-2.279411251657985824e-17,-6.579340326040460292e-10
-7.777500000002004477e+00,-1.093143111914557344e-17,-6.634983711138811146e-10
-7.775000000002011191e+00,-1.792794595359541193e-17,-6.690946939561493934e-10
-7.772500000002017906e+00,-6.898424003152281292e-18,-6.747231866405498364e-10
-7.770000000002024620e+00,-1.715102008576309652e-17,-6.803841950284450404e-10
-7.767500000002031335e+00,-8.777043396335091959e-18,-6.860779830265596350e-10
-7.765000000002038050e+00,-1.273084317718818405e-17,-6.918047984495922265e-10
-7.762500000002044764e+00,-8.723856533808808760e-18,-6.975649566121888339e-10
-7.760000000002051479e+00,-2.664256365072481086e-17,-7.033586968672764980e-10
-7.757500000002058194e+00,-1.417398913287309872e-17,-7.091863135745969219e-10
-7.755000000002064908e+00,-2.373268202010644014e-17,-7.150480540884675900e-10
-7.752500000002071623e+00,-1.129795901504952115e-17,-7.209443311157035358e-10
-7.750000000002078338e+00,-1.360554202845299571e-17,-7.268752670872622454e-10
-7.747500000002085052e+00,-3.798328712146100500e-17,-7.328412732142796167e-10
-7.745000000002091767e+00,-1.770318598954779388e-17,-7.388425370945035389e-10
-7.742500000002098481e+00,-2.415055241998271458e-17,-7.448794077491762829e-10
-7.740000000002105196e+00,-9.811636590404586931e-18,-7.509521715889737619e-10
-7.737500000002111911e+00,-1.412464596097985989e-17,-7.570610270636626884e-10
-7.735000000002118625e+00,-1.056445431197340180e-17,-7.632064049776601323e-10
-7.732500000002125340e+00,-2.315058997637840083e-17,-7.693886223259657308e-10
-7.730000000002132055e+00,-1.930907838356940327e-17,-7.756077622711145573e-10
-7.727500000002138769e+00,-1.378361309047313930e-17,-7.818643733195619842e-10
-7.725000000002145484e+00,-1.490295305244246052e-17,-7.881585885309892924e-10
-7.722500000002152198e+00,-1.586278220756166515e-17,-7.944907572965180435e-10
-7.720000000002158913e+00,-3.347558864324730224e-17,-8.008612288956999882e-10
-7.717500000002165628e+00,-1.267765037295579418e-17,-8.072702232911312062e-10
-7.715000000002172342e+00,-2.340100919121214963e-17,-8.137181818555500761e-10
-7.712500000002179057e+00,-4.082926815621596406e-17,-8.202052405243179399e-10
-7.710000000002185772e+00,-1.981640429075379178e-17,-8.267318412441861668e-10
-7.707500000002192486e+00,-7.467286070611519935e-18,-8.332982419133570836e-10
-7.705000000002199201e+00,-3.733268712958732751e-17,-8.399048107322860265e-10
-7.702500000002205915e+00,-2.192034784188541023e-17,-8.465518313156096938e-10
-7.700000000002212630e+00,-1.114361649909790077e-17,-8.532396328803355871e-10
-7.697500000002219345e+00,-2.958015748190615694e-17,-8.599685052755836356e-10
-7.695000000002226059e+00,-2.590584754758987414e-17,-8.667387850754552218e-10
-7.692500000002232774e+00,-2.151979512321595596e-17,-8.735508934473235742e-10
-7.690000000002239489e+00,-2.926476365666259289e-17,-8.804049882157174225e-10
-7.687500000002246203e+00,-1.925365919305786563e-17,-8.873015068008516138e-10
-7.685000000002252918e+00,-2.921098964247075175e-17,-8.942407785912959753e-10
-7.682500000002259632e+00,-1.640874229619833945e-17,-9.012232053986423505e-10
-7.680000000002266347e+00,-3.048169326495742903e-17,-9.082489867246871579e-10
-7.677500000002273062e+00,-1.672067087670339885e-17,-9.153185726743684313e-10
-7.675000000002279776e+00,-1.671781168755828876e-17,-9.224322048476615464e-10
-7.672500000002286491e+00,-2.067667026663236932e-17,-9.295902609448186333e-10
-7.670000000002293206e+00,-3.562341543237644468e-17,-9.367930654561540565e-10
-7.667500000002299920e+00,-1.430081233896372619e-17,-9.440410090537092365e-10
-7.665000000002306635e+00,-3.262768013863080230e-17,-9.513344121375441609e-10
-7.662500000002314238e+00,-1.977440834154692549e-17,-9.586736864749982094e-10
-7.660000000002320064e+00,-1.356573968661835775e-17,-9.660590891249894791e-10
-7.657500000002327667e+00,-3.318001960246297012e-17,-9.734910036974688253e-10
-7.655000000002334382e+00,-2.179894565338950764e-17,-9.809698114982097461e-10
-7.652500000002341096e+00,-1.638527227264022655e-17,-9.884959322487191507e-10
-7.650000000002347811e+00,-2.115076968891693827e-17,-9.960695724653373713e-10
-7.647500000002354525e+00,-1.202840098292093584e-17,-1.003691233400395128e-09
-7.645000000002361240e+00,-3.122313937739745974e-17,-1.011361251961296410e-09
-7.642500000002367955e+00,-1.116448963297586605e-17,-1.019079967545392229e-09
-7.640000000002374669e+00,-1.635678434199731571e-17,-1.026847774828792989e-09
-7.637500000002381384e+00,-2.884700911837680420e-17,-1.034665048328306218e-09
-7.635000000002388099e+00,-2.086595330073594488e-17,-1.042532213886260407e-09
-7.632500000002394813e+00,-3.546115431862409492e-17,-1.050449534831966658e-09
-7.630000000002401528e+00,-2.342147969234320415e-17,-1.058417431280378890e-09
-7.627500000002408242e+00,-3.533917500704102016e-17,-1.066436403380374469e-09
-7.625000000002414957e+00,-1.830578032784752673e-17,-1.074506689937139220e-09
-7.622500000002421672e+00,-3.663739188422915834e-17,-1.082628709876098121e-09
-7.620000000002428386e+00,-3.024316326726959430e-17,-1.090802933696637712e-09
-7.617500000002435101e+00,-1.275512896339614422e-17,-1.099029648033390885e-09
-7.615000000002441816e+00,-2.359659171665422887e-17,-1.107309327061009177e-09
-7.612500000002448530e+00,-1.677789268396982849e-17,-1.115642316013584481e-09
-7.610000000002455245e+00,-3.196435540493338172e-17,-1.124029077416376766e-09
-7.607500000002461960e+00,-3.034449090761931314e-17,-1.132469907604489424e-09
-7.605000000002468674e+00,-1.423502640553085160e-17,-1.140965334522640316e-09
-7.602500000002475389e+00,-2.292114632197621580e-17,-1.149515707779378736e-09
-7.600000000002482103e+00,-1.770840230296376502e-17,-1.158121458499486943e-09
-7.597500000002488818e+00,-2.340630196313058013e-17,-1.166782999707919943e-09
-7.595000000002495533e+00,-1.322323149931729009e-17,-1.175500702788151366e-09
-7.592500000002502247e+00,-2.007412211439143969e-17,-1.184275011817544387e-09
-7.590000000002508962e+00,-1.742725655812411288e-17,-1.193106413576584793e-09
-7.587500000002515677e+00,-2.917037713149635567e-17,-1.201995255630437816e-09
-7.585000000002522391e+00,-2.356550148462773095e-17,-1.210942001814367708e-09
-7.582500000002529106e+00,-1.638489903705663497e-17,-1.219947107840491631e-09
-7.580000000002535820e+00,-3.062180675188133238e-17,-1.229010938047637166e-09
-7.577500000002542535e+00,-3.721853215752373855e-17,-1.238133958757109643e-09
-7.575000000002549250e+00,-2.896158193046496915e-17,-1.247316693524544553e-09
-7.572500000002555964e+00,-2.654577818519449999e-17,-1.256559467813649525e-09
-7.570000000002562679e+00,-3.057430809822469656e-17,-1.265862766096878325e-09
-7.567500000002569394e+00,-1.779210061809995630e-17,-1.275227035142326636e-09
-7.565000000002576108e+00,-2.466815157517566554e-17,-1.284652721889245388e-09
-7.562500000002582823e+00,-2.771383254712143053e-17,-1.294140236794314345e-09
-7.560000000002589537e+00,-2.790509679934793267e-17,-1.303690136060667803e-09
-7.557500000002596252e+00,-3.860524464068540677e-17,-1.313302812538761343e-09
-7.555000000002602967e+00,-3.762542561371905960e-17,-1.322978768422130251e-09
-7.552500000002609681e+00,-3.523107442121618540e-18,-1.332718393116139489e-09
-7.550000000002616396e+00,-2.363980701962718983e-17,-1.342522302191860438e-09
-7.547500000002623111e+00,-1.869466841477390252e-17,-1.352390829692601999e-09
-7.545000000002629825e+00,-2.317022443313400626e-17,-1.362324518986438824e-09
-7.542500000002636540e+00,-2.057774587048303257e-17,-1.372323824786488814e-09
-7.540000000002643255e+00,-2.639362465948886475e-17,-1.382389272856357717e-09
-7.537500000002649969e+00,-3.960168337564730618e-17,-1.392521168416206076e-09
-7.535000000002656684e+00,-1.520482617681180795e-17,-1.402720226479363061e-09
-7.532500000002663398e+00,-5.914304416350187228e-21,-1.412986876774802170e-09
-7.530000000002670113e+00,-2.232399383091252355e-17,-1.423321529689734472e-09
-7.527500000002676828e+00,-2.002764930004304384e-17,-1.433724787142835575e-09
-7.525000000002683542e+00,-3.109890699154575136e-17,-1.444197031189789132e-09
-7.522500000002690257e+00,-3.816724262561154514e-17,-1.454738910631076135e-09
-7.520000000002696972e+00,5.478835913304869092e-19,-1.465350870054129106e-09
-7.517500000002703686e+00,-1.687559046327203428e-17,-1.476033398282609647e-09
-7.515000000002710401e+00,-3.096852083593388940e-17,-1.486786950052026405e-09
-7.512500000002717115e+00,-3.864310313683800411e-17,-1.497612188015686765e-09
-7.510000000002723830e+00,-1.565177931691178586e-17,-1.508509545424582021e-09
-7.507500000002730545e+00,-4.756384943059566245e-17,-1.519479534203642935e-09
-7.505000000002737259e+00,-5.318145145193668787e-17,-1.530522689258231363e-09
-7.502500000002743974e+00,-5.665085490964885152e-17,-1.541639595067549656e-09
-7.500000000002750689e+00,-1.782167930265562053e-17,-1.552830769942762845e-09
-7.497500000002757403e+00,-5.759124212334142559e-17,-1.564096709915226221e-09
-7.495000000002765006e+00,-3.076189245536291908e-18,-1.575438017719062861e-09
-7.492500000002770832e+00,-5.184158512345279469e-18,-1.586855176219171735e-09
-7.490000000002778435e+00,-2.463628258945209242e-17,-1.598348779352954004e-09
-7.487500000002785150e+00,-3.858065825063908587e-17,-1.609919367034344345e-09
-7.485000000002791865e+00,-4.017220858209081253e-17,-1.621567523502111002e-09
-7.482500000002798579e+00,-4.543626350146351646e-17,-1.633293820245915119e-09
-7.480000000002805294e+00,-2.565425832598086206e-17,-1.645098768259472132e-09
-7.477500000002812008e+00,-2.402472858189913289e-17,-1.656982965073156344e-09
-7.475000000002818723e+00,-3.564641881333395795e-17,-1.668946979489520684e-09
-7.472500000002825438e+00,-2.861378353329189215e-17,-1.680991353330477113e-09
-7.470000000002832152e+00,-2.661763150007083267e-17,-1.693116758261045580e-09
-7.467500000002838867e+00,-3.679132560125323839e-17,-1.705323668297653688e-09
-7.465000000002845582e+00,-1.872081315251866439e-17,-1.717612656609539580e-09
-7.462500000002852296e+00,-3.781644152751826854e-17,-1.729984416459996712e-09
-7.460000000002859011e+00,-4.376953670438782961e-17,-1.742439576032594686e-09
-7.457500000002865725e+00,-2.656979970395646609e-17,-1.754978625875690877e-09
-7.455000000002872440e+00,1.841574604073817195e-18,-1.767602149827091789e-09
-7.452500000002879155e+00,-3.349269869571153926e-17,-1.780310824045314130e-09
-7.450000000002885869e+00,-2.729352790147918526e-17,-1.793105265903213943e-09
-7.447500000002892584e+00,-3.050716428884864920e-17,-1.805986100582208058e-09
-7.445000000002899299e+00,-3.424852741631947988e-17,-1.818953872582594030e-09
-7.442500000002906013e+00,-1.928650385945727544e-17,-1.832009361841036458e-09
-7.440000000002912728e+00,-3.806040234297420236e-17,-1.845153012279394768e-09
-7.437500000002919442e+00,-2.244489201447184198e-17,-1.858385571522508165e-09
-7.435000000002926157e+00,-2.555428739475498091e-17,-1.871707570449508218e-09
-7.432500000002932872e+00,-1.422527169524392314e-17,-1.885119771300457179e-09
-7.430000000002939586e+00,-3.151851460685119471e-17,-1.898622788995144740e-09
-7.427500000002946301e+00,-8.430767164666710354e-18,-1.912217208554734337e-09
-7.425000000002953016e+00,-1.054005711527461480e-17,-1.925903713036807422e-09
-7.422500000002959730e+00,-1.990007819348082281e-17,-1.939683078328613884e-09
-7.420000000002966445e+00,-3.883965458193341989e-17,-1.953555884155938901e-09
-7.417500000002973159e+00,-3.262014842291755950e-17,-1.967522739498637197e-09
-7.415000000002979874e+00,-1.858923576082825177e-17,-1.981584338712188141e-09
-7.412500000002986589e+00,-1.038053961391077471e-17,-1.995741415477043923e-09
-7.410000000002993303e+00,-1.957903041983883765e-17,-2.009994700432468484e-09
-7.407500000003000018e+00,-2.805170019087283081e-17,-2.024344701564312183e-09
-7.405000000003006733e+00,-2.641056024207685675e-17,-2.038792195904273954e-09
-7.402500000003013447e+00,-3.381157642962820189e-17,-2.053337926220153468e-09
-7.400000000003020162e+00,4.497685118444857171e-18,-2.067982607540444181e-09
-7.397500000003026877e+00,-7.758527479002979060e-18,-2.082726843797443389e-09
-7.395000000003033591e+00,-9.667532190001150486e-18,-2.097571418047174167e-09
-7.392500000003040306e+00,-1.533014854333160260e-17,-2.112517007057728672e-09
-7.390000000003047020e+00,-2.683218726941071922e-17,-2.127564366271441895e-09
-7.387500000003053735e+00,-2.762209248910774927e-17,-2.142714241862545425e-09
-7.385000000003060450e+00,-4.089733241175518642e-17,-2.157967315796591345e-09
-7.382500000003067164e+00,-3.784795514036029484e-17,-2.173324290237752781e-09
-7.380000000003073879e+00,-3.590544132505712176e-17,-2.188785952402121951e-09
-7.377500000003080594e+00,-2.988703268394733319e-17,-2.204353009123841725e-09
-7.375000000003087308e+00,-4.061630906947737612e-17,-2.220026269339522714e-09
-7.372500000003094023e+00,-4.628155940674416951e-17,-2.235806465551139509e-09
-7.370000000003100737e+00,-2.808172889927496737e-17,-2.251694384944077730e-09
-7.367500000003107452e+00,-1.724604004698492940e-17,-2.267690704171029566e-09
-7.365000000003114167e+00,6.806514529935266651e-18,-2.283796289062859093e-09
-7.362500000003120881e+00,-2.407948068668214587e-17,-2.300011882587165669e-09
-7.360000000003127596e+00,-2.395187166378253431e-17,-2.316338169661834299e-09
-7.357500000003134311e+00,-3.974623971007103401e-17,-2.332776116121468774e-09
-7.355000000003141025e+00,-4.612530031562052938e-17,-2.349326467772620556e-09
-7.352500000003147740e+00,1.598064199610079404e-18,-2.365989912259851878e-09
-7.350000000003154454e+00,-9.776332050593907609e-18,-2.382767362297845971e-09
-7.347500000003162057e+00,-2.435864521122048133e-17,-2.399659592099324421e-09
-7.345000000003167884e+00,-1.145846082727052479e-17,-2.416667350584960698e-09
-7.342500000003175487e+00,-6.573943554763746784e-18,-2.433791480917075815e-09
-7.340000000003181313e+00,-1.458484664044366723e-17,-2.451032924452950373e-09
-7.337500000003188916e+00,-9.328703805827380809e-18,-2.468392398910430597e-09
-7.335000000003194742e+00,-3.052065764454791368e-17,-2.485870696783605418e-09
-7.332500000003202345e+00,-1.014186778260096486e-17,-2.503468847230869679e-09
-7.330000000003208172e+00,-1.191246472203180736e-17,-2.521187525426096547e-09
-7.327500000003215774e+00,2.340020300251285246e-19,-2.539027639590162097e-09
-7.325000000003222489e+00,-2.888104689829767244e-17,-2.556990088262522080e-09
-7.322500000003229204e+00,-2.143875947878726296e-17,-2.575075621229749247e-09
-7.320000000003235918e+00,-3.098604137683490072e-18,-2.593285208944384165e-09
-7.317500000003242633e+00,-1.177114200781938497e-17,-2.611619726035887007e-09
-7.315000000003249347e+00,-3.816344674884384399e-17,-2.630080071735262158e-09
-7.312500000003256062e+00,-2.831729531927228189e-17,-2.648667119561423160e-09
-7.310000000003262777e+00,7.873429672805404972e-18,-2.667381707176401518e-09
-7.307500000003269491e+00,-1.279312378248881777e-17,-2.686224786036074705e-09
-7.305000000003276206e+00,-2.308885433069522598e-17,-2.705197268639719436e-09
-7.302500000003282921e+00,-3.308273212884790896e-17,-2.724300015038308343e-09
-7.300000000003289635e+00,-1.716301533411798798e-17,-2.743534030079828201e-09
-7.297500000003296350e+00,-1.178008117872179317e-17,-2.762900160991655481e-09
-7.295000000003303064e+00,2.571201604443003968e-18,-2.782399342345597376e-09
-7.292500000003309779e+00,3.622754298224074867e-18,-2.802032595899294809e-09
-7.290000000003316494e+00,-6.289271802223006810e-18,-2.821800818630833950e-09
-7.287500000003323208e+00,-2.967763685737495633e-18,-2.841704918250111632e-09
-7.285000000003329923e+00,-2.222027317947279354e-17,-2.861745901214913980e-09
-7.282500000003336638e+00,-1.448431872960279849e-17,-2.881924742020802167e-09
-7.280000000003343352e+00,-1.514434893578181615e-17,-2.902242323071316335e-09
-7.277500000003350067e+00,-2.397467693165762989e-17,-2.922699791623038319e-09
-7.275000000003356782e+00,-6.566947538778496208e-18,-2.943297982220110637e-09
-7.272500000003363496e+00,-2.367713278603816516e-17,-2.964038003010669233e-09
-7.270000000003370211e+00,-2.882143891427093327e-18,-2.984920778518312963e-09
-7.267500000003376925e+00,-2.041199341901510939e-17,-3.005947249744407289e-09
-7.265000000003383640e+00,-2.388881962708124945e-17,-3.027118571658566844e-09
-7.262500000003390355e+00,-3.926101819709368142e-17,-3.048435673140462143e-09
-7.260000000003397069e+00,-4.755678955115472618e-18,-3.069899603510166772e-09
-7.257500000003403784e+00,-8.156015200291128218e-18,-3.091511454703104381e-09
-7.255000000003410499e+00,-1.497869578470209795e-17,-3.113272141585632404e-09
-7.252500000003417213e+00,-2.876328571281815107e-17,-3.135182880997037944e-09
-7.250000000003423928e+00,-2.980405416945063282e-17,-3.157244572235674846e-09
-7.247500000003430642e+00,-2.344747746780113727e-17,-3.179458373155816953e-09
-7.245000000003437357e+00,-2.717324877589788912e-18,-3.201825276470758189e-09
-7.242500000003444072e+00,-1.506006269707401356e-17,-3.224346387593863723e-09
-7.240000000003450786e+00,-5.744680979332852678e-18,-3.247022833802106956e-09
-7.237500000003457501e+00,8.730601507679015894e-18,-3.269855691054418447e-09
-7.235000000003464216e+00,-1.886959350859118773e-17,-3.292846048155615784e-09
-7.232500000003470930e+00,-1.954268655777826933e-17,-3.315995052429087626e-09
-7.230000000003477645e+00,-2.339882283207752893e-17,-3.339303739845584767e-09
-7.227500000003484359e+00,-5.023632145122198699e-17,-3.362773268948653698e-09
-7.225000000003491074e+00,2.908775492663222551e-18,-3.386404791721594721e-09
-7.222500000003497789e+00,-1.817145807525830839e-17,-3.410199393914785321e-09
-7.220000000003504503e+00,-1.651593272614256503e-17,-3.434158237840541692e-09
-7.217500000003511218e+00,-2.452732067368881228e-17,-3.458282546750808250e-09
-7.215000000003517933e+00,-1.366110211711645574e-17,-3.482573438091177257e-09
-7.212500000003524647e+00,-1.944537782184968183e-17,-3.507032021327062751e-09
-7.210000000003531362e+00,-2.522297498815106617e-17,-3.531659582120031623e-09
-7.207500000003538076e+00,-1.404443970331057632e-17,-3.556457275582281695e-09
-7.205000000003544791e+00,-2.592306344177415086e-18,-3.581426222663824551e-09
-7.202500000003551506e+00,-3.607006100267300218e-17,-3.606567728239613976e-09
-7.200000000003558220e+00,-1.607409626215372781e-17,-3.631882893398027687e-09
-7.197500000003564935e+00,-2.091666206540091303e-17,-3.657373052199349892e-09
-7.195000000003572538e+00,-3.581858487190493052e-17,-3.683039330956877409e-09
-7.192500000003578364e+00,-2.443536432713236906e-17,-3.708883021433592436e-09
-7.190000000003585967e+00,-4.106855530839189202e-17,-3.734905318504677603e-09
-7.187500000003591794e+00,-1.827711785970036084e-17,-3.761107514621575464e-09
-7.185000000003599396e+00,-2.962173859786732013e-17,-3.787490905056565419e-09
-7.182500000003606111e+00,-2.911883671788892653e-17,-3.814056654932235760e-09
-7.180000000003612826e+00,-1.623591328895438763e-17,-3.840806161062525441e-09
-7.177500000003618652e+00,-1.870672771483511607e-17,-3.867740780353593123e-09
-7.175000000003626255e+00,-2.240489540191528297e-17,-3.894861552459648857e-09
-7.172500000003632969e+00,-2.110422276989391938e-17,-3.922169990930704819e-09
-7.170000000003639684e+00,-8.295575241867877263e-18,-3.949667277473998809e-09
-7.167500000003646399e+00,-8.322894508527273051e-18,-3.977354889111506888e-09
-7.165000000003653113e+00,-3.949478315372554741e-17,-4.005234026149056310e-09
-7.162500000003659828e+00,-1.928875227488226991e-18,-4.033306118283307496e-09
-7.160000000003666543e+00,-2.195370242733470333e-18,-4.061572456796639954e-09
-7.157500000003673257e+00,-1.332736440745218064e-17,-4.090034474702052406e-09
-7.155000000003679972e+00,-9.441414739479753864e-18,-4.118693453018996066e-09
-7.152500000003686687e+00,-1.204814545978622221e-17,-4.147550877567335029e-09
-7.150000000003693401e+00,-2.413796612090550329e-17,-4.176608087844163098e-09
-7.147500000003700116e+00,-3.117400489929265152e-17,-4.205866465137926520e-09
-7.145000000003706830e+00,5.439134515483372732e-18,-4.235327333862104616e-09
-7.142500000003713545e+00,1.358226244400167899e-17,-4.264992259823299652e-09
-7.140000000003720260e+00,1.639696370409818367e-18,-4.294862717791671279e-09
-7.137500000003726974e+00,-3.098468579738123863e-17,-4.324939913345384305e-09
-7.135000000003733689e+00,-3.340486081335545347e-17,-4.355225469934445468e-09
-7.132500000003740404e+00,-2.280318021111030805e-17,-4.385720819093363273e-09
-7.130000000003747118e+00,-4.156018264178273339e-18,-4.416427460264320680e-09
-7.127500000003753833e+00,-1.552297685285846622e-20,-4.447346767806655576e-09
-7.125000000003760547e+00,4.492689645500289970e-18,-4.478480259330093251e-09
-7.122500000003767262e+00,4.911261356837034246e-18,-4.509829511808714385e-09
-7.120000000003773977e+00,-1.295544447244060681e-17,-4.541396018321901282e-09
-7.117500000003780691e+00,-1.288871917704365063e-17,-4.573181250118559493e-09
-7.115000000003787406e+00,-1.372713429634073155e-17,-4.605186665149669469e-09
-7.112500000003794121e+00,-1.911411272197139473e-17,-4.637414047456992918e-09
-7.110000000003800835e+00,-2.336670948265569260e-17,-4.669864713996808852e-09
-7.107500000003807550e+00,-3.115955880924366653e-17,-4.702540293110146191e-09
-7.105000000003814264e+00,-5.535946839452972332e-18,-4.735442422927354926e-09
-7.102500000003820979e+00,-2.036358987986434760e-18,-4.768572609004081625e-09
-7.100000000003827694e+00,-5.181889998019628573e-17,-4.801932470849413804e-09
-7.097500000003834408e+00,-4.204792177608370051e-17,-4.835523650659839278e-09
-7.095000000003841123e+00,-2.380477339197645804e-17,-4.869347802008197311e-09
-7.092500000003847838e+00,-5.564420175107889864e-17,-4.903406438381019760e-09
-7.090000000003854552e+00,-1.568083369856972706e-17,-4.937701304763260021e-09
-7.087500000003861267e+00,-1.065925772150688817e-17,-4.972233952469963709e-09
-7.085000000003867981e+00,-3.502642927508331957e-18,-5.007006159123553251e-09
-7.082500000003874696e+00,-4.330663960586788712e-17,-5.042019381691858621e-09
-7.080000000003881411e+00,8.589898581243355580e-18,-5.077275563023247261e-09
-7.077500000003888125e+00,-2.218625814344286094e-17,-5.112776325863960646e-09
-7.075000000003894840e+00,-2.079976882337286983e-17,-5.148523376496736336e-09
-7.072500000003901555e+00,-3.319936763642389588e-18,-5.184518380264163046e-09
-7.070000000003908269e+00,-8.856600813347208891e-18,-5.220763138023255057e-09
-7.067500000003914984e+00,-2.213818822688392238e-17,-5.257259325618116391e-09
-7.065000000003921699e+00,-1.685930109238984733e-17,-5.294008742154983106e-09
-7.062500000003928413e+00,-2.533225464290980458e-17,-5.331013258863008633e-09
-7.060000000003935128e+00,-2.160785401473993818e-17,-5.368274441928177489e-09
-7.057500000003942731e+00,-3.102846353823159169e-17,-5.405794243328504961e-09
-7.055000000003948557e+00,-4.147085008105674600e-17,-5.443574328371436993e-09
-7.052500000003955272e+00,-3.420818615712288092e-17,-5.481616657513688586e-09
-7.050000000003961986e+00,-9.934658594884791563e-18,-5.519923066805039624e-09
-7.047500000003969589e+00,-3.064467936293778579e-17,-5.558495339035992247e-09
-7.045000000003975416e+00,-6.125218081516819187e-18,-5.597335337397114025e-09
-7.042500000003983018e+00,-3.004849910397518964e-17,-5.636444999958372517e-09
-7.040000000003988845e+00,-2.626481945996344589e-17,-5.675826100122544978e-09
-7.037500000003996448e+00,7.633636545708488894e-18,-5.715480675362946177e-09
-7.035000000004002274e+00,-5.388234857461636591e-17,-5.755410439253900021e-09
-7.032500000004009877e+00,-1.152876776083519462e-18,-5.795617456687840353e-09
-7.030000000004015703e+00,-1.540953378814034434e-17,-5.836103612031343714e-09
-7.027500000004023306e+00,-8.180909321669660142e-18,-5.876870923720311142e-09
-7.025000000004029133e+00,-1.014020395528778812e-17,-5.917921320949975428e-09
-7.022500000004036735e+00,-3.261781916545382874e-17,-5.959256663042746211e-09
-7.020000000004042562e+00,-1.839117881612461871e-17,-6.000879180731005284e-09
-7.017500000004050165e+00,-3.218784911050776153e-17,-6.042790659461627036e-09
-7.015000000004056879e+00,-1.967078098644126847e-17,-6.084993185918209478e-09
-7.012500000004063594e+00,-1.608967388169470758e-17,-6.127488857106060848e-09
-7.010000000004069420e+00,-7.367616614347561843e-18,-6.170279670590975358e-09
-7.007500000004077023e+00,-3.210893958572045034e-17,-6.213367612875060113e-09
-7.005000000004083738e+00,-1.009870799412256177e-17,-6.256754899953311279e-09
-7.002500000004090452e+00,-1.605843212928582267e-17,-6.300443532650603925e-09
-7.000000000004097167e+00,-2.199028119380859600e-17,-6.344435595308969728e-09
-6.997500000004103882e+00,-2.960466152449946865e-17,-6.388733347559240188e-09
-6.995000000004110596e+00,-2.000006095941413657e-17,-6.433338845932757148e-09
-6.992500000004117311e+00,7.288178692334170211e-19,-6.478254129811498393e-09
-6.990000000004124026e+00,-1.957690531425469013e-17,-6.523481511205375243e-09
-6.987500000004130740e+00,-5.722662136449175684e-18,-6.569023062609079554e-09
-6.985000000004137455e+00,-2.070043191890935237e-17,-6.614881050592867782e-09
-6.982500000004144169e+00,-4.784822219985087162e-18,-6.661057645672151565e-09
-6.980000000004150884e+00,6.674671866051062960e-19,-6.707555068215413773e-09
-6.977500000004157599e+00,5.512397037565628873e-19,-6.754375653663940539e-09
-6.975000000004164313e+00,1.810572628229867618e-17,-6.801521486666165298e-09
-6.972500000004171028e+00,-8.904297612172119691e-18,-6.848994981054270020e-09
-6.970000000004177743e+00,-3.406584591608600750e-17,-6.896798326657207026e-09
-6.967500000004184457e+00,-1.344413418822692314e-17,-6.944933886219184981e-09
-6.965000000004191172e+00,-3.159931944460144172e-17,-6.993404026582491953e-09
-6.962500000004197886e+00,-1.986525393588903952e-17,-7.042210927404951643e-09
-6.960000000004204601e+00,-2.910991094942971293e-17,-7.091357093665914204e-09
-6.957500000004211316e+00,6.562398718694243783e-18,-7.140844819744099982e-09
-6.955000000004218030e+00,-1.076402777938637586e-17,-7.190676528206248377e-09
-6.952500000004224745e+00,-2.464803449420071316e-17,-7.240854543548057474e-09
-6.950000000004231460e+00,-6.967906861121912167e-18,-7.291381315195920487e-09
-6.947500000004238174e+00,-2.050267394323265858e-17,-7.342259377257621610e-09
-6.945000000004244889e+00,2.510110259327933766e-18,-7.393490998331056183e-09
-6.942500000004251604e+00,1.389676471873475503e-17,-7.445078759532224356e-09
-6.940000000004258318e+00,-5.988056195449863107e-18,-7.497025201322298492e-09
-6.937500000004265033e+00,-1.952660832616932211e-18,-7.549332734157753853e-09
-6.935000000004271747e+00,-1.661349831248147987e-17,-7.602003844335724830e-09
-6.932500000004278462e+00,-9.849667471723666556e-18,-7.655041154228433575e-09
-6.930000000004285177e+00,-1.775955440171114878e-17,-7.708447185089845011e-09
-6.927500000004291891e+00,-1.467291857333255227e-17,-7.762224474880313874e-09
-6.925000000004298606e+00,-3.175017588159060853e-17,-7.816375643767908880e-09
-6.922500000004305321e+00,-2.557089738848474014e-17,-7.870903355674389122e-09
-6.920000000004312035e+00,-2.212864006370926643e-17,-7.925810081335279920e-09
-6.917500000004318750e+00,-1.030302906107173416e-17,-7.981098647857436425e-09
-6.915000000004325464e+00,-1.475064792392176471e-17,-8.036771658446007321e-09
-6.912500000004332179e+00,-1.222546806247740813e-17,-8.092831729611850992e-09
-6.910000000004338894e+00,-1.005903784792250964e-18,-8.149281668844961391e-09
-6.907500000004345608e+00,-1.244090428427774086e-17,-8.206124059284228706e-09
-6.905000000004352323e+00,-1.741649347225240219e-17,-8.263361795656804282e-09
-6.902500000004359038e+00,-1.727126959795166932e-17,-8.320997487779582431e-09
-6.900000000004366640e+00,-1.993672938955463519e-17,-8.379033967574153752e-09
-6.897500000004372467e+00,4.100041377557598151e-18,-8.437474084453873565e-09
-6.895000000004379181e+00,-5.432710523495923028e-18,-8.496320582805173336e-09
-6.892500000004385896e+00,-9.295430462924266602e-18,-8.555576344314698744e-09
-6.890000000004393499e+00,-2.336456846450557994e-17,-8.615244162735827541e-09
-6.887500000004399325e+00,3.256854859017769981e-18,-8.675327012526631229e-09
-6.885000000004406928e+00,1.985801691649231661e-18,-8.735827770142774482e-09
-6.882500000004412755e+00,1.372945243801767035e-17,-8.796749208833243799e-09
-6.880000000004420357e+00,-1.134691970616374682e-17,-8.858094424066053249e-09
-6.877500000004426184e+00,-1.823778982845571464e-17,-8.919866243213212384e-09
-6.875000000004433787e+00,-1.161318085867259904e-17,-8.982067820827930442e-09
-6.872500000004439613e+00,-1.801355377360576593e-17,-9.044702022158904905e-09
-6.870000000004447216e+00,-4.612460996269842402e-18,-9.107771825517441215e-09
-6.867500000004453042e+00,-1.827197834128353706e-18,-9.171280317764775563e-09
-6.865000000004460645e+00,-5.583981729613397288e-18,-9.235230577746443061e-09
-6.862500000004466472e+00,-1.612704829009920546e-17,-9.299625774327459115e-09
-6.860000000004474074e+00,7.434176484817789480e-18,-9.364468787248991890e-09
-6.857500000004480789e+00,-1.132740627314851037e-18,-9.429762883736910760e-09
-6.855000000004487504e+00,-1.539910066210652232e-17,-9.495511142390702653e-09
-6.852500000004493330e+00,-8.456919171530724135e-18,-9.561716783628559350e-09
-6.850000000004500933e+00,-2.357424128390609604e-17,-9.628382995502969654e-09
-6.847500000004507648e+00,2.055005274153152359e-17,-9.695512967600041692e-09
-6.845000000004514362e+00,-1.527911070004361246e-17,-9.763109942605709038e-09
-6.842500000004520189e+00,-1.091669720648669751e-17,-9.831177157905917548e-09
-6.840000000004527791e+00,8.059313633431605386e-18,-9.899717960769004405e-09
-6.837500000004534506e+00,-1.438363584481787311e-17,-9.968735603297732417e-09
-6.835000000004541221e+00,-1.004325825706048104e-17,-1.003823342102568071e-08
-6.832500000004547935e+00,1.239119524126655056e-17,-1.010821475162353887e-08
-6.830000000004554650e+00,2.902622693961099631e-18,-1.017868288485282862e-08
-6.827500000004561365e+00,-1.419923358277381789e-17,-1.024964138561775838e-08
-6.825000000004568079e+00,-1.034956981497532168e-17,-1.032109351482727892e-08
-6.822500000004574794e+00,-9.535882734485132639e-18,-1.039304285070974950e-08
-6.820000000004581509e+00,8.964014702967036958e-18,-1.046549276799505828e-08
-6.817500000004588223e+00,-3.436212410683236067e-17,-1.053844675194011649e-08
-6.815000000004594938e+00,-1.853369154934556280e-17,-1.061190837250005123e-08
-6.812500000004601652e+00,-1.981130061757740606e-17,-1.068588115682196021e-08
-6.810000000004608367e+00,-1.465088633007944501e-17,-1.076036860146863116e-08
-6.807500000004615082e+00,-8.214428519300881752e-18,-1.083537442013495516e-08
-6.805000000004621796e+00,1.027845143029491558e-17,-1.091090205895673676e-08
-6.802500000004628511e+00,-2.605846798493613775e-17,-1.098695518541956196e-08
-6.800000000004635226e+00,-1.118900311351752608e-17,-1.106353763485187919e-08
-6.797500000004641940e+00,-2.857187924231069486e-17,-1.114065296105971881e-08
-6.795000000004648655e+00,-4.694133466631671492e-18,-1.121830487406802297e-08
-6.792500000004655369e+00,-3.024816423176659713e-18,-1.129649715287326102e-08
-6.790000000004662084e+00,-2.810996764005396640e-17,-1.137523358777096940e-08
-6.787500000004668799e+00,-6.327614549510538197e-18,-1.145451784964478052e-08
-6.785000000004675513e+00,-1.409635332302700802e-17,-1.153435393599173314e-08
-6.782500000004682228e+00,-9.751389045667859948e-18,-1.161474562552971869e-08
-6.780000000004688943e+00,-1.232468222752194640e-17,-1.169569664829939878e-08
-6.777500000004695657e+00,-4.068816908025879807e-17,-1.177721107600469775e-08
-6.775000000004702372e+00,-1.577890437390034412e-17,-1.185929275517446177e-08
-6.772500000004709086e+00,-1.151036409389686310e-17,-1.194194564065015953e-08
-6.770000000004715801e+00,1.023405917708967602e-17,-1.202517379276785001e-08
-6.767500000004722516e+00,-1.743234752683862878e-17,-1.210898112370319136e-08
-6.765000000004729230e+00,-1.184861248978165891e-18,-1.219337172635622567e-08
-6.762500000004735945e+00,-4.146104611393543844e-18,-1.227834961149387952e-08
-6.760000000004742660e+00,-3.268448183093485447e-17,-1.236391895587265532e-08
-6.757500000004749374e+00,-4.959072774583283826e-18,-1.245008381873618439e-08
-6.755000000004756089e+00,-1.181197844808660198e-17,-1.253684834800231961e-08
-6.752500000004762803e+00,2.723199310895088998e-18,-1.262421679007758213e-08
-6.750000000004769518e+00,6.436632661808080122e-18,-1.271219337504073861e-08
-6.747500000004776233e+00,-6.467527173713051940e-18,-1.280078216220795746e-08
-6.745000000004782947e+00,-2.427312495504548791e-17,-1.288998755136636352e-08
-6.742500000004789662e+00,-2.687452980882014873e-17,-1.297981382977425494e-08
-6.740000000004796377e+00,-1.964078423594036155e-17,-1.307026525551700179e-08
-6.737500000004803091e+00,-1.747484006134799713e-17,-1.316134629329006215e-08
-6.735000000004809806e+00,-2.686871204318176187e-17,-1.325306118909941317e-08
-6.732500000004817409e+00,-1.462206318762976179e-17,-1.334541451937125258e-08
-6.730000000004823235e+00,-1.318319875739690172e-17,-1.343841060637447663e-08
-6.727500000004829950e+00,-2.150565955770676375e-17,-1.353205394704560020e-08
-6.725000000004836664e+00,-2.586448564750286673e-17,-1.362634925200428547e-08
-6.722500000004844267e+00,1.469070775876350397e-17,-1.372130078752450916e-08
-6.720000000004850094e+00,-1.276367009542969020e-17,-1.381691329314532738e-08
-6.717500000004857696e+00,-1.312797928002568338e-17,-1.391319123914474421e-08
-6.715000000004863523e+00,-1.230274911978272369e-17,-1.401013936681695902e-08
-6.712500000004871126e+00,-1.721870319321071180e-17,-1.410776233544366189e-08
-6.710000000004876952e+00,-2.910213225121022378e-17,-1.420606485283021661e-08
-6.707500000004884555e+00,1.189774047516374297e-18,-1.430505159926942874e-08
-6.705000000004891270e+00,-2.821432570570271179e-17,-1.440472746845220306e-08
-6.702500000004897984e+00,-1.558262808976910541e-17,-1.450509702274622541e-08
-6.700000000004903811e+00,-2.911854549918477357e-17,-1.460616535390957238e-08
-6.697500000004911413e+00,-1.907009072575444580e-17,-1.470793724036263194e-08
-6.695000000004917240e+00,-2.484184970859378018e-17,-1.481041745591293831e-08
-6.692500000004924843e+00,-8.475744069332667940e-18,-1.491361110870263539e-08
-6.690000000004931557e+00,-2.762593006332144681e-17,-1.501752309526742945e-08
-6.687500000004938272e+00,9.290464993812615450e-19,-1.512215843701001165e-08
-6.685000000004944098e+00,-9.810888573606901759e-18,-1.522752220717842125e-08
-6.682500000004951701e+00,-2.123401293912004274e-17,-1.533361939136460958e-08
-6.680000000004958416e+00,-6.347848040687767526e-18,-1.544045515032005929e-08
-6.677500000004965131e+00,-8.186730983676722222e-18,-1.554803462817861805e-08
-6.675000000004971845e+00,-2.504491258546916787e-17,-1.565636304264996304e-08
-6.672500000004978560e+00,-1.601668137380501296e-17,-1.576544557756117309e-08
-6.670000000004985274e+00,-1.284313036158428426e-17,-1.587528751209462021e-08
-6.667500000004991989e+00,-7.146520684667589029e-18,-1.598589408947554549e-08
-6.665000000004998704e+00,-1.972945433074726844e-17,-1.609727067440902080e-08
-6.662500000005005418e+00,-1.963741106107011919e-17,-1.620942255391839224e-08
-6.660000000005012133e+00,-1.368430174126993749e-17,-1.632235523280019903e-08
-6.657500000005018848e+00,-1.600686904190906648e-17,-1.643607419615029107e-08
-6.655000000005025562e+00,-3.203666963156831430e-17,-1.655058474787866182e-08
-6.652500000005032277e+00,-3.165344835087134020e-17,-1.666589253996708645e-08
-6.650000000005038991e+00,8.421996749672057262e-18,-1.678200297577970693e-08
-6.647500000005045706e+00,-2.926751025006487387e-17,-1.689892188300363332e-08
-6.645000000005052421e+00,-1.707925042437488327e-17,-1.701665466804373676e-08
-6.642500000005059135e+00,-2.991457836711308793e-17,-1.713520715617066473e-08
-6.640000000005065850e+00,1.679618889294388763e-17,-1.725458494423685122e-08
-6.637500000005072565e+00,-3.514467035896065927e-17,-1.737479396024326678e-08
-6.635000000005079279e+00,-1.080968442030681330e-17,-1.749583972038969123e-08
-6.632500000005085994e+00,-2.067370661523466433e-17,-1.761772825363929317e-08
-6.630000000005092708e+00,-2.537161070648424347e-17,-1.774046535303783798e-08
-6.627500000005099423e+00,-2.494068661497641507e-17,-1.786405697998668469e-08
-6.625000000005106138e+00,-2.913526953306374396e-17,-1.798850913307081042e-08
-6.622500000005112852e+00,-1.673503040220361364e-17,-1.811382762131280205e-08
-6.620000000005119567e+00,-2.547198681730044906e-17,-1.824001858145683663e-08
-6.617500000005126282e+00,-1.534170523813799711e-17,-1.836708821161218307e-08
-6.615000000005132996e+00,-2.058151745336065217e-17,-1.849504256331794933e-08
-6.612500000005139711e+00,-1.293453887604404672e-17,-1.862388765901617599e-08
-6.610000000005146426e+00,-7.625462468829571612e-21,-1.875362991743033980e-08
-6.607500000005153140e+00,-2.267708547936871990e-18,-1.888427543563408118e-08
-6.605000000005159855e+00,-1.724943958530489305e-17,-1.901583064369248259e-08
-6.602500000005166569e+00,-3.160410320567224325e-17,-1.914830156457129584e-08
-6.600000000005173284e+00,-3.343042243790564535e-17,-1.928169498827247044e-08
-6.597500000005179999e+00,-2.051333878174676346e-17,-1.941601708417144613e-08
-6.595000000005186713e+00,-5.203308344254261230e-17,-1.955127440033566886e-08
-6.592500000005193428e+00,-5.570015981185592829e-17,-1.968747339320819690e-08
-6.590000000005201031e+00,-2.435751570856769677e-17,-1.982462075491101552e-08
-6.587500000005206857e+00,-6.949254297415307529e-17,-1.996272300318014470e-08
-6.585000000005213572e+00,-9.284210746975828550e-18,-2.010178680933344791e-08
-6.582500000005220286e+00,-5.079392257100343296e-17,-2.024181882585464708e-08
-6.580000000005227889e+00,1.836885143800748203e-17,-2.038282584980426212e-08
-6.577500000005233716e+00,-1.746253059853434369e-17,-2.052481461847301164e-08
-6.575000000005240430e+00,-1.391190576903551157e-17,-2.066779202451497319e-08
-6.572500000005247145e+00,-2.737452403180237508e-17,-2.081176496517241318e-08
-6.570000000005253860e+00,-4.488873112460804574e-17,-2.095674043130631816e-08
-6.567500000005260574e+00,-3.306240232045144322e-17,-2.110272514596161955e-08
-6.565000000005268177e+00,-5.244323611582447091e-17,-2.124972651381744551e-08
-6.562500000005274003e+00,-3.707134417279066383e-17,-2.139775130167675720e-08
-6.560000000005280718e+00,-1.208048747687592818e-17,-2.154680673828756068e-08
-6.557500000005287433e+00,-2.068731133300188329e-17,-2.169690004035528026e-08
-6.555000000005295036e+00,-4.421850037834595402e-17,-2.184803834485479396e-08
-6.552500000005300862e+00,-3.714549312895173838e-17,-2.200022907711796116e-08
-6.550000000005308465e+00,1.161829776688239834e-17,-2.215347948862161673e-08
-6.547500000005315179e+00,-4.369126613556887963e-17,-2.230779698082581951e-08
-6.545000000005321894e+00,-4.370509274702698689e-17,-2.246318896342856642e-08
-6.542500000005327720e+00,-2.215601010713494950e-17,-2.261966291358406272e-08
-6.540000000005335323e+00,-3.942669583677066289e-17,-2.277722641155524872e-08
-6.537500000005342038e+00,-2.703775671839578720e-17,-2.293588700508291378e-08
-6.535000000005348753e+00,1.458368470367183973e-17,-2.309565234038964823e-08
-6.532500000005354579e+00,-4.048515231186441806e-17,-2.325653021303009662e-08
-6.530000000005362182e+00,-2.989812807955148066e-17,-2.341852821050147274e-08
-6.527500000005368896e+00,-2.471078120928103057e-17,-2.358165424802029421e-08
-6.525000000005375611e+00,-3.213558531551366109e-17,-2.374591610518601653e-08
-6.522500000005382326e+00,-7.394674744126948306e-17,-2.391132183586611280e-08
-6.520000000005389040e+00,-3.303185018595443756e-17,-2.407787921437741166e-08
-6.517500000005395755e+00,-1.835826867265746205e-17,-2.424559630515957833e-08
-6.515000000005402470e+00,-3.284886742116010158e-17,-2.441448131984945513e-08
-6.512500000005409184e+00,-7.994787497175944319e-17,-2.458454228388317602e-08
-6.510000000005415899e+00,1.640359951356544988e-17,-2.475578744370880443e-08
-6.507500000005422613e+00,-1.497985534903434281e-17,-2.492822488666247082e-08
-6.505000000005429328e+00,1.320367986760967649e-17,-2.510186318347006414e-08
-6.502500000005436043e+00,-1.865205449632840502e-17,-2.527671047600856997e-08
-6.500000000005442757e+00,-2.938749785231346074e-17,-2.545277539555462308e-08
-6.497500000005449472e+00,-2.344231402173855345e-17,-2.563006622913229182e-08
-6.495000000005456187e+00,-3.671085624361595001e-18,-2.580859162355477382e-08
-6.492500000005462901e+00,-5.923340711901936046e-17,-2.598836005139174194e-08
-6.490000000005469616e+00,-3.545019777985173720e-17,-2.616938030889247753e-08
-6.487500000005476331e+00,-8.441229731818575678e-18,-2.635166111560104274e-08
-6.485000000005483045e+00,-3.854442321882130907e-17,-2.653521125447962412e-08
-6.482500000005489760e+00,1.696210727212799442e-18,-2.672003940514883505e-08
-6.480000000005496474e+00,7.851791696504658684e-18,-2.690615457339535605e-08
-6.477500000005503189e+00,-1.268437193802632758e-17,-2.709356577056788629e-08
-6.475000000005509904e+00,-6.316887799815432563e-17,-2.728228197840792872e-08
-6.472500000005516618e+00,-4.587303044347156545e-17,-2.747231228694077165e-08
-6.470000000005523333e+00,-3.314242298733737086e-17,-2.766366595702330337e-08
-6.467500000005530048e+00,-3.423271609721713751e-17,-2.785635196719026925e-08
-6.465000000005536762e+00,-1.561526242568407752e-17,-2.805037978209612068e-08
-6.462500000005543477e+00,-2.057236788471649617e-17,-2.824575869308488699e-08
-6.460000000005550191e+00,1.723668506250522408e-17,-2.844249812878400511e-08
-6.457500000005556906e+00,1.742781557332255650e-17,-2.864060759091864097e-08
-6.455000000005563621e+00,-2.320975735193829561e-17,-2.884009664183837834e-08
-6.452500000005570335e+00,-4.279172684252973777e-17,-2.904097477538196381e-08
-6.450000000005577050e+00,-3.117998726443171046e-17,-2.924325166696832402e-08
-6.447500000005583765e+00,-3.823646759587106195e-17,-2.944693716496066109e-08
-6.445000000005590479e+00,-2.710352164621161108e-17,-2.965204101143144045e-08
-6.442500000005597194e+00,-4.051027114287054882e-17,-2.985857321667251263e-08
-6.440000000005603908e+00,1.256516848219902621e-17,-3.006654346995985632e-08
-6.437500000005610623e+00,-4.049867787961369834e-18,-3.027596206600019883e-08
-6.435000000005617338e+00,-2.084090827059370619e-17,-3.048683891613553781e-08
-6.432500000005624052e+00,1.282547362803109097e-17,-3.069918422778887290e-08
-6.430000000005630767e+00,-5.112556829807127209e-18,-3.091300819099832236e-08
-6.427500000005637482e+00,-4.308057581107045513e-17,-3.112832126443693531e-08
-6.425000000005644196e+00,-9.789020871670651536e-18,-3.134513356063582792e-08
-6.422500000005651799e+00,-2.196119123316588540e-17,-3.156345571079681545e-08
-6.420000000005657625e+00,2.329443966449088148e-17,-3.178329823954447418e-08
-6.417500000005664340e+00,-4.280735125004802371e-18,-3.200467164999004714e-08
-6.415000000005671055e+00,-5.818334465810676416e-17,-3.222758658063735593e-08
-6.412500000005678658e+00,1.043514541550328360e-17,-3.245205382084671065e-08
-6.410000000005684484e+00,-2.646855171614844200e-17,-3.267808430636130538e-08
-6.407500000005692087e+00,-3.564042911616084063e-17,-3.290568862913653080e-08
-6.405000000005697913e+00,-2.707648757149115883e-17,-3.313487797095498156e-08
-6.402500000005705516e+00,4.924863785562040910e-18,-3.336566338737747303e-08
-6.400000000005711343e+00,-5.297249190848002315e-17,-3.359805579717632509e-08
-6.397500000005718945e+00,-6.635626424216293770e-17,-3.383206663766740911e-08
-6.395000000005724772e+00,-1.074274345887555800e-17,-3.406770704691184806e-08
-6.392500000005732375e+00,7.151117635375640673e-18,-3.430498845337916739e-08
-6.390000000005738201e+00,-1.199918714953440807e-18,-3.454392218881715985e-08
-6.387500000005745804e+00,-2.709326910052512316e-17,-3.478451982464519710e-08
-6.385000000005751630e+00,-1.985684863063364871e-17,-3.502679287907027420e-08
-6.382500000005759233e+00,-2.181108460408033114e-17,-3.527075311502403947e-08
-6.380000000005765948e+00,-1.086473944758446420e-17,-3.551641218060180820e-08
-6.377500000005772662e+00,-4.721945690875760206e-18,-3.576378199238999642e-08
-6.375000000005778489e+00,-2.434609782549288175e-17,-3.601287445594372627e-08
-6.372500000005786092e+00,-2.542970966061727911e-17,-3.626370157127358286e-08
-6.370000000005792806e+00,-3.856740796324097937e-17,-3.651627542327506844e-08
-6.367500000005799521e+00,-3.012839328228955411e-17,-3.677060808184537210e-08
-6.365000000005806235e+00,5.554254975109279737e-17,-3.702671189945737326e-08
-6.362500000005812950e+00,-5.432253583822956507e-17,-3.728459923424330930e-08
-6.360000000005819665e+00,-2.910008775837920265e-17,-3.754428240710190067e-08
-6.357500000005826379e+00,-3.634332630276014026e-17,-3.780577401785492706e-08
-6.355000000005833094e+00,-1.894287466283365712e-18,-3.806908658893656462e-08
-6.352500000005839809e+00,-3.873785309967956803e-17,-3.833423287103576873e-08
-6.350000000005846523e+00,-1.344945573235308178e-17,-3.860122557708224162e-08
-6.347500000005853238e+00,1.317248138667421797e-17,-3.887007762328977463e-08
-6.345000000005859953e+00,-1.039098443597850515e-17,-3.914080199816166981e-08
-6.342500000005866667e+00,-6.717278673132422695e-17,-3.941341151337265253e-08
-6.340000000005873382e+00,-3.829758425096427987e-17,-3.968791959016862617e-08
-6.337500000005880096e+00,-2.574630234111414709e-17,-3.996433923880592309e-08
-6.335000000005886811e+00,4.220797544718174212e-17,-4.024268387770995932e-08
-6.332500000005893526e+00,8.268738200825309275e-18,-4.052296681979454551e-08
-6.330000000005900240e+00,-2.518634114854493955e-17,-4.080520177546436247e-08
-6.327500000005906955e+00,-2.736009997434789631e-18,-4.108940205955758045e-08
-6.325000000005913670e+00,2.398370551427327052e-19,-4.137558162569398182e-08
-6.322500000005920384e+00,-3.667365578355854700e-17,-4.166375406424786203e-08
-6.320000000005927099e+00,-3.465247149858826289e-17,-4.195393326744629368e-08
-6.317500000005933813e+00,-4.474396250216832203e-17,-4.224613334997682759e-08
-6.315000000005940528e+00,-3.087212677616694728e-17,-4.254036831643366244e-08
-6.312500000005947243e+00,-1.448162947164292363e-17,-4.283665226373298242e-08
-6.310000000005953957e+00,-7.410915471698621753e-17,-4.313499952642558860e-08
-6.307500000005960672e+00,1.932892222607117938e-17,-4.343542459191872784e-08
-6.305000000005967387e+00,2.977008533763315577e-17,-4.373794177909100719e-08
-6.302500000005974101e+00,4.314329115687930798e-18,-4.404256564438856296e-08
-6.300000000005980816e+00,-9.635069462771314191e-18,-4.434931092139571852e-08
-6.297500000005987530e+00,-5.381418065124579389e-18,-4.465819229138813862e-08
-6.295000000005994245e+00,-5.124268000920449047e-17,-4.496922490188817318e-08
-6.292500000006000960e+00,6.968182613793317789e-18,-4.528242341845978679e-08
-6.290000000006007674e+00,-2.294453178980415963e-17,-4.559780302927647867e-08
-6.287500000006014389e+00,-3.460217897181489824e-17,-4.591537901512712459e-08
-6.285000000006021104e+00,1.048801272483856913e-18,-4.623516657430695649e-08
-6.282500000006027818e+00,-5.914834347241710650e-18,-4.655718120495843438e-08
-6.280000000006034533e+00,-2.623098655554538166e-17,-4.688143834686450703e-08
-6.277500000006041248e+00,-2.550590380272194559e-17,-4.720795357291250180e-08
-6.275000000006047962e+00,3.141227029396023989e-17,-4.753674267469155532e-08
-6.272500000006054677e+00,-1.808940253279545746e-17,-4.786782163195969619e-08
-6.270000000006061391e+00,-1.798010300731142983e-17,-4.820120611400471419e-08
-6.267500000006068106e+00,3.038601484997421304e-17,-4.853691231414559907e-08
-6.265000000006074821e+00,-1.612040918963137600e-17,-4.887495636465297620e-08
-6.262500000006081535e+00,-1.252182126936430260e-17,-4.921535468152349815e-08
-6.260000000006088250e+00,8.678423340390712966e-18,-4.955812346454835991e-08
-6.257500000006094965e+00,-4.227508528408519673e-17,-4.990327929480662091e-08
-6.255000000006102567e+00,5.774235681572289491e-18,-5.025083891185875347e-08
-6.252500000006108394e+00,-5.198171716511217808e-17,-5.060081898169996847e-08
-6.250000000006115108e+00,-2.726703849110746558e-17,-5.095323637340733673e-08
-6.247500000006121823e+00,-3.600208048041776518e-18,-5.130810794387665564e-08
-6.245000000006129426e+00,1.915716121790555391e-17,-5.166545081604000270e-08
-6.242500000006135252e+00,-3.697683869197664373e-17,-5.202528236950794715e-08
-6.240000000006142855e+00,-9.670487762957956970e-17,-5.238761977691464665e-08
-6.237500000006148682e+00,-2.252673988366447077e-17,-5.275248064107700090e-08
-6.235000000006156284e+00,-3.517261088074540671e-17,-5.311988233040829328e-08
-6.232500000006162111e+00,-2.096447220713730098e-17,-5.348984265002224273e-08
-6.230000000006169714e+00,1.961815511200068535e-17,-5.386237946399989176e-08
-6.227500000006175540e+00,-2.054346665735754865e-17,-5.423751070139659211e-08
-6.225000000006183143e+00,-2.108237195609380410e-17,-5.461525432249941492e-08
-6.222500000006188969e+00,-1.611292597984731520e-17,-5.499562868425499160e-08
-6.220000000006196572e+00,7.133921131426854539e-18,-5.537865195723804857e-08
-6.217500000006202399e+00,-6.669037355637224116e-17,-5.576434262820497517e-08
-6.215000000006210001e+00,-6.503764738809135117e-17,-5.615271936698341657e-08
-6.212500000006216716e+00,-3.504055460150890766e-17,-5.654380079685635896e-08
-6.210000000006223431e+00,-2.742986187159588325e-17,-5.693760578025342542e-08
-6.207500000006229257e+00,-2.061155917422407760e-17,-5.733415331705257977e-08
-6.205000000006236860e+00,-8.265316105291362405e-17,-5.773346241376981100e-08
-6.202500000006243575e+00,-9.378800888729820417e-18,-5.813555244086761405e-08
-6.200000000006250289e+00,-6.849011055140269035e-18,-5.854044266682455232e-08
-6.197500000006257004e+00,-4.116257163431095631e-17,-5.894815259608900256e-08
-6.195000000006263718e+00,-2.390421766237393277e-17,-5.935870188578910155e-08
-6.192500000006270433e+00,2.869611651295997839e-17,-5.977211028952174044e-08
-6.190000000006277148e+00,-3.749693597881010883e-18,-6.018839776193414789e-08
-6.187500000006283862e+00,-2.088447944542308359e-17,-6.060758426398699861e-08
-6.185000000006290577e+00,-6.381517686614769904e-17,-6.102969021657942758e-08
-6.182500000006297292e+00,-5.088338428673590763e-17,-6.145473569399619094e-08
-6.180000000006304006e+00,-5.255240060541685234e-17,-6.188274126296865681e-08
-6.177500000006310721e+00,3.478820913627183999e-17,-6.231372753778334936e-08
-6.175000000006317435e+00,-5.522950765395438594e-17,-6.274771534822694320e-08
-6.172500000006324150e+00,2.420675531931467822e-17,-6.318472547601451825e-08
-6.170000000006330865e+00,-3.030455698672363268e-18,-6.362477902510658065e-08
-6.167500000006338468e+00,9.282490343803180851e-18,-6.406789717474650877e-08
-6.165000000006344294e+00,-7.476003073835461625e-17,-6.451410129048378209e-08
-6.162500000006351897e+00,-1.223401527340437102e-17,-6.496341295041414870e-08
-6.160000000006357723e+00,8.125758737717069051e-18,-6.541585369620526223e-08
-6.157500000006364438e+00,-2.308487214750699999e-17,-6.587144531336960050e-08
-6.155000000006371152e+00,-7.235383785273806325e-17,-6.633020968564677000e-08
-6.152500000006377867e+00,1.701078618910039553e-17,-6.679216907984706731e-08
-6.150000000006384582e+00,-2.483963674612506140e-17,-6.725734558578084036e-08
-6.147500000006392185e+00,-4.376086804096847706e-17,-6.772576179410324838e-08
-6.145000000006398011e+00,-7.856358602645057156e-17,-6.819744010610043863e-08
-6.142500000006405614e+00,6.744423180559581200e-18,-6.867240328450911631e-08
-6.140000000006411440e+00,-6.504069581398673544e-18,-6.915067430216024042e-08
-6.137500000006419043e+00,1.180389024061199418e-17,-6.963227596106736777e-08
-6.135000000006424870e+00,-2.055192796211360015e-17,-7.011723163729020811e-08
-6.132500000006432472e+00,-2.213551105335576580e-17,-7.060556463376776973e-08
-6.130000000006438299e+00,-9.065993664337417610e-18,-7.109729857806393500e-08
-6.127500000006445013e+00,-4.373761048849019362e-18,-7.159245696463321151e-08
-6.125000000006451728e+00,9.599335811678992795e-18,-7.209106386525243772e-08
-6.122500000006459331e+00,-2.091082504810854962e-17,-7.259314308997448285e-08
-6.120000000006465157e+00,2.433131751745520848e-18,-7.309871893775154678e-08
-6.117500000006472760e+00,-1.095373209503933364e-17,-7.360781582392604431e-08
-6.115000000006478587e+00,3.341397489270968086e-17,-7.412045812560504508e-08
-6.112500000006486189e+00,-7.509670587774746351e-17,-7.463667045452385101e-08
-6.110000000006492016e+00,-5.329212338744553577e-17,-7.515647794760610368e-08
-6.107500000006499619e+00,-2.794860178492647725e-17,-7.567990544110550937e-08
-6.105000000006506333e+00,1.796364940666559708e-17,-7.620697835197752840e-08
-6.102500000006513048e+00,7.717481593604319613e-18,-7.673772181469987562e-08
-6.100000000006518874e+00,-4.243151279557888303e-17,-7.727216163291042349e-08
-6.097500000006526477e+00,3.891642915419297440e-18,-7.781032329904311623e-08
-6.095000000006532304e+00,-1.950374109984552590e-17,-7.835223290092988555e-08
-6.092500000006539906e+00,-6.250074192582346770e-17,-7.889791653923276385e-08
-6.090000000006545733e+00,-2.578561496999194662e-17,-7.944740039391336539e-08
-6.087500000006553336e+00,-2.551664295142136004e-18,-8.000071103376831842e-08
-6.085000000006560050e+00,-3.816955033879687892e-18,-8.055787516981680054e-08
-6.082500000006566765e+00,-3.597821362823792255e-17,-8.111891949047668860e-08
-6.080000000006573480e+00,-3.215588387396731870e-17,-8.168387099825152612e-08
-6.077500000006580194e+00,-3.488879117345890368e-17,-8.225275700279901446e-08
-6.075000000006586021e+00,-3.355884087517246586e-17,-8.282560493871933658e-08
-6.072500000006593623e+00,-7.294978110704749262e-17,-8.340244232089672138e-08
-6.070000000006599450e+00,-2.077105969138585477e-17,-8.398329687870116003e-08
-6.067500000006607053e+00,-5.375334823209140486e-17,-8.456819675853211554e-08
-6.065000000006612879e+00,-5.478995942940076635e-17,-8.515716995257461940e-08
-6.062500000006620482e+00,-4.135672321118879790e-17,-8.575024507830190831e-08
-6.060000000006627197e+00,-5.424697571682375689e-17,-8.634745042446694060e-08
-6.057500000006633911e+00,-5.475108624463474511e-17,-8.694881490600827151e-08
-6.055000000006640626e+00,-1.889214894708833244e-18,-8.755436744328893467e-08
-6.052500000006647340e+00,-2.278751412102291935e-17,-8.816413729316379590e-08
-6.050000000006654055e+00,-2.437030825381107781e-17,-8.877815369987766359e-08
-6.047500000006660770e+00,-2.958994045088314677e-17,-8.939644625858533344e-08
-6.045000000006666596e+00,2.926230560974750232e-18,-9.001904478233278000e-08
-6.042500000006674199e+00,-3.361284655202713007e-17,-9.064597923086941085e-08
-6.040000000006680914e+00,-2.110206917141500587e-17,-9.127727991564183209e-08
-6.037500000006687628e+00,2.481648691280904593e-17,-9.191297708777564850e-08
-6.035000000006694343e+00,-2.726431029564572049e-17,-9.255310154391022034e-08
-6.032500000006701057e+00,-1.696911260938245641e-18,-9.319768395997729983e-08
-6.030000000006707772e+00,-3.081236639006412818e-17,-9.384675536577282597e-08
-6.027500000006714487e+00,-2.619161184278042108e-17,-9.450034720300055862e-08
-6.025000000006721201e+00,-4.821364829850237673e-17,-9.515849080073347936e-08
-6.022500000006727916e+00,-1.739483882478147932e-17,-9.582121796178980597e-08
-6.020000000006735519e+00,-1.825775373096329248e-17,-9.648856047885734807e-08
-6.017500000006741345e+00,-3.339905830031061002e-18,-9.716055055999673624e-08
-6.015000000006748060e+00,-3.154402951714800269e-19,-9.783722063586735079e-08
-6.012500000006754775e+00,-3.488984675610785927e-17,-9.851860329142650246e-08
-6.010000000006761489e+00,9.696520310273176803e-18,-9.920473128002306805e-08
-6.007500000006768204e+00,-1.459788737087216028e-17,-9.989563765136979565e-08
-6.005000000006774918e+00,-4.218857591501537988e-17,-1.005913556358793542e-07
-6.002500000006781633e+00,-5.447662700457346978e-17,-1.012919188455214153e-07
-6.000000000006789236e+00,-2.687985093967481955e-17,-1.019973610588574436e-07
-5.997500000006795062e+00,1.689787891216985027e-17,-1.027077160792384477e-07
-5.995000000006802665e+00,-6.563990464556333837e-17,-1.034230182546609038e-07
-5.992500000006808492e+00,-2.975585201591765311e-17,-1.041433020673604459e-07
-5.990000000006815206e+00,-5.016809507508208744e-18,-1.048686021761166221e-07
-5.987500000006821921e+00,-9.293693043772773477e-18,-1.055989534048370477e-07
-5.985000000006828635e+00,-1.488337267726500569e-17,-1.063343911168801772e-07
-5.982500000006835350e+00,-2.846483894035132490e-17,-1.070749506324303489e-07
-5.980000000006842953e+00,1.645019346618963866e-17,-1.078206676237806251e-07
-5.977500000006848779e+00,-5.799473244256463250e-17,-1.085715779862824128e-07
-5.975000000006856382e+00,-4.281448597593625453e-17,-1.093277179725046826e-07
-5.972500000006862209e+00,-4.351509819337864585e-17,-1.100891239134621912e-07
-5.970000000006869811e+00,-2.273086471977593881e-17,-1.108558325977516765e-07
-5.967500000006875638e+00,-3.857794608638225141e-17,-1.116278808059106228e-07
-5.965000000006883241e+00,-1.250281384039246504e-17,-1.124053058751575655e-07
-5.962500000006889067e+00,-3.595610975146735709e-17,-1.131881451202374029e-07
-5.960000000006896670e+00,-5.915499960553737504e-18,-1.139764362926445175e-07
-5.957500000006902496e+00,-5.733964595612384787e-17,-1.147702174319895107e-07
-5.955000000006910099e+00,-3.298806762978302386e-17,-1.155695267337815813e-07
-5.952500000006915926e+00,-6.168466998547996314e-17,-1.163744027703441156e-07
-5.950000000006923528e+00,-4.732856167694016573e-17,-1.171848840037431738e-07
-5.947500000006929355e+00,-5.088516666047684575e-17,-1.180010099103222616e-07
-5.945000000006936958e+00,-2.681481011250986734e-17,-1.188228193748075229e-07
-5.942500000006942784e+00,-3.323721794902796013e-17,-1.196503523047681677e-07
-5.940000000006950387e+00,-2.247945115810124592e-17,-1.204836484088592591e-07
-5.937500000006957102e+00,-2.654988466849256332e-17,-1.213227479044103661e-07
-5.935000000006963816e+00,-3.693776907758009636e-17,-1.221676911996857177e-07
-5.932500000006969643e+00,-5.374693841836668507e-17,-1.230185188301367011e-07
-5.930000000006977245e+00,-4.379161019243395751e-17,-1.238752719877509207e-07
-5.927500000006983072e+00,-2.884088685346230812e-17,-1.247379918377789093e-07
-5.925000000006990675e+00,-9.599797396113646306e-18,-1.256067199638626474e-07
-5.922500000006996501e+00,-6.549857810515445510e-17,-1.264814981468871989e-07
-5.920000000007004104e+00,-6.041610262436303697e-17,-1.273623686733020270e-07
-5.917500000007010819e+00,-2.309142109249188041e-17,-1.282493737781185342e-07
-5.915000000007017533e+00,-3.584356779648116753e-17,-1.291425562762792356e-07
-5.912500000007024248e+00,-1.608649348630591776e-17,-1.300419593087304109e-07
-5.910000000007030962e+00,-3.966448670129329663e-17,-1.309476259800663325e-07
-5.907500000007037677e+00,-6.474257518381649550e-17,-1.318596000521955689e-07
-5.905000000007044392e+00,-6.123431047339577342e-17,-1.327779254286563676e-07
-5.902500000007050218e+00,-3.506857396254502476e-17,-1.337026462448858832e-07
-5.900000000007057821e+00,-2.223547925704289448e-17,-1.346338072629457359e-07
-5.897500000007064536e+00,-5.051697044730231033e-17,-1.355714532592881066e-07
-5.895000000007071250e+00,-1.918426705779773656e-17,-1.365156291893455933e-07
-5.892500000007077965e+00,-5.659316491116146345e-17,-1.374663806606548056e-07
-5.890000000007084680e+00,-8.558623400285325470e-18,-1.384237536132988111e-07
-5.887500000007091394e+00,-3.385244673162353311e-17,-1.393877939554238036e-07
-5.885000000007098109e+00,-2.115649753451691120e-17,-1.403585482139223212e-07
-5.882500000007104823e+00,-2.481461686446539173e-17,-1.413360631345271286e-07
-5.880000000007111538e+00,-4.311587319415824198e-17,-1.423203858479949519e-07
-5.877500000007117364e+00,-3.027592230443295357e-17,-1.433115636748907154e-07
-5.875000000007124967e+00,-3.210386734092682125e-17,-1.443096443412717769e-07
-5.872500000007131682e+00,-4.488540573297066076e-17,-1.453146760842012065e-07
-5.870000000007138397e+00,-2.100011923427623946e-17,-1.463267072160247218e-07
-5.867500000007145111e+00,-4.526330228081152585e-17,-1.473457863583651272e-07
-5.865000000007151826e+00,-7.446720913725299162e-18,-1.483719628576401237e-07
-5.862500000007158540e+00,-4.698201240110810970e-17,-1.494052859430157380e-07
-5.860000000007165255e+00,-7.283276571101115587e-17,-1.504458054308594056e-07
-5.857500000007171970e+00,-3.364006741897013364e-17,-1.514935714821668071e-07
-5.855000000007178684e+00,-5.760912231722464928e-17,-1.525486345162565964e-07
-5.852500000007186287e+00,-1.143607409897971431e-17,-1.536110453325978523e-07
-5.850000000007192114e+00,-3.832589623307742159e-17,-1.546808551575198425e-07
-5.847500000007198828e+00,-3.823248292165373797e-17,-1.557581155746211207e-07
-5.845000000007205543e+00,-4.634205135490434907e-17,-1.568428783800380122e-07
-5.842500000007212257e+00,-5.357667408307035022e-17,-1.579351958481800784e-07
-5.840000000007218972e+00,-3.231030955674283632e-17,-1.590351206880407664e-07
-5.837500000007225687e+00,-4.326346298956112896e-17,-1.601427057069818152e-07
-5.835000000007232401e+00,-4.027980326958525227e-17,-1.612580042128587593e-07
-5.832500000007240004e+00,-1.884166650985544559e-18,-1.623810702332674399e-07
-5.830000000007245831e+00,-4.825130759328023220e-17,-1.635119576279299205e-07
-5.827500000007253433e+00,-4.793467938688200040e-17,-1.646507208455339900e-07
-5.825000000007259260e+00,-1.536267400075394717e-17,-1.657974148631997674e-07
-5.822500000007265974e+00,-2.307248335036599374e-17,-1.669520948965431300e-07
-5.820000000007272689e+00,-3.797968711278937242e-17,-1.681148164782536894e-07
-5.817500000007279404e+00,-3.677971277393524587e-17,-1.692856356991999403e-07
-5.815000000007286118e+00,-3.815033809097537103e-17,-1.704646088980239789e-07
-5.812500000007293721e+00,-3.689150540581912693e-17,-1.716517928326969086e-07
-5.810000000007299548e+00,-6.368090617989745993e-17,-1.728472448206066815e-07
-5.807500000007307150e+00,-4.214599591087810584e-17,-1.740510223463593706e-07
-5.805000000007312977e+00,-2.173213089811623863e-17,-1.752631833047115807e-07
-5.802500000007320580e+00,-4.445475005449825986e-17,-1.764837862979372468e-07
-5.800000000007326406e+00,-4.946487031870529555e-17,-1.777128899087016233e-07
-5.797500000007334009e+00,-3.957444273757443139e-17,-1.789505534772032402e-07
-5.795000000007339835e+00,-1.694016116992511405e-17,-1.801968365224084929e-07
-5.792500000007347438e+00,-4.686172071040978240e-17,-1.814517991475940762e-07
-5.790000000007353265e+00,-6.128016303971210803e-17,-1.827155018585368685e-07
-5.787500000007360867e+00,-5.814547741369593630e-17,-1.839880053145012797e-07
-5.785000000007366694e+00,-4.135288007041087889e-17,-1.852693710422514712e-07
-5.782500000007374297e+00,-3.668428781583525811e-17,-1.865596605926339950e-07
-5.780000000007380123e+00,-3.203414981027077239e-17,-1.878589362516615298e-07
-5.777500000007387726e+00,-4.068059837417590349e-17,-1.891672604437726636e-07
-5.775000000007393552e+00,-1.876758098534872699e-17,-1.904846962679529275e-07
-5.772500000007401155e+00,-5.941827533858109942e-17,-1.918113072636622169e-07
-5.770000000007407870e+00,-3.919484313115477786e-17,-1.931471572095463586e-07
-5.767500000007414585e+00,-4.246770731949246204e-17,-1.944923104841765049e-07
-5.765000000007420411e+00,-1.677339209556700552e-17,-1.958468319908851507e-07
-5.762500000007428014e+00,-2.865612005427344140e-17,-1.972107868134677276e-07
-5.760000000007433840e+00,-2.401371296918585290e-17,-1.985842406388057232e-07
-5.757500000007441443e+00,-2.922864669708740451e-17,-1.999672596970093235e-07
-5.755000000007447269e+00,-3.219492777195545762e-17,-2.013599106607685383e-07
-5.752500000007454872e+00,-3.379980947503174058e-17,-2.027622605220602499e-07
-5.750000000007461587e+00,-2.837517832345422856e-17,-2.041743768511580240e-07
-5.747500000007468302e+00,-2.715510230156322026e-17,-2.055963276770787297e-07
-5.745000000007475016e+00,-3.816254262322936579e-17,-2.070281814793160007e-07
-5.742500000007481731e+00,-3.712785658867443833e-17,-2.084700071533202018e-07
-5.740000000007488445e+00,-3.104384128303372904e-17,-2.099218742920265314e-07
-5.737500000007495160e+00,-3.066447116328994794e-17,-2.113838527663086704e-07
-5.735000000007500986e+00,-3.738976120704056607e-17,-2.128560128738757134e-07
-5.732500000007508589e+00,-1.293454778141607991e-17,-2.143384257582115138e-07
-5.730000000007515304e+00,-5.313507153495209493e-17,-2.158311625809221952e-07
-5.727500000007522019e+00,-1.116886813695359110e-17,-2.173342954292281397e-07
-5.725000000007528733e+00,-1.776179482910123345e-17,-2.188478966498110616e-07
-5.722500000007535448e+00,-4.203829019028401187e-17,-2.203720391701606527e-07
-5.720000000007542162e+00,-2.852816004915738965e-17,-2.219067963257600878e-07
-5.717500000007548877e+00,-4.092100297869529189e-17,-2.234522421200245810e-07
-5.715000000007555592e+00,-1.437233771038598131e-17,-2.250084509172636154e-07
-5.712500000007562306e+00,-2.975183022294699992e-17,-2.265754976601873310e-07
-5.710000000007569021e+00,-4.953612029347353357e-17,-2.281534580194268978e-07
-5.707500000007575736e+00,-3.397395924010324064e-17,-2.297424078409014486e-07
-5.705000000007582450e+00,-2.862719143487697619e-17,-2.313424236418524577e-07
-5.702500000007589165e+00,-1.639918690131235747e-17,-2.329535825708496245e-07
-5.700000000007595879e+00,-2.036666677413015970e-17,-2.345759621643406608e-07
-5.697500000007602594e+00,-2.606700874211722575e-18,-2.362096406266242937e-07
-5.695000000007609309e+00,-1.957881909672929618e-17,-2.378546965798480677e-07
-5.692500000007616023e+00,-3.781833816218623220e-17,-2.395112092721861465e-07
-5.690000000007622738e+00,-1.006533849841325904e-17,-2.411792586196833764e-07
-5.687500000007629453e+00,-2.862822003975647822e-17,-2.428589247841314931e-07
-5.685000000007637055e+00,-2.555839851503590713e-17,-2.445502887742924993e-07
-5.682500000007642882e+00,-3.069930181464796311e-17,-2.462534321039030239e-07
-5.680000000007649597e+00,9.862583068506381244e-18,-2.479684366522405230e-07
-5.677500000007656311e+00,-4.781752271449159653e-17,-2.496953852381653431e-07
-5.675000000007663026e+00,-5.128955513306865415e-17,-2.514343608318088095e-07
-5.672500000007669740e+00,-1.013194039730199693e-17,-2.531854472645893830e-07
-5.670000000007676455e+00,-2.456060742633256979e-17,-2.549487289880584088e-07
-5.667500000007683170e+00,-1.858720854081227251e-17,-2.567242907728217798e-07
-5.665000000007690772e+00,-3.004531239707672832e-17,-2.585122183382760035e-07
-5.662500000007696599e+00,-5.181281971574798440e-18,-2.603125975397096247e-07
-5.660000000007704202e+00,-3.705364848161302357e-17,-2.621255152532744070e-07
-5.657500000007710028e+00,-2.847412891296149870e-17,-2.639510588089236157e-07
-5.655000000007717631e+00,-3.772139975033359104e-17,-2.657893161919845770e-07
-5.652500000007723457e+00,-1.694383449807932403e-17,-2.676403757642865271e-07
-5.650000000007730172e+00,-6.608550377514782047e-18,-2.695043269066171032e-07
-5.647500000007736887e+00,-2.331430090501634946e-17,-2.713812591642341826e-07
-5.645000000007744489e+00,-4.195351146496315349e-17,-2.732712632111434895e-07
-5.642500000007750316e+00,-3.170452294850245043e-17,-2.751744298551856599e-07
-5.640000000007757919e+00,-2.104887570858376059e-17,-2.770908509362967878e-07
-5.637500000007763745e+00,-4.209769448278863371e-17,-2.790206186057487680e-07
-5.635000000007771348e+00,-1.597040864442237024e-17,-2.809638259571829126e-07
-5.632500000007777174e+00,-2.752520421804674410e-17,-2.829205664153354423e-07
-5.630000000007784777e+00,-7.049563399072017143e-18,-2.848909344136897850e-07
-5.627500000007790604e+00,-2.452753064543110816e-17,-2.868750247673624979e-07
-5.625000000007798207e+00,-2.158179394133330817e-17,-2.888729329775956779e-07
-5.622500000007804033e+00,-4.002800845954964988e-17,-2.908847553894291266e-07
-5.620000000007811636e+00,-2.477910085974415376e-17,-2.929105888665621480e-07
-5.617500000007817462e+00,-3.028510920025110761e-17,-2.949505310545356319e-07
-5.615000000007825065e+00,-3.599349327340424829e-17,-2.970046800958500454e-07
-5.612500000007830891e+00,-2.356929791928801161e-17,-2.990731350119715740e-07
-5.610000000007838494e+00,-3.071344267161579657e-17,-3.011559953745660246e-07
-5.607500000007844321e+00,-2.040050540787453838e-17,-3.032533616238136483e-07
-5.605000000007851924e+00,-2.290047128637276294e-17,-3.053653346668361662e-07
-5.602500000007858638e+00,-1.314027133093906393e-17,-3.074920161552726966e-07
-5.600000000007865353e+00,-5.297438283072367363e-18,-3.096335088601694427e-07
-5.597500000007871179e+00,-4.337087793884823837e-17,-3.117899155904088285e-07
-5.595000000007878782e+00,-5.470041059978602116e-17,-3.139613402616125089e-07
-5.592500000007884609e+00,5.626029922083929847e-19,-3.161478876446810577e-07
-5.590000000007892211e+00,-6.912620801265236790e-18,-3.183496629495419664e-07
-5.587500000007898038e+00,-3.373754028682478373e-17,-3.205667721524726087e-07
-5.585000000007905641e+00,-9.370361269187081580e-18,-3.227993222412088123e-07
-5.582500000007912355e+00,-5.903594142409869036e-17,-3.250474204585573536e-07
-5.580000000007919070e+00,-3.658884704562707453e-17,-3.273111754003998970e-07
-5.577500000007925784e+00,-2.450930126545160884e-17,-3.295906959637392198e-07
-5.575000000007932499e+00,-1.540932915110319084e-17,-3.318860919625757560e-07
-5.572500000007939214e+00,-3.298801226780597983e-17,-3.341974739213220844e-07
-5.570000000007945928e+00,-1.961675136290917583e-17,-3.365249531294971158e-07
-5.567500000007951755e+00,-2.003682195944800389e-17,-3.388686418704668118e-07
-5.565000000007959358e+00,-7.537221040571359016e-18,-3.412286529216884454e-07
-5.562500000007966072e+00,-6.200528404254134057e-18,-3.436050998909372065e-07
-5.560000000007972787e+00,-2.575806707015996774e-17,-3.459980974215063389e-07
-5.557500000007979502e+00,-2.338354842443449374e-17,-3.484077606105863023e-07
-5.555000000007986216e+00,-2.946651614988051614e-17,-3.508342054959881156e-07
-5.552500000007992931e+00,-3.505312532575776470e-17,-3.532775491344559989e-07
-5.550000000007999645e+00,-2.616018652297046947e-17,-3.557379091381035535e-07
-5.547500000008006360e+00,-3.434541239717920391e-17,-3.582154040111634094e-07
-5.545000000008013075e+00,-2.218728432113869930e-17,-3.607101529865857819e-07
-5.542500000008020677e+00,-8.145342404508872139e-18,-3.632222764807025169e-07
-5.540000000008026504e+00,-1.677118479066904595e-17,-3.657518951511856879e-07
-5.537500000008033219e+00,-1.138657101304185009e-17,-3.682991311514660148e-07
-5.535000000008039933e+00,-1.146915307809318557e-17,-3.708641070112990977e-07
-5.532500000008046648e+00,-2.957530548488804711e-17,-3.734469463234365512e-07
-5.530000000008053362e+00,-3.866565827645854560e-17,-3.760477734923395455e-07
-5.527500000008060077e+00,-8.056348644945396179e-18,-3.786667137122289538e-07
-5.525000000008066792e+00,-2.571375278899499443e-17,-3.813038933237271449e-07
-5.522500000008074394e+00,-3.967530653457389780e-17,-3.839594392749712286e-07
-5.520000000008080221e+00,-2.809006767886432885e-17,-3.866334793247208625e-07
-5.517500000008087824e+00,-1.488844537680606090e-17,-3.893261423685603280e-07
-5.515000000008093650e+00,-3.282788994155521172e-17,-3.920375582133440324e-07
-5.512500000008100365e+00,-1.317742734057424183e-17,-3.947678573070087749e-07
-5.510000000008107079e+00,-4.859995904672027501e-18,-3.975171712765578821e-07
-5.507500000008113794e+00,-3.548226726910133518e-17,-4.002856323759098639e-07
-5.505000000008120509e+00,-8.871286837607271240e-18,-4.030733741152629521e-07
-5.502500000008127223e+00,-1.228202770372097863e-18,-4.058805307356558396e-07
-5.500000000008133938e+00,-4.273830615270775280e-17,-4.087072374613124546e-07
-5.497500000008141541e+00,-2.064432349602756196e-17,-4.115536304002170739e-07
-5.495000000008147367e+00,3.702934855928431997e-18,-4.144198467240907720e-07
-5.492500000008154970e+00,-1.129397609576550709e-17,-4.173060243768839738e-07
-5.490000000008160796e+00,-1.994561368268681350e-17,-4.202123025471588404e-07
-5.487500000008168399e+00,-4.164327239178070188e-17,-4.231388210808528158e-07
-5.485000000008174226e+00,-2.090140411978026384e-17,-4.260857210249933631e-07
-5.482500000008180940e+00,-1.220680148879771183e-17,-4.290531440985864461e-07
-5.480000000008187655e+00,-4.408004856107478671e-17,-4.320412335868270418e-07
-5.477500000008195258e+00,-1.873417631063281800e-17,-4.350501331669329627e-07
-5.475000000008201084e+00,-1.483819252415134017e-17,-4.380799878489878680e-07
-5.472500000008208687e+00,-1.109709152786165618e-17,-4.411309435596013292e-07
-5.470000000008214514e+00,-1.641750117717735983e-17,-4.442031472454006925e-07
-5.467500000008222116e+00,-1.711068242002684938e-17,-4.472967470628012929e-07
-5.465000000008227943e+00,-2.304830069955514936e-17,-4.504118917186221686e-07
-5.462500000008235546e+00,-3.925396707099821485e-17,-4.535487314415417953e-07
-5.460000000008242260e+00,-1.797147855723274225e-17,-4.567074172820856538e-07
-5.457500000008248975e+00,-3.182885520023784604e-17,-4.598881013570893615e-07
-5.455000000008254801e+00,-3.386785243676121894e-17,-4.630909369579651004e-07
-5.452500000008262404e+00,-2.178920558914955992e-17,-4.663160782815804562e-07
-5.450000000008268231e+00,-1.932362524349476771e-17,-4.695636806584610056e-07
-5.447500000008275833e+00,-2.559116936149442008e-17,-4.728339006239829062e-07
-5.445000000008281660e+00,2.884567131242146672e-18,-4.761268954927278819e-07
-5.442500000008289263e+00,-3.103204953946124984e-17,-4.794428241343111927e-07
-5.440000000008295089e+00,-7.543715281800745732e-18,-4.827818461119564329e-07
-5.437500000008302692e+00,-1.846738561974279090e-17,-4.861441222797351269e-07
-5.435000000008309406e+00,-4.634706499014603705e-18,-4.895298146606434303e-07
-5.432500000008316121e+00,-8.682065397005255656e-18,-4.929390861449008529e-07
-5.430000000008322836e+00,-4.129485592907501710e-17,-4.963721011510459213e-07
-5.427500000008329550e+00,-2.381469956563812336e-17,-4.998290249568892059e-07
-5.425000000008335377e+00,-2.544825857689840742e-17,-5.033100240567846184e-07
-5.422500000008342980e+00,-6.999789085719357266e-18,-5.068152661416913152e-07
-5.420000000008348806e+00,-2.579669143223614059e-17,-5.103449200143119013e-07
-5.417500000008356409e+00,-1.945594769614985323e-17,-5.138991557589154426e-07
-5.415000000008363124e+00,-5.922224390314578962e-17,-5.174781444927906822e-07
-5.412500000008369838e+00,1.563912580354646961e-17,-5.210820586681536763e-07
-5.410000000008376553e+00,-1.603458760555771049e-17,-5.247110718032462792e-07
-5.407500000008383267e+00,-2.530434901639017016e-17,-5.283653587929046915e-07
-5.405000000008389982e+00,-3.164520259377878801e-18,-5.320450956026772276e-07
-5.402500000008396697e+00,-2.293246018694612601e-17,-5.357504594574775057e-07
-5.400000000008402523e+00,-1.825876617753263047e-17,-5.394816288619838598e-07
-5.397500000008410126e+00,-2.498041207318787732e-17,-5.432387834754835514e-07
-5.395000000008416841e+00,-1.690962573673500718e-17,-5.470221044579264920e-07
-5.392500000008423555e+00,-1.807993004450996625e-17,-5.508317738505780340e-07
-5.390000000008430270e+00,-4.187236258600722702e-17,-5.546679751434097084e-07
-5.387500000008436984e+00,-3.384886149786381834e-17,-5.585308931426229537e-07
-5.385000000008443699e+00,-2.696437785534304686e-19,-5.624207140419930073e-07
-5.382500000008450414e+00,-3.089285580212702376e-17,-5.663376250747719277e-07
-5.380000000008457128e+00,-1.544344156281845100e-17,-5.702818149312768964e-07
-5.377500000008463843e+00,-4.744351636763692463e-18,-5.742534736193746801e-07
-5.375000000008471446e+00,-1.305142394150553591e-17,-5.782527923592167167e-07
-5.372500000008477272e+00,-2.850998932649650095e-17,-5.822799639877636283e-07
-5.370000000008483987e+00,-1.793880828191123230e-17,-5.863351822945493952e-07
-5.367500000008490701e+00,-2.450806707477341247e-17,-5.904186426845193658e-07
-5.365000000008497416e+00,-1.466814385418672212e-17,-5.945305417597802101e-07
-5.362500000008504131e+00,-2.410457612351217356e-17,-5.986710776547243761e-07
-5.360000000008510845e+00,-4.643741691493327218e-17,-6.028404497947361317e-07
-5.357500000008517560e+00,-7.094815771137889841e-18,-6.070388590111285356e-07
-5.355000000008525163e+00,-2.798141494434640397e-17,-6.112665075879563020e-07
-5.352500000008530989e+00,-3.539642663367315912e-17,-6.155235989967377861e-07
-5.350000000008538592e+00,-3.265999473223586872e-17,-6.198103384827164513e-07
-5.347500000008544419e+00,-4.051480738427092638e-17,-6.241269324099594523e-07
-5.345000000008552021e+00,-4.066345847695303305e-17,-6.284735886703058832e-07
-5.342500000008557848e+00,-3.064461354947648065e-17,-6.328505167066476899e-07
-5.340000000008564562e+00,-2.285943010144620071e-17,-6.372579273318097792e-07
-5.337500000008571277e+00,-1.112312246531642640e-17,-6.416960327622233908e-07
-5.335000000008578880e+00,-5.743494448857308475e-18,-6.461650468677697937e-07
-5.332500000008584706e+00,-8.310072817437274397e-18,-6.506651848463087233e-07
-5.330000000008592309e+00,-1.926632516966570654e-17,-6.551966634603154583e-07
-5.327500000008598136e+00,-3.527270243426196342e-17,-6.597597009775225518e-07
-5.325000000008605738e+00,-2.691585519611410804e-17,-6.643545172439857398e-07
-5.322500000008611565e+00,-4.255614835474860057e-17,-6.689813333740790949e-07
-5.320000000008619168e+00,-3.220615695860211571e-17,-6.736403725889799279e-07
-5.317500000008624994e+00,-1.776271628910399725e-17,-6.783318589637557582e-07
-5.315000000008631709e+00,-5.788129878531936631e-18,-6.830560186958791613e-07
-5.312500000008638423e+00,-4.475685378453290238e-17,-6.878130792058185390e-07
-5.310000000008646026e+00,-1.305932310968529935e-17,-6.926032697173479094e-07
-5.307500000008651853e+00,-3.359058857521788812e-17,-6.974268207865350725e-07
-5.305000000008659455e+00,-8.935917788745122685e-18,-7.022839649914250580e-07
-5.302500000008665282e+00,-4.602898915705177365e-17,-7.071749361641995708e-07
-5.300000000008672885e+00,-2.291665318795337120e-17,-7.120999699230917651e-07
-5.297500000008678711e+00,-4.422712153839111051e-17,-7.170593034457470149e-07
-5.295000000008686314e+00,-1.841442134344438184e-17,-7.220531755432888514e-07
-5.292500000008693029e+00,-1.862413127282403545e-17,-7.270818270079873418e-07
-5.290000000008699743e+00,-2.410257635375792380e-17,-7.321454997612610470e-07
-5.287500000008705570e+00,-6.875036342376602347e-18,-7.372444378394490949e-07
-5.285000000008713172e+00,-2.021625887936406316e-18,-7.423788868472779945e-07
-5.282500000008718999e+00,2.552807951265490564e-17,-7.475490940731115854e-07
-5.280000000008726602e+00,-1.235149580313410632e-17,-7.527553086516098453e-07
-5.277500000008732428e+00,-2.261724265609442659e-17,-7.579977812041534513e-07
-5.275000000008740031e+00,-5.532736325621141855e-18,-7.632767642997744399e-07
-5.272500000008746746e+00,-1.158770952172425362e-17,-7.685925121834362961e-07
-5.270000000008753460e+00,-2.272213631544584805e-17,-7.739452810483697632e-07
-5.267500000008760175e+00,-3.502588356223230828e-17,-7.793353284976602673e-07
-5.265000000008766889e+00,-1.252361419022748509e-17,-7.847629142918263851e-07
-5.262500000008773604e+00,-2.855060732413226640e-17,-7.902282998391622375e-07
-5.260000000008780319e+00,-3.121948461284021852e-17,-7.957317483837704389e-07
-5.257500000008786145e+00,-3.854599026615313978e-17,-8.012735249272743365e-07
-5.255000000008793748e+00,-5.756979877857499823e-18,-8.068538965929493209e-07
-5.252500000008799574e+00,1.878082748052149113e-18,-8.124731320167865001e-07
-5.250000000008807177e+00,-2.921599988792923289e-17,-8.181315019464858118e-07
-5.247500000008813892e+00,-1.880463916076347718e-17,-8.238292789428565808e-07
-5.245000000008820606e+00,-1.915891453741280121e-17,-8.295667372876530292e-07
-5.242500000008827321e+00,-5.133590178052089744e-18,-8.353441535254993907e-07
-5.240000000008834036e+00,-1.232802445030942411e-17,-8.411618057595978977e-07
-5.237500000008840750e+00,-2.183004672436741634e-17,-8.470199744254023217e-07
-5.235000000008847465e+00,-1.210149752224437565e-17,-8.529189415571667453e-07
-5.232500000008854180e+00,-3.641865422050789407e-17,-8.588589912069199269e-07
-5.230000000008860894e+00,-2.350170476640545866e-17,-8.648404097030035792e-07
-5.227500000008867609e+00,-2.337082630651810632e-17,-8.708634850520563089e-07
-5.225000000008874323e+00,-2.201911864897182252e-17,-8.769285072435618776e-07
-5.222500000008881038e+00,-1.933017940589899415e-17,-8.830357686064344022e-07
-5.220000000008887753e+00,6.560575480331776318e-18,-8.891855631471578217e-07
-5.217500000008894467e+00,-7.510651514497809952e-18,-8.953781872994734772e-07
-5.215000000008901182e+00,-2.343264639665334738e-17,-9.016139391481393191e-07
-5.212500000008907897e+00,-3.227939436191618304e-17,-9.078931190452570205e-07
-5.210000000008914611e+00,4.940410830617479266e-18,-9.142160296304444898e-07
-5.207500000008922214e+00,-2.590735205320331867e-17,-9.205829752730431822e-07
-5.205000000008928041e+00,-2.919865463487966250e-17,-9.269942627362168111e-07
-5.202500000008934755e+00,-3.782721357089571882e-17,-9.334502008670990734e-07
-5.200000000008941470e+00,-3.097711449968269116e-17,-9.399511004712641073e-07
-5.197500000008948184e+00,-2.793180608905591399e-17,-9.464972749510397222e-07
-5.195000000008954899e+00,-1.205978928282820988e-17,-9.530890393793762910e-07
-5.192500000008961614e+00,-2.408973705214592549e-17,-9.597267112625481444e-07
-5.190000000008968328e+00,-2.230805590645551402e-17,-9.664106104139197213e-07
-5.187500000008975931e+00,-1.794611917484919419e-17,-9.731410588064760739e-07
-5.185000000008981758e+00,1.198074058911586848e-17,-9.799183804607754436e-07
-5.182500000008989360e+00,-1.211385667156973458e-17,-9.867429020575175593e-07
-5.180000000008995187e+00,-2.135966347540436522e-17,-9.936149522117975495e-07
-5.177500000009002790e+00,-1.306420240251289261e-17,-1.000534861842556091e-06
-5.175000000009008616e+00,-2.159883345601915643e-17,-1.007502964326536330e-06
-5.172500000009015331e+00,-2.330094463985415432e-17,-1.014519595357858524e-06
-5.170000000009022045e+00,-1.564169385496566883e-17,-1.021585092804705243e-06
-5.167500000009029648e+00,-1.563995125098320678e-17,-1.028699796981472423e-06
-5.165000000009035475e+00,-1.773750184182186872e-17,-1.035864050646988475e-06
-5.162500000009043077e+00,-1.576692860896357690e-18,-1.043078198909351830e-06
-5.160000000009048904e+00,-2.011610322223725680e-17,-1.050342589168020991e-06
-5.157500000009056507e+00,-3.040689521616795053e-17,-1.057657571313144043e-06
-5.155000000009062333e+00,1.850559679563764256e-17,-1.065023497818481554e-06
-5.152500000009069936e+00,-1.125591033187542841e-17,-1.072440723462140662e-06
-5.150000000009075762e+00,-1.683195754064851044e-17,-1.079909605415494473e-06
-5.147500000009083365e+00,-2.527280856453230389e-17,-1.087430503469865443e-06
-5.145000000009089192e+00,-3.405847395937107630e-17,-1.095003779887304647e-06
-5.142500000009096794e+00,-2.500274072756003341e-17,-1.102629799477759438e-06
-5.140000000009102621e+00,8.206504515469755264e-18,-1.110308929463342984e-06
-5.137500000009110224e+00,1.913360054383460326e-18,-1.118041539822709703e-06
-5.135000000009116050e+00,-1.276320213845012767e-17,-1.125828003088306492e-06
-5.132500000009123653e+00,-2.127844839746321952e-17,-1.133668694083489272e-06
-5.130000000009129479e+00,-2.784969096444148491e-17,-1.141563990628704945e-06
-5.127500000009137082e+00,-4.472080956682924609e-17,-1.149514273001334464e-06
-5.125000000009143797e+00,-3.964987562645284929e-18,-1.157519924174797313e-06
-5.122500000009150511e+00,-1.636441688880785978e-17,-1.165581329708285604e-06
-5.120000000009157226e+00,1.531177137167593965e-18,-1.173698877848929809e-06
-5.117500000009163941e+00,-1.640120672488430620e-17,-1.181872959655460903e-06
-5.115000000009169767e+00,-2.262938723771355264e-18,-1.190103968914876518e-06
-5.112500000009177370e+00,-1.920846805528174918e-17,-1.198392301910742909e-06
-5.110000000009183196e+00,-3.010700456997469580e-17,-1.206738358026900540e-06
-5.107500000009190799e+00,-3.211625727258417132e-17,-1.215142539289118668e-06
-5.105000000009197514e+00,-2.685265659663872657e-17,-1.223605250397126538e-06
-5.102500000009204228e+00,2.556429372823850385e-18,-1.232126898898988022e-06
-5.100000000009210943e+00,-1.015530403817658894e-17,-1.240707895499465879e-06
-5.097500000009217658e+00,-9.772052723082007615e-18,-1.249348653330612879e-06
-5.095000000009224372e+00,-5.646585251056258887e-18,-1.258049588649791962e-06
-5.092500000009231087e+00,-4.572291948560870042e-17,-1.266811120591203572e-06
-5.090000000009236913e+00,-2.600706535685616127e-17,-1.275633671072568460e-06
-5.087500000009244516e+00,-2.528235373275712094e-17,-1.284517665147424143e-06
-5.085000000009251231e+00,-1.334179922997614655e-17,-1.293463530754794060e-06
-5.082500000009257946e+00,-1.839310439208213307e-17,-1.302471698585758072e-06
-5.080000000009264660e+00,1.761027715116426289e-17,-1.311542602837595960e-06
-5.077500000009271375e+00,-3.052870651066319065e-17,-1.320676680268119827e-06
-5.075000000009278089e+00,3.927092036789840778e-18,-1.329874370783191816e-06
-5.072500000009284804e+00,-3.549477006583136628e-18,-1.339136117490512395e-06
-5.070000000009291519e+00,-1.436495218927637875e-17,-1.348462366563352877e-06
-5.067500000009298233e+00,-2.279300544640246818e-17,-1.357853567018912732e-06
-5.065000000009304948e+00,-3.955353686592006402e-18,-1.367310171398596094e-06
-5.062500000009311663e+00,-2.738364645463984088e-17,-1.376832635241288139e-06
-5.060000000009318377e+00,-1.021958858954322940e-17,-1.386421416978442219e-06
-5.057500000009325092e+00,-1.802824352219227009e-18,-1.396076978650477034e-06
-5.055000000009331806e+00,-1.644855466330851042e-17,-1.405799785338879581e-06
-5.052500000009338521e+00,-2.600308317426522008e-17,-1.415590305133197552e-06
-5.050000000009345236e+00,-7.294874311016839722e-18,-1.425449009889142079e-06
-5.047500000009351950e+00,3.176051487765983952e-18,-1.435376374431157248e-06
-5.045000000009358665e+00,-1.281501820225529143e-17,-1.445372876854454261e-06
-5.042500000009365380e+00,-1.732926891712796830e-17,-1.455438998591914333e-06
-5.040000000009372982e+00,-1.377300823409859180e-17,-1.465575224763319528e-06
-5.037500000009378809e+00,-1.442180257816462880e-17,-1.475782043263433278e-06
-5.035000000009385523e+00,-3.299035743575701491e-18,-1.486059945929235291e-06
-5.032500000009392238e+00,-2.057497961646736579e-17,-1.496409427888799695e-06
-5.030000000009398953e+00,-2.078925177706552266e-17,-1.506830987400574779e-06
-5.027500000009405667e+00,-5.226120330822012961e-18,-1.517325126593246362e-06
-5.025000000009412382e+00,-4.863013032998830567e-18,-1.527892350952416558e-06
-5.022500000009419097e+00,1.949472349394019398e-17,-1.538533169461233482e-06
-5.020000000009426699e+00,-2.404814090361572424e-17,-1.549248094564381124e-06
-5.017500000009432526e+00,-3.044476346504873881e-18,-1.560037642439148528e-06
-5.015000000009440129e+00,1.308054911094520801e-17,-1.570902332870104702e-06
-5.012500000009445955e+00,6.634395042203409055e-18,-1.581842689026197242e-06
-5.010000000009453558e+00,-8.280532613834901498e-18,-1.592859237974562303e-06
-5.007500000009459384e+00,1.388260504292343550e-18,-1.603952510324770126e-06
-5.005000000009466099e+00,-1.974680064310237661e-17,-1.615123040445604276e-06
-5.002500000009472814e+00,-4.999595269196944347e-18,-1.626371366300015579e-06
-5.000000000009480416e+00,-3.751198201669562469e-18,-1.637698029740213997e-06
-4.997500000009486243e+00,-8.443085396906111307e-18,-1.649103576341754148e-06
-4.995000000009493846e+00,1.019520116968303986e-17,-1.660588555370099315e-06
-4.992500000009499672e+00,-2.030736184528092978e-17,-1.672153520262940002e-06
-4.990000000009507275e+00,7.711661660851058813e-18,-1.683799027815045007e-06
-4.987500000009513101e+00,1.266853238992700576e-17,-1.695525639093989369e-06
-4.985000000009520704e+00,3.995378162674234635e-18,-1.707333918938104184e-06
-4.982500000009526531e+00,8.306542877152649767e-18,-1.719224436079702740e-06
-4.980000000009534133e+00,1.187038192131658967e-18,-1.731197763173126205e-06
-4.977500000009539960e+00,-8.145091038616985846e-18,-1.743254477102072801e-06
-4.975000000009547563e+00,3.108042805129450254e-18,-1.755395158480665331e-06
-4.972500000009553389e+00,-1.788651844080316483e-17,-1.767620392164496857e-06
-4.970000000009560992e+00,-6.695646465719911902e-18,-1.779930767016240593e-06
-4.967500000009566818e+00,-5.344592117822875156e-18,-1.792326875936114293e-06
-4.965000000009574421e+00,5.509873353465440959e-19,-1.804809316062955915e-06
-4.962500000009580248e+00,2.113279505393851218e-18,-1.817378688637826123e-06
-4.960000000009587851e+00,-1.446541565331128147e-17,-1.830035598908169046e-06
-4.957500000009594565e+00,-1.354819052618672586e-18,-1.842780656755057966e-06
-4.955000000009601280e+00,-4.992740431383851065e-19,-1.855614475996014990e-06
-4.952500000009607994e+00,5.906789513071330979e-18,-1.868537674749417967e-06
-4.950000000009614709e+00,6.926633483781032506e-18,-1.881550875592632433e-06
-4.947500000009620535e+00,1.303774091521297374e-17,-1.894654705151869787e-06
-4.945000000009628138e+00,4.854674598795451594e-18,-1.907849794747783312e-06
-4.942500000009633965e+00,1.422789938956614224e-17,-1.921136779950939563e-06
-4.940000000009641568e+00,2.926191902967048292e-18,-1.934516300711344317e-06
-4.937500000009648282e+00,5.896653541722565118e-19,-1.947989001485709488e-06
-4.935000000009654997e+00,-4.841098218555119046e-19,-1.961555531179672773e-06
-4.932500000009661711e+00,3.830747807453562632e-18,-1.975216543406093146e-06
-4.930000000009668426e+00,-3.373405466479703645e-19,-1.988972695934562034e-06
-4.927500000009675141e+00,2.043951411198245151e-18,-2.002824651573973951e-06
-4.925000000009681855e+00,4.316846235870401261e-18,-2.016773077453412043e-06
-4.922500000009687682e+00,7.625812334424631018e-18,-2.030818645418555274e-06
-4.920000000009695285e+00,1.483128223978029195e-17,-2.044962032020045698e-06
-4.917500000009701999e+00,2.021877814334569983e-17,-2.059203918477171922e-06
-4.915000000009708714e+00,3.628054829017345071e-18,-2.073544990862187710e-06
-4.912500000009715428e+00,1.441651649161964011e-17,-2.087985939764465112e-06
-4.910000000009722143e+00,-6.201156413869480307e-18,-2.102527460958740359e-06
-4.907500000009728858e+00,9.261024592455457827e-18,-2.117170254700249463e-06
-4.905000000009735572e+00,5.859791585765458860e-18,-2.131915026465618197e-06
-4.902500000009742287e+00,1.085434334758737427e-17,-2.146762486316358341e-06
-4.900000000009749002e+00,-5.044072044753324639e-18,-2.161713349455054499e-06
-4.897500000009756604e+00,1.210157855575497942e-17,-2.176768336073674901e-06
-4.895000000009762431e+00,5.082659333588552183e-18,-2.191928171209460180e-06
-4.892500000009769145e+00,1.563056120013497580e-17,-2.207193585232414976e-06
-4.890000000009775860e+00,9.654070922042944591e-18,-2.222565313287859456e-06
-4.887500000009782575e+00,1.391842708057327501e-17,-2.238044095913421246e-06
-4.885000000009789289e+00,6.177821295208769916e-18,-2.253630678507489218e-06
-4.882500000009796004e+00,1.179593775569562679e-17,-2.269325812050348546e-06
-4.880000000009802719e+00,8.702802149744025472e-18,-2.285130252354946181e-06
-4.877500000009809433e+00,2.755421253825319821e-18,-2.301044760776123821e-06
-4.875000000009816148e+00,1.654900186371168083e-17,-2.317070103867573799e-06
-4.872500000009823751e+00,-3.796421653480203387e-18,-2.333207053408068310e-06
-4.870000000009829577e+00,1.042286638875197900e-17,-2.349456386647205688e-06
-4.867500000009837180e+00,9.839908511730727601e-18,-2.365818886513254506e-06
-4.865000000009843006e+00,1.299785553211785561e-17,-2.382295340889271173e-06
-4.862500000009849721e+00,1.205520284156378496e-17,-2.398886543541522155e-06
-4.860000000009856436e+00,1.777174173678854737e-17,-2.415593293579497936e-06
-4.857500000009863150e+00,2.404609754159999507e-17,-2.432416395726747140e-06
-4.855000000009869865e+00,1.861128544108320132e-17,-2.449356660301210122e-06
-4.852500000009877468e+00,1.664904548868702269e-17,-2.466414903307388858e-06
-4.850000000009883294e+00,7.319727361313488208e-18,-2.483591946267939853e-06
-4.847500000009890897e+00,1.208051227657457028e-17,-2.500888616690907680e-06
-4.845000000009896723e+00,5.925998789572316114e-18,-2.518305747668053489e-06
-4.842500000009904326e+00,4.968513827734994564e-18,-2.535844177995832482e-06
-4.840000000009910153e+00,9.562898477738098865e-18,-2.553504752637894234e-06
-4.837500000009916867e+00,1.151812668829005609e-17,-2.571288322177449213e-06
-4.835000000009923582e+00,9.061585277021909027e-18,-2.589195743142672576e-06
-4.832500000009931185e+00,1.253927414376272277e-17,-2.607227878091016561e-06
-4.830000000009937011e+00,4.149295826142444715e-18,-2.625385595671439035e-06
-4.827500000009944614e+00,9.355326599663897888e-18,-2.643669770380064975e-06
-4.825000000009950440e+00,4.249952576521657719e-18,-2.662081283025235091e-06
-4.822500000009958043e+00,1.237068380575130062e-17,-2.680621020334066643e-06
-4.820000000009963870e+00,-3.253404804856670085e-18,-2.699289875479862319e-06
-4.817500000009971473e+00,-3.809900799880769797e-18,-2.718088747554144005e-06
-4.815000000009977299e+00,2.023017580191738241e-17,-2.737018541982172007e-06
-4.812500000009984902e+00,1.133923452739941629e-17,-2.756080170636765940e-06
-4.810000000009990728e+00,1.067913728783089396e-18,-2.775274551623953308e-06
-4.807500000009998331e+00,5.712681691743161115e-18,-2.794602609581720137e-06
-4.805000000010004158e+00,-7.722263742338525013e-19,-2.814065275377433869e-06
-4.802500000010011760e+00,-8.263749089661675633e-18,-2.833663486512383753e-06
-4.800000000010017587e+00,-1.132946209803872555e-17,-2.853398187003929341e-06
-4.797500000010025190e+00,9.874598294594029164e-18,-2.873270327385404776e-06
-4.795000000010031016e+00,2.729826903017123419e-19,-2.893280864800191538e-06
-4.792500000010038619e+00,-1.116590912988314261e-17,-2.913430763123800031e-06
-4.790000000010045333e+00,2.877034059985541508e-18,-2.933720992911980350e-06
-4.787500000010052048e+00,2.216750402705715375e-18,-2.954152531573039695e-06
-4.785000000010058763e+00,-6.908850154009581102e-18,-2.974726363082187287e-06
-4.782500000010065477e+00,8.194846349794022074e-19,-2.995443478656110561e-06
-4.780000000010071304e+00,2.974272636168095383e-18,-3.016304875857869284e-06
-4.777500000010078907e+00,6.875167160479232109e-18,-3.037311559775175141e-06
-4.775000000010084733e+00,1.333922559807264810e-17,-3.058464542106832392e-06
-4.772500000010092336e+00,-2.795040601919817864e-18,-3.079764841765993469e-06
-4.770000000010099050e+00,6.433759519635801928e-18,-3.101213484770369954e-06
-4.767500000010105765e+00,-8.909859959710812191e-18,-3.122811504124561911e-06
-4.765000000010112480e+00,1.802463361491389673e-18,-3.144559940310971930e-06
-4.762500000010119194e+00,-9.833297701823665782e-18,-3.166459840823568965e-06
-4.760000000010125909e+00,-6.511359128191822125e-18,-3.188512260388273181e-06
-4.757500000010132624e+00,2.277885076034848724e-18,-3.210718261429356010e-06
-4.755000000010139338e+00,1.590983731172135140e-17,-3.233078913385846448e-06
-4.752500000010146053e+00,-4.948723267768512875e-18,-3.255595293358355480e-06
-4.750000000010152768e+00,5.612425036141676634e-18,-3.278268485870206018e-06
-4.747500000010159482e+00,1.067731234014633729e-17,-3.301099582992343572e-06
-4.745000000010166197e+00,1.540069504294622493e-17,-3.324089684587520185e-06
-4.742500000010172911e+00,-7.126610062741742422e-18,-3.347239897824924644e-06
-4.740000000010179626e+00,-2.165318969363015875e-18,-3.370551337924912063e-06
-4.737500000010186341e+00,4.470920287683102326e-18,-3.394025127629865787e-06
-4.735000000010193055e+00,-1.158418669908212457e-18,-3.417662397633405923e-06
-4.732500000010199770e+00,-3.788818882325572723e-18,-3.441464286507017236e-06
-4.730000000010207373e+00,-2.540703200326182454e-18,-3.465431940691783374e-06
-4.727500000010213199e+00,1.803201926183646141e-17,-3.489566514630524430e-06
-4.725000000010219914e+00,-7.239322298251792757e-18,-3.513869170951255810e-06
-4.722500000010226628e+00,1.386319887637214795e-17,-3.538341079982353351e-06
-4.720000000010233343e+00,1.994331566991799061e-17,-3.562983420699300678e-06
-4.717500000010240058e+00,-2.784867819809454690e-18,-3.587797379851652348e-06
-4.715000000010246772e+00,-1.460579829749681225e-17,-3.612784152856057721e-06
-4.712500000010253487e+00,-2.517837325057651978e-18,-3.637944943146521044e-06
-4.710000000010261090e+00,1.258917341779935847e-17,-3.663280962632783494e-06
-4.707500000010266916e+00,2.397516651996526477e-18,-3.688793431765932657e-06
-4.705000000010274519e+00,2.847513122428171712e-18,-3.714483579315082292e-06
-4.702500000010280345e+00,1.317192798515775020e-17,-3.740352642630626783e-06
-4.700000000010287948e+00,-2.170356598892402027e-18,-3.766401867943752834e-06
-4.697500000010293775e+00,-6.970197492951954560e-19,-3.792632509835940617e-06
-4.695000000010300489e+00,-1.277093100471381123e-17,-3.819045831804526405e-06
-4.692500000010307204e+00,-3.027969770166791975e-18,-3.845643106153421762e-06
-4.690000000010313919e+00,-9.343940891944759498e-19,-3.872425613948604932e-06
-4.687500000010320633e+00,4.006623705881841732e-18,-3.899394645135295137e-06
-4.685000000010328236e+00,-1.162314710770308807e-17,-3.926551498895471214e-06
-4.682500000010334062e+00,-3.454255385281228615e-18,-3.953897483166967806e-06
-4.680000000010341665e+00,1.883340056341280113e-18,-3.981433915312422178e-06
-4.677500000010347492e+00,5.107965740777458991e-18,-4.009162121293300199e-06
-4.675000000010355095e+00,-6.491498820251516344e-18,-4.037083437133393094e-06
-4.672500000010360921e+00,2.238761364227140760e-18,-4.065199207435643273e-06
-4.670000000010368524e+00,-6.147483219401009088e-18,-4.093510786638649096e-06
-4.667500000010374350e+00,-4.063046672613776503e-18,-4.122019538303883260e-06
-4.665000000010381953e+00,-4.301959310803494376e-18,-4.150726835734224211e-06
-4.662500000010387780e+00,-1.934675520917324962e-17,-4.179634061532606237e-06
-4.660000000010395382e+00,2.219335353733694811e-18,-4.208742608100443301e-06
-4.657500000010401209e+00,6.388953507590807927e-18,-4.238053877570782049e-06
-4.655000000010408812e+00,6.154318927788559851e-18,-4.267569281758123575e-06
-4.652500000010414638e+00,-3.409623932147318476e-18,-4.297290242419843202e-06
-4.650000000010422241e+00,-3.058926934427982076e-18,-4.327218190974156464e-06
-4.647500000010428955e+00,1.035961190848867165e-18,-4.357354569000211588e-06
-4.645000000010435670e+00,4.196015663382220835e-18,-4.387700828190217740e-06
-4.642500000010442385e+00,-1.136663277877364398e-18,-4.418258430137413190e-06
-4.640000000010449099e+00,6.857576672606129819e-18,-4.449028846708581936e-06
-4.637500000010454926e+00,3.655637289213889584e-18,-4.480013560118442677e-06
-4.635000000010462529e+00,-6.354830766372343061e-18,-4.511214062661862736e-06
-4.632500000010468355e+00,5.810664507625312682e-18,-4.542631857320193039e-06
-4.630000000010475958e+00,7.851079959545545022e-19,-4.574268457263971689e-06
-4.627500000010481784e+00,5.427354454316578848e-18,-4.606125386484688569e-06
-4.625000000010489387e+00,9.424661165555827474e-19,-4.638204179373457601e-06
-4.622500000010496102e+00,-1.116108188332612377e-18,-4.670506381047032105e-06
-4.620000000010502816e+00,-3.684597365336605631e-18,-4.703033547492619482e-06
-4.617500000010509531e+00,-2.183197275672817815e-18,-4.735787245295782042e-06
-4.615000000010516246e+00,9.240804052789949117e-20,-4.768769052234531513e-06
-4.612500000010522072e+00,9.914237196833902603e-18,-4.801980556893736777e-06
-4.610000000010529675e+00,7.216954959948313079e-21,-4.835423358953306500e-06
-4.607500000010535501e+00,3.300866240839285144e-18,-4.869099069319008287e-06
-4.605000000010543104e+00,7.203896634109691162e-18,-4.903009309965861608e-06
-4.602500000010549819e+00,-3.604755866205135409e-18,-4.937155714332024213e-06
-4.600000000010556533e+00,3.185331686074302381e-18,-4.971539927128717093e-06
-4.597500000010563248e+00,5.436785456050056398e-18,-5.006163604562516413e-06
-4.595000000010569963e+00,4.085773387188849268e-18,-5.041028414314588507e-06
-4.592500000010576677e+00,2.197915738399900235e-18,-5.076136035709706825e-06
-4.590000000010583392e+00,3.589865101962582156e-18,-5.111488159816797291e-06
-4.587500000010590107e+00,5.839484919920915301e-18,-5.147086489376761774e-06
-4.585000000010596821e+00,-1.024389596361915897e-17,-5.182932739162964301e-06
-4.582500000010603536e+00,3.218111684050804508e-18,-5.219028635745552610e-06
-4.580000000010610250e+00,-1.502997428387758690e-18,-5.255375917795547213e-06
-4.577500000010616965e+00,-4.008494921420060719e-18,-5.291976335959817637e-06
-4.575000000010623680e+00,-1.847324816518289226e-18,-5.328831653130453304e-06
-4.572500000010630394e+00,-1.510432147797253382e-17,-5.365943644704662037e-06
-4.570000000010637109e+00,-3.888262322433937748e-18,-5.403314098214177897e-06
-4.567500000010643824e+00,-2.015619567634812564e-17,-5.440944813577523691e-06
-4.565000000010650538e+00,-1.426826258663391602e-17,-5.478837603488450116e-06
-4.562500000010658141e+00,-9.275208493308520735e-18,-5.516994293033943383e-06
-4.560000000010663967e+00,-1.747137068523934466e-17,-5.555416720133155993e-06
-4.557500000010671570e+00,-1.054089366310053585e-17,-5.594106735535863447e-06
-4.555000000010677397e+00,-8.456688299064877822e-18,-5.633066202740432490e-06
-4.552500000010684111e+00,-2.104095220202679664e-18,-5.672296998446375570e-06
-4.550000000010690826e+00,-1.476406487258354098e-17,-5.711801012074873436e-06
-4.547500000010697541e+00,-1.032080284192397027e-17,-5.751580146574241642e-06
-4.545000000010704255e+00,-1.012437422149095408e-17,-5.791636317992547364e-06
-4.542500000010711858e+00,-1.318529896086449413e-17,-5.831971455647897752e-06
-4.540000000010717685e+00,-2.015498810315098427e-17,-5.872587502371560409e-06
-4.537500000010725287e+00,-1.221534886001539898e-17,-5.913486414563014604e-06
-4.535000000010731114e+00,-1.907090310263796749e-17,-5.954670162199000970e-06
-4.532500000010738717e+00,-1.617118417681033520e-17,-5.996140728894602745e-06
-4.530000000010744543e+00,-1.876518267898410323e-18,-6.037900112316887537e-06
-4.527500000010751258e+00,-6.937770144622021695e-18,-6.079950323783284108e-06
-4.525000000010757972e+00,4.108629999628980412e-19,-6.122293388813504809e-06
-4.522500000010765575e+00,-8.859580881731202312e-19,-6.164931346824982179e-06
-4.520000000010771402e+00,1.016111601424783760e-17,-6.207866251698618343e-06
-4.517500000010779004e+00,-3.287246497685883612e-18,-6.251100171400373042e-06
-4.515000000010784831e+00,-5.091189286627752998e-18,-6.294635188410445066e-06
-4.512500000010792434e+00,9.889616268451371350e-19,-6.338473399719615608e-06
-4.510000000010798260e+00,-1.268600222953673954e-17,-6.382616916777769843e-06
-4.507500000010805863e+00,8.432996631066902957e-19,-6.427067865934655597e-06
-4.505000000010811689e+00,-5.949046906624922667e-18,-6.471828388327419400e-06
-4.502500000010819292e+00,6.886731480934891827e-18,-6.516900639818421562e-06
-4.500000000010825119e+00,4.695456643562219851e-18,-6.562286791418024193e-06
-4.497500000010832721e+00,-7.642363588772328973e-19,-6.607989029361347641e-06
-4.495000000010838548e+00,-7.584308518656281971e-19,-6.654009554858549930e-06
-4.492500000010846151e+00,-2.891830099156253089e-18,-6.700350584655834465e-06
-4.490000000010851977e+00,-3.731887294473081352e-19,-6.747014350801079412e-06
-4.487500000010859580e+00,-1.325246502118454002e-19,-6.794003100981504832e-06
-4.485000000010865406e+00,5.551639096523870213e-18,-6.841319098589679426e-06
-4.482500000010873009e+00,-1.223466686281399671e-18,-6.888964622531383808e-06
-4.480000000010879724e+00,-1.239415196485189197e-18,-6.936941967929593148e-06
-4.477500000010886438e+00,1.382495171122389895e-18,-6.985253445614465924e-06
-4.475000000010893153e+00,1.270704336717030445e-18,-7.033901382647033054e-06
-4.472500000010899868e+00,-4.167590465378621361e-18,-7.082888122255986367e-06
-4.470000000010905694e+00,8.397857927232529115e-19,-7.132216023917672401e-06
-4.467500000010913297e+00,-7.257075968287752177e-18,-7.181887463748828535e-06
-4.465000000010919123e+00,-3.396997606189632046e-18,-7.231904834184070972e-06
-4.462500000010926726e+00,-4.814338085843694836e-18,-7.282270544385632516e-06
-4.460000000010933441e+00,6.520952133405365694e-20,-7.332987020466322829e-06
-4.457500000010940155e+00,-2.484107051438797168e-18,-7.384056705066382950e-06
-4.455000000010946870e+00,-4.793620487875921697e-18,-7.435482058264533612e-06
-4.452500000010953585e+00,-7.746664705921771795e-18,-7.487265557008843632e-06
-4.450000000010960299e+00,-5.707345491860181686e-18,-7.539409695509351712e-06
-4.447500000010967014e+00,-3.972150623785396074e-18,-7.591916985419466166e-06
-4.445000000010973729e+00,-3.075389799122918439e-18,-7.644789955911350000e-06
-4.442500000010980443e+00,-1.827085633427926806e-18,-7.698031153697632917e-06
-4.440000000010986270e+00,-1.743546259525619999e-18,-7.751643143192384839e-06
-4.437500000010993872e+00,-1.163722232971394410e-18,-7.805628506850190821e-06
-4.435000000011000587e+00,2.512395519398804656e-18,-7.859989844867850612e-06
-4.432500000011007302e+00,6.626560360737319853e-19,-7.914729775737633472e-06
-4.430000000011014016e+00,1.600628572559402788e-19,-7.969850936098239332e-06
-4.427500000011020731e+00,4.401571277078153930e-18,-8.025355981012750967e-06
-4.425000000011027446e+00,-5.448673325735509972e-19,-8.081247583970258604e-06
-4.422500000011034160e+00,-1.851827084715518727e-18,-8.137528437139268460e-06
-4.420000000011040875e+00,-4.458801410253942344e-18,-8.194201251383481275e-06
-4.417500000011047590e+00,2.761079329550955827e-18,-8.251268756326341302e-06
-4.415000000011054304e+00,6.981418176973891479e-18,-8.308733700989626308e-06
-4.412500000011061019e+00,1.147556482189136476e-17,-8.366598853151737102e-06
-4.410000000011067733e+00,-9.417822642295198725e-19,-8.424867000072693371e-06
-4.407500000011074448e+00,-8.298148436117499419e-19,-8.483540948300939008e-06
-4.405000000011081163e+00,-3.926568182545326042e-18,-8.542623523919910022e-06
-4.402500000011087877e+00,-4.493057922019060430e-18,-8.602117573048454824e-06
-4.400000000011094592e+00,2.970017994654578226e-19,-8.662025960984621139e-06
-4.397500000011101307e+00,2.044121973357768885e-18,-8.722351573606518051e-06
-4.395000000011108909e+00,2.791044470409883545e-19,-8.783097316487647698e-06
-4.392500000011114736e+00,5.374555047223938110e-18,-8.844266115582719042e-06
-4.390000000011122339e+00,2.074090472189414081e-18,-8.905860917232567440e-06
-4.387500000011128165e+00,-2.616556666341288224e-18,-8.967884688359349998e-06
-4.385000000011134880e+00,5.780657635088375871e-18,-9.030340416333776545e-06
-4.382500000011141594e+00,8.110171932162259275e-18,-9.093231109581495435e-06
-4.380000000011148309e+00,7.741560577753708918e-18,-9.156559797306252691e-06
-4.377500000011155024e+00,6.769052495976929312e-18,-9.220329529836374219e-06
-4.375000000011162626e+00,5.837019905785982024e-19,-9.284543378799227486e-06
-4.372500000011168453e+00,4.569864587098769875e-18,-9.349204437245289831e-06
-4.370000000011176056e+00,1.254769927288695745e-18,-9.414315819611671830e-06
-4.367500000011181882e+00,3.882632113904796518e-18,-9.479880662242259908e-06
-4.365000000011189485e+00,9.648188828584502333e-19,-9.545902123027715473e-06
-4.362500000011195311e+00,2.598798736266775415e-18,-9.612383382233566514e-06
-4.360000000011202914e+00,3.643478943981689962e-18,-9.679327641977579800e-06
-4.357500000011208741e+00,1.120721708467048027e-17,-9.746738126773549262e-06
-4.355000000011216343e+00,5.198941096938414430e-19,-9.814618083589287249e-06
-4.352500000011222170e+00,7.393793488868366040e-19,-9.882970782009168462e-06
-4.350000000011229773e+00,5.808094752046818826e-18,-9.951799514343815636e-06
-4.347500000011235599e+00,5.123344658242331515e-18,-1.002110759593730653e-05
-4.345000000011243202e+00,8.078800701961335004e-18,-1.009089836508354807e-05
-4.342500000011249028e+00,-2.982579762749574273e-18,-1.016117518343050586e-05
-4.340000000011256631e+00,-2.422980420018662024e-18,-1.023194143606254596e-05
-4.337500000011262458e+00,7.239347127935974639e-18,-1.030320053157327466e-05
-4.335000000011270060e+00,1.284363338187891838e-17,-1.037495590224625969e-05
-4.332500000011276775e+00,-8.094786891804985531e-18,-1.044721100435558804e-05
-4.330000000011283490e+00,1.984767397667464087e-19,-1.051996931821266620e-05
-4.327500000011289316e+00,-1.886634077943140587e-18,-1.059323434839208154e-05
-4.325000000011296919e+00,6.376298197685216317e-18,-1.066700962381553981e-05
-4.322500000011302745e+00,2.309109045580665582e-18,-1.074129869798543962e-05
-4.320000000011310348e+00,-1.070671529384240242e-18,-1.081610514939128901e-05
-4.317500000011316175e+00,5.465989559881186933e-18,-1.089143258096180723e-05
-4.315000000011323777e+00,9.761144968740627808e-18,-1.096728462116234574e-05
-4.312500000011330492e+00,8.792239284750264083e-18,-1.104366492363353380e-05
-4.310000000011337207e+00,3.820615483191463796e-18,-1.112057716729028471e-05
-4.307500000011343921e+00,9.525722534816757275e-18,-1.119802505675046910e-05
-4.305000000011350636e+00,8.071136414409342166e-18,-1.127601232250947987e-05
-4.302500000011356462e+00,7.852546234510606504e-18,-1.135454272098538249e-05
-4.300000000011364065e+00,5.201473096928324447e-18,-1.143362003480482756e-05
-4.297500000011369892e+00,1.820465485032943539e-18,-1.151324807277933050e-05
-4.295000000011377495e+00,7.736890799363985256e-18,-1.159343067040688108e-05
-4.292500000011384209e+00,6.872664283378830891e-18,-1.167417168989516228e-05
-4.290000000011390924e+00,4.584177786818425986e-18,-1.175547502024411061e-05
-4.287500000011397638e+00,-1.894378288196795961e-18,-1.183734457758817837e-05
-4.285000000011404353e+00,3.913960715417759666e-18,-1.191978430544584249e-05
-4.282500000011411068e+00,6.064593488701291017e-18,-1.200279817466876050e-05
-4.280000000011417782e+00,1.423513025357939560e-18,-1.208639018359712655e-05
-4.277500000011424497e+00,3.491532995381944645e-18,-1.217056435887888613e-05
-4.275000000011431212e+00,-1.256672758899482917e-18,-1.225532475476832327e-05
-4.272500000011437926e+00,5.282483116784949833e-18,-1.234067545408020424e-05
-4.270000000011444641e+00,7.261364105454447777e-18,-1.242662056774653537e-05
-4.267500000011451355e+00,3.100385204523879292e-19,-1.251316423556397811e-05
-4.265000000011458070e+00,4.909870745844583887e-18,-1.260031062608813091e-05
-4.262500000011464785e+00,3.107483224132184646e-18,-1.268806393693457990e-05
-4.260000000011464394e+00,6.091134419149797583e-18,-1.277642839488338893e-05
-4.257500000011464891e+00,7.769962895969618918e-18,-1.286540825625935469e-05
-4.255000000011464500e+00,9.960945097907209710e-18,-1.295500780690084939e-05
-4.252500000011464110e+00,7.332068434174274099e-18,-1.304523136260027287e-05
-4.250000000011464607e+00,6.391275696147235420e-18,-1.313608326912385451e-05
-4.247500000011463328e+00,4.903262570701963456e-18,-1.322756790250570749e-05
-4.245000000011463825e+00,8.374021364682536418e-18,-1.331968966933349237e-05
-4.242500000011462546e+00,6.278617353748559877e-18,-1.341245300692387145e-05
-4.240000000011463044e+00,7.380029710251686887e-18,-1.350586238324973852e-05
-4.237500000011462653e+00,5.239919830437169913e-18,-1.359992229773195071e-05
-4.235000000011462262e+00,2.039903597440305135e-18,-1.369463728090044754e-05
-4.232500000011462760e+00,4.088369890604560427e-18,-1.379001189495671466e-05
-4.230000000011462369e+00,7.114656054360741902e-18,-1.388605073365925488e-05
-4.227500000011461978e+00,7.246026440338039868e-18,-1.398275842300302882e-05
-4.225000000011462475e+00,1.564525825526581701e-18,-1.408013962123599072e-05
-4.222500000011461196e+00,1.113840352580830694e-17,-1.417819901875630606e-05
-4.220000000011461694e+00,7.284914669539343654e-18,-1.427694133884639373e-05
-4.217500000011460415e+00,2.879118028152592221e-18,-1.437637133773876584e-05
-4.215000000011460912e+00,6.872294886271147562e-18,-1.447649380450880526e-05
-4.212500000011460521e+00,1.074514041332068629e-19,-1.457731356195153281e-05
-4.210000000011460131e+00,8.206939672311618420e-18,-1.467883546609441588e-05
-4.207500000011460628e+00,8.605998413061286928e-18,-1.478106440712005843e-05
-4.205000000011460237e+00,4.852779705428035705e-18,-1.488400530895113786e-05
-4.202500000011459846e+00,8.061956240806068924e-18,-1.498766313006379213e-05
-4.200000000011460344e+00,1.194991126561116843e-17,-1.509204286324510067e-05
-4.197500000011452848e+00,1.513986412685588987e-17,-1.519714953616184159e-05
-4.195000000011446240e+00,1.893106433622495391e-18,-1.530298821159328175e-05
-4.192500000011438743e+00,1.190394897881975592e-17,-1.540956398745275916e-05
-4.190000000011432135e+00,5.716129379264980400e-18,-1.551688199710613350e-05
-4.187500000011424639e+00,6.362065197472636446e-18,-1.562494740987784592e-05
-4.185000000011418031e+00,7.772231869625464250e-18,-1.573376543093993064e-05
-4.182500000011409647e+00,1.474351845699295165e-17,-1.584334130165397571e-05
-4.180000000011403039e+00,5.136033036340967936e-18,-1.595368030009990196e-05
-4.177500000011395542e+00,1.682693124019970822e-17,-1.606478774082577656e-05
-4.175000000011388046e+00,8.763371617952430011e-18,-1.617666897562033756e-05
-4.172500000011381438e+00,1.112767938666696041e-17,-1.628932939352223673e-05
-4.170000000011373942e+00,7.919482335963503966e-18,-1.640277442100924638e-05
-4.167500000011367334e+00,1.104315223746530424e-17,-1.651700952241689694e-05
-4.165000000011359838e+00,1.263274277231084389e-17,-1.663204020012434644e-05
-4.162500000011353229e+00,1.288869561691029829e-17,-1.674787199484673568e-05
-4.160000000011345733e+00,8.072204126695833501e-18,-1.686451048578766767e-05
-4.157500000011339125e+00,-1.755843380260129659e-18,-1.698196129107855349e-05
-4.155000000011331629e+00,2.037539924738487160e-18,-1.710023006806712863e-05
-4.152500000011324133e+00,2.867730075903346727e-18,-1.721932251338646245e-05
-4.150000000011316637e+00,6.649234024360540507e-18,-1.733924436338861536e-05
-4.147500000011309140e+00,5.907754839389972623e-18,-1.746000139431409622e-05
-4.145000000011302532e+00,1.369619241215539296e-18,-1.758159942264688432e-05
-4.142500000011295036e+00,6.885315103785082400e-18,-1.770404430552671761e-05
-4.140000000011288428e+00,5.251991329691973851e-18,-1.782734194071873505e-05
-4.137500000011280932e+00,1.112213867015018288e-17,-1.795149826709822676e-05
-4.135000000011274324e+00,1.200236518159409820e-17,-1.807651926488543494e-05
-4.132500000011266827e+00,3.506646858355637642e-18,-1.820241095605518243e-05
-4.130000000011260219e+00,3.408055827677332232e-18,-1.832917940436396754e-05
-4.127500000011252723e+00,8.350141287302117066e-18,-1.845683071586446211e-05
-4.125000000011246115e+00,5.814028147399832876e-18,-1.858537103920650287e-05
-4.122500000011238619e+00,4.098160249508635215e-18,-1.871480656583613073e-05
-4.120000000011230235e+00,2.558720318889354165e-18,-1.884514353023862139e-05
-4.117500000011223626e+00,1.091841385569735670e-17,-1.897638821034692809e-05
-4.115000000011216130e+00,7.711203058731872598e-18,-1.910854692788813158e-05
-4.112500000011209522e+00,-1.118182973222072052e-18,-1.924162604842723852e-05
-4.110000000011202026e+00,7.924570908085471513e-18,-1.937563198218428029e-05
-4.107500000011195418e+00,4.892466683190679320e-18,-1.951057118374838515e-05
-4.105000000011187922e+00,-4.796597914028794858e-20,-1.964645015278097823e-05
-4.102500000011181314e+00,7.888354398224802370e-18,-1.978327543409654778e-05
-4.100000000011173817e+00,1.171844856574858685e-17,-1.992105361826934445e-05
-4.097500000011167209e+00,8.923618298625369233e-18,-2.005979134165228358e-05
-4.095000000011159713e+00,1.390096348470285800e-17,-2.019949528679787661e-05
-4.092500000011152217e+00,1.005562550555020937e-17,-2.034017218289723466e-05
-4.090000000011144721e+00,1.033570097614550635e-17,-2.048182880587777211e-05
-4.087500000011137224e+00,1.332300239559615299e-17,-2.062447197893166028e-05
-4.085000000011130616e+00,9.705000286376755871e-18,-2.076810857279382701e-05
-4.082500000011123120e+00,5.021328187511224720e-18,-2.091274550599107928e-05
-4.080000000011116512e+00,1.615179583073670041e-17,-2.105838974528380370e-05
-4.077500000011109016e+00,1.301509232933607145e-17,-2.120504830596425092e-05
-4.075000000011102408e+00,8.732989190267688678e-18,-2.135272825212033217e-05
-4.072500000011094912e+00,6.000390700667290944e-18,-2.150143669703727210e-05
-4.070000000011088304e+00,1.895270625988820015e-17,-2.165118080360233470e-05
-4.067500000011080807e+00,1.681837985350591096e-17,-2.180196778454317156e-05
-4.065000000011074199e+00,1.508154146193929633e-17,-2.195380490281784332e-05
-4.062500000011066703e+00,7.980650914910313743e-18,-2.210669947208618330e-05
-4.060000000011059207e+00,5.434192284257658642e-18,-2.226065885664661563e-05
-4.057500000011051711e+00,9.309020466076701091e-18,-2.241569047241386508e-05
-4.055000000011044214e+00,1.118603365647274094e-17,-2.257180178674583364e-05
-4.052500000011037606e+00,1.570697244064969853e-17,-2.272900031900361469e-05
-4.050000000011030110e+00,1.073986061101947300e-17,-2.288729364115758914e-05
-4.047500000011023502e+00,1.849563328714644773e-17,-2.304668937772066901e-05
-4.045000000011016006e+00,1.833402756362861707e-17,-2.320719520626739993e-05
-4.042500000011009398e+00,1.283508792534678308e-17,-2.336881885770061048e-05
-4.040000000011001902e+00,1.501953921666512224e-17,-2.353156811726120421e-05
-4.037500000010995294e+00,1.548468288138194655e-17,-2.369545082393674770e-05
-4.035000000010987797e+00,2.073242497755617468e-17,-2.386047487156085829e-05
-4.032500000010980301e+00,8.787170495150202069e-18,-2.402664820883208962e-05
-4.030000000010973693e+00,9.851278679770607212e-18,-2.419397883979803118e-05
-4.027500000010965309e+00,5.716407661520534589e-18,-2.436247482436733303e-05
-4.025000000010958701e+00,1.714749807710339128e-17,-2.453214427839310125e-05
-4.022500000010951204e+00,-2.682950760036224379e-18,-2.470299537452426428e-05
-4.020000000010944596e+00,-4.227160791978364504e-18,-2.487503634200239686e-05
-4.017500000010937100e+00,1.587361801335232642e-17,-2.504827546764577920e-05
-4.015000000010930492e+00,1.651345328506618659e-18,-2.522272109579575263e-05
-4.012500000010922996e+00,5.927082021172684803e-18,-2.539838162907600338e-05
-4.010000000010916388e+00,1.472186144528492938e-17,-2.557526552844101623e-05
-4.007500000010908892e+00,8.093344273004506222e-18,-2.575338131395957320e-05
-4.005000000010901395e+00,1.287247128471014373e-17,-2.593273756493240647e-05
-4.002500000010894787e+00,-7.906937714733688528e-19,-2.611334292038957266e-05
-4.000000000010887291e+00,5.983363996663057439e-18,-2.629520607956713256e-05
-3.997500000010880683e+00,3.750327371595094825e-18,-2.647833580233002382e-05
-3.995000000010872299e+00,-4.378048018447964856e-19,-2.666274090944815642e-05
-3.992500000010865691e+00,-1.285657304871583664e-18,-2.684843028325483848e-05
-3.990000000010858194e+00,1.236268967674921409e-17,-2.703541286784940013e-05
-3.987500000010851586e+00,9.691893325672909297e-19,-2.722369766952745910e-05
-3.985000000010844090e+00,8.062619198745080783e-18,-2.741329375753291997e-05
-3.982500000010837482e+00,1.609764261964387784e-18,-2.760421026417857475e-05
-3.980000000010829986e+00,2.692010593211909988e-18,-2.779645638528261279e-05
-3.977500000010822490e+00,1.019057251488139938e-17,-2.799004138073562807e-05
-3.975000000010815882e+00,2.124795443534116726e-18,-2.818497457513313592e-05
-3.972500000010808385e+00,-5.297042817300401577e-18,-2.838126535768542845e-05
-3.970000000010801777e+00,-5.141989951848106314e-18,-2.857892318328654363e-05
-3.967500000010794281e+00,5.775994692630522640e-18,-2.877795757244443252e-05
-3.965000000010786785e+00,7.363824027518495257e-19,-2.897837811209261335e-05
-3.962500000010779289e+00,7.993238907925017370e-18,-2.918019445587580459e-05
-3.960000000010772681e+00,1.564807305460126490e-17,-2.938341632466692335e-05
-3.957500000010765184e+00,1.704012219651678626e-17,-2.958805350712658114e-05
-3.955000000010758576e+00,1.793461973359174948e-17,-2.979411586004814138e-05
-3.952500000010751080e+00,1.641411414733339622e-17,-3.000161330883149204e-05
-3.950000000010743584e+00,6.435296716273285451e-18,-3.021055584802026441e-05
-3.947500000010736976e+00,9.706953515566311457e-19,-3.042095354183605341e-05
-3.945000000010729480e+00,9.774515382455339405e-18,-3.063281652439788720e-05
-3.942500000010722871e+00,1.569708270970016377e-18,-3.084615500067185953e-05
-3.940000000010715375e+00,9.965189585588884157e-18,-3.106097924640443441e-05
-3.937500000010708767e+00,1.743609084923639412e-17,-3.127729960915196037e-05
-3.935000000010701271e+00,5.218931609197160272e-18,-3.149512650835193311e-05
-3.932500000010693775e+00,5.865012877422673176e-18,-3.171447043622099268e-05
-3.930000000010686279e+00,1.543312470890648034e-17,-3.193534195785100414e-05
-3.927500000010679670e+00,5.249102316984664026e-18,-3.215775171194500045e-05
-3.925000000010672174e+00,1.547271889482334880e-17,-3.238171041141099996e-05
-3.922500000010664678e+00,1.840361173653886027e-17,-3.260722884363058367e-05
-3.920000000010658070e+00,1.011451562544600827e-17,-3.283431787120251558e-05
-3.917500000010650574e+00,1.963391336701108946e-17,-3.306298843220082349e-05
-3.915000000010643966e+00,2.804450346064600313e-17,-3.329325154123994630e-05
-3.912500000010636469e+00,2.287643062317276561e-18,-3.352511828935104688e-05
-3.910000000010629861e+00,1.060803621969637414e-17,-3.375859984488351940e-05
-3.907500000010622365e+00,7.765078539906859358e-18,-3.399370745385828338e-05
-3.905000000010615757e+00,1.529170528821281765e-17,-3.423045244082105080e-05
-3.902500000010607373e+00,5.062580497179778945e-18,-3.446884620909739145e-05
-3.900000000010600765e+00,9.502086295340272650e-18,-3.470890024132760373e-05
-3.897500000010593268e+00,1.965900210644148777e-17,-3.495062610038918095e-05
-3.895000000010585772e+00,4.850391146666498398e-18,-3.519403542930848956e-05
-3.892500000010579164e+00,2.424499272727260619e-17,-3.543913995260717200e-05
-3.890000000010571668e+00,1.640501547247257805e-17,-3.568595147607180122e-05
-3.887500000010565060e+00,2.646482520755167352e-17,-3.593448188801045743e-05
-3.885000000010557564e+00,2.436745869513647786e-17,-3.618474315940194819e-05
-3.882500000010550956e+00,9.559899376568897573e-18,-3.643674734449021550e-05
-3.880000000010543459e+00,1.676947199335727485e-17,-3.669050658179470379e-05
-3.877500000010536851e+00,7.485518393106977850e-18,-3.694603309402080479e-05
-3.875000000010529355e+00,1.937611808483981189e-17,-3.720333918916609618e-05
-3.872500000010522747e+00,2.270090836898587492e-17,-3.746243726078842407e-05
-3.870000000010514363e+00,1.210576212889492536e-17,-3.772333978911450653e-05
-3.867500000010506866e+00,1.830965803742842952e-17,-3.798605934097526769e-05
-3.865000000010500258e+00,1.643151924977457164e-17,-3.825060857070212056e-05
-3.862500000010492762e+00,1.894126802359144284e-17,-3.851700022103041242e-05
-3.860000000010486154e+00,1.078340266970001551e-17,-3.878524712313867966e-05
-3.857500000010478658e+00,1.675882777485778720e-17,-3.905536219778238448e-05
-3.855000000010472050e+00,1.979020340955729624e-17,-3.932735845548282353e-05
-3.852500000010464554e+00,1.853565710020860338e-17,-3.960124899771581331e-05
-3.850000000010457946e+00,2.994864729871304519e-17,-3.987704701685730390e-05
-3.847500000010450449e+00,3.688817387767851417e-17,-4.015476579726936325e-05
-3.845000000010443841e+00,8.132500150730037137e-18,-4.043441871595868770e-05
-3.842500000010436345e+00,1.051739058821315970e-17,-4.071601924290367194e-05
-3.840000000010428849e+00,3.414578554569749419e-17,-4.099958094203708916e-05
-3.837500000010421353e+00,4.191569103304335500e-17,-4.128511747167683781e-05
-3.835000000010413856e+00,2.939923991791937606e-17,-4.157264258530100383e-05
-3.832500000010407248e+00,2.564719503538211056e-17,-4.186217013216086860e-05
-3.830000000010399752e+00,3.383726892567027371e-17,-4.215371405786543619e-05
-3.827500000010393144e+00,2.302574863265290936e-17,-4.244728840543301459e-05
-3.825000000010385648e+00,2.017441922561447568e-17,-4.274290731533893418e-05
-3.822500000010379040e+00,2.237537390842667105e-17,-4.304058502662189470e-05
-3.820000000010371544e+00,2.379011384894918229e-17,-4.334033587771928209e-05
-3.817500000010364936e+00,3.097081935778820875e-17,-4.364217430668762738e-05
-3.815000000010357439e+00,2.926428558659770750e-17,-4.394611485220269517e-05
-3.812500000010350831e+00,2.293958630130484182e-17,-4.425217215413027537e-05
-3.810000000010343335e+00,1.617210422608381453e-17,-4.456036095447111963e-05
-3.807500000010334951e+00,4.079577560849019624e-17,-4.487069609776599924e-05
-3.805000000010328343e+00,3.215727468619764518e-17,-4.518319253190367974e-05
-3.802500000010320846e+00,4.452866693164071141e-17,-4.549786530896125889e-05
-3.800000000010314238e+00,2.011420939660355858e-17,-4.581472958585664629e-05
-3.797500000010306742e+00,1.765926063993586160e-17,-4.613380062488234328e-05
-3.795000000010300134e+00,3.345216505269667112e-17,-4.645509379490007782e-05
-3.792500000010292638e+00,3.811730172050831188e-17,-4.677862457157328457e-05
-3.790000000010286030e+00,2.129631145635581074e-17,-4.710440853847047032e-05
-3.787500000010278534e+00,3.761366049736245630e-17,-4.743246138769311614e-05
-3.785000000010271926e+00,2.971002504533196737e-17,-4.776279892053557705e-05
-3.782500000010264429e+00,3.947139957592806589e-17,-4.809543704844503455e-05
-3.780000000010256933e+00,4.028279256778783537e-17,-4.843039179358572230e-05
-3.777500000010249437e+00,3.501242967621273269e-17,-4.876767928978235136e-05
-3.775000000010241941e+00,3.823470938225359168e-17,-4.910731578312336028e-05
-3.772500000010235333e+00,4.192141498738219120e-17,-4.944931763304984715e-05
-3.770000000010227836e+00,3.838923343716428652e-17,-4.979370131270438447e-05
-3.767500000010221228e+00,3.972947741762554398e-17,-5.014048341008461710e-05
-3.765000000010213732e+00,2.728872864223478071e-17,-5.048968062865681226e-05
-3.762500000010207124e+00,2.433834499408324174e-17,-5.084130978820516249e-05
-3.760000000010199628e+00,5.254439219540328049e-17,-5.119538782570219674e-05
-3.757500000010193020e+00,2.836614596725108459e-17,-5.155193179611907242e-05
-3.755000000010185524e+00,3.188609606341002679e-17,-5.191095887302782255e-05
-3.752500000010178027e+00,4.205409731695236037e-17,-5.227248634982409195e-05
-3.750000000010171419e+00,2.637142794170088950e-17,-5.263653164018907506e-05
-3.747500000010163923e+00,4.123024632457347937e-17,-5.300311227913497822e-05
-3.745000000010156427e+00,4.597103677409586111e-17,-5.337224592365596792e-05
-3.742500000010148931e+00,3.968048985822029394e-17,-5.374395035402266749e-05
-3.740000000010142323e+00,5.012035482448690330e-17,-5.411824347411896453e-05
-3.737500000010134826e+00,3.665100790915913775e-17,-5.449514331252991971e-05
-3.735000000010128218e+00,4.435337811425985998e-17,-5.487466802334932793e-05
-3.732500000010120722e+00,4.903962385029213102e-17,-5.525683588730564202e-05
-3.730000000010114114e+00,4.576783241905806202e-17,-5.564166531226445972e-05
-3.727500000010106618e+00,5.002896507032954841e-17,-5.602917483434504190e-05
-3.725000000010099122e+00,6.561901929716995844e-17,-5.641938311867710599e-05
-3.722500000010092513e+00,6.549064978325209600e-17,-5.681230896053437291e-05
-3.720000000010085017e+00,6.625576353200048469e-17,-5.720797128608520087e-05
-3.717500000010078409e+00,4.876432475065121861e-17,-5.760638915314519789e-05
-3.715000000010070025e+00,5.643085013368436922e-17,-5.800758175235058603e-05
-3.712500000010063417e+00,5.399661473344559041e-17,-5.841156840797922704e-05
-3.710000000010055921e+00,4.549237726531040875e-17,-5.881836857883348819e-05
-3.707500000010049312e+00,7.043648722330774805e-17,-5.922800185938677931e-05
-3.705000000010041816e+00,3.445953092987784228e-17,-5.964048798048284281e-05
-3.702500000010035208e+00,5.402577694326535631e-17,-6.005584681029798997e-05
-3.700000000010027712e+00,6.464652970350471472e-17,-6.047409835549265230e-05
-3.697500000010020216e+00,3.434917612191577348e-17,-6.089526276207320713e-05
-3.695000000010013608e+00,6.054840709882467183e-17,-6.131936031629531454e-05
-3.692500000010006111e+00,4.273811131366511812e-17,-6.174641144559592460e-05
-3.690000000009999503e+00,4.117797899740528571e-17,-6.217643671997249099e-05
-3.687500000009992007e+00,4.054023856310931911e-17,-6.260945685223212067e-05
-3.685000000009985399e+00,4.814924063670512265e-17,-6.304549269994821317e-05
-3.682500000009977015e+00,8.657365257629061753e-17,-6.348456526554547565e-05
-3.680000000009970407e+00,7.155882810710716757e-17,-6.392669569796719539e-05
-3.677500000009962910e+00,4.110449642658050112e-17,-6.437190529327419376e-05
-3.675000000009956302e+00,4.613222524729967575e-17,-6.482021549592785752e-05
-3.672500000009948806e+00,7.050104524079335318e-17,-6.527164789978704914e-05
-3.670000000009941310e+00,6.781684214792655816e-17,-6.572622424899842656e-05
-3.667500000009934702e+00,5.461538717393259605e-17,-6.618396643917158278e-05
-3.665000000009927206e+00,6.829082614842645027e-17,-6.664489651845263642e-05
-3.662500000009920598e+00,6.555804510840405154e-17,-6.710903668848933429e-05
-3.660000000009913101e+00,4.064240543153144166e-17,-6.757640930552254481e-05
-3.657500000009906493e+00,7.101749037053044629e-17,-6.804703688155516348e-05
-3.655000000009898997e+00,8.811354744905411115e-17,-6.852094208529120817e-05
-3.652500000009891501e+00,5.646783575013066122e-17,-6.899814774353545631e-05
-3.650000000009884005e+00,4.691336602488197945e-17,-6.947867684172904081e-05
-3.647500000009877397e+00,7.153137981782063389e-17,-6.996255252571061448e-05
-3.645000000009869900e+00,7.597757327634995069e-17,-7.044979810219001090e-05
-3.642500000009862404e+00,8.001939948944541459e-17,-7.094043704049784853e-05
-3.640000000009855796e+00,1.109415975543582159e-16,-7.143449297313539739e-05
-3.637500000009848300e+00,1.044769093038822054e-16,-7.193198969754804927e-05
-3.635000000009841692e+00,8.858269783255690844e-17,-7.243295117655180213e-05
-3.632500000009834196e+00,6.140086516565062253e-17,-7.293740154004049910e-05
-3.630000000009827588e+00,9.797717305577464055e-17,-7.344536508589892998e-05
-3.627500000009820091e+00,8.524700899769899719e-17,-7.395686628131210025e-05
-3.625000000009813483e+00,9.491916861722956868e-17,-7.447192976376848397e-05
-3.622500000009805987e+00,1.066233485311114327e-16,-7.499058034246645086e-05
-3.620000000009798491e+00,7.869111306295209568e-17,-7.551284299912557475e-05
-3.617500000009790995e+00,1.034474594281235313e-16,-7.603874288973364926e-05
-3.615000000009784387e+00,8.961953701315497234e-17,-7.656830534528577482e-05
-3.612500000009776890e+00,9.128568201368441079e-17,-7.710155587335310436e-05
-3.610000000009769394e+00,1.228598110290383822e-16,-7.763852015898332741e-05
-3.607500000009762786e+00,1.285018775350552774e-16,-7.817922406621447386e-05
-3.605000000009755290e+00,9.979877044759680731e-17,-7.872369363918325317e-05
-3.602500000009748682e+00,1.294856889333743629e-16,-7.927195510336332166e-05
-3.600000000009741186e+00,9.959361593123661393e-17,-7.982403486706819002e-05
-3.597500000009734578e+00,1.219420913964632768e-16,-8.037995952218662408e-05
-3.595000000009727081e+00,1.324476727105229524e-16,-8.093975584608284468e-05
-3.592500000009720473e+00,1.503903125833396612e-16,-8.150345080250845007e-05
-3.590000000009712089e+00,9.882258795579864083e-17,-8.207107154300644417e-05
-3.587500000009705481e+00,1.323801496455121054e-16,-8.264264540821222502e-05
-3.585000000009697985e+00,1.583577675927858504e-16,-8.321819992915412590e-05
-3.582500000009690488e+00,1.248647572128656281e-16,-8.379776282862795328e-05
-3.580000000009683880e+00,1.374408971747204110e-16,-8.438136202254096390e-05
-3.577500000009676384e+00,1.433655653657157779e-16,-8.496902562113563078e-05
-3.575000000009669776e+00,1.484017355906755414e-16,-8.556078193039487771e-05
-3.572500000009662280e+00,1.448798500757017813e-16,-8.615665945356985563e-05
-3.570000000009655672e+00,1.614057869334315318e-16,-8.675668689236143839e-05
-3.567500000009648176e+00,1.639520301138938255e-16,-8.736089314833002438e-05
-3.565000000009641568e+00,1.626427330784252746e-16,-8.796930732429590562e-05
-3.562500000009634071e+00,1.893717661394850601e-16,-8.858195872581825503e-05
-3.560000000009627463e+00,1.740347503469075711e-16,-8.919887686255819899e-05
-3.557500000009619079e+00,1.556123963652876734e-16,-8.982009144966102599e-05
-3.555000000009611583e+00,1.750102580569376834e-16,-9.044563240922217707e-05
-3.552500000009604975e+00,2.168362391209438458e-16,-9.107552987164615772e-05
-3.550000000009597478e+00,1.994878392349746579e-16,-9.170981417733313631e-05
-3.547500000009590870e+00,2.214669865829205794e-16,-9.234851587797585320e-05
-3.545000000009583374e+00,2.024541805945824384e-16,-9.299166573787611323e-05
-3.542500000009576766e+00,2.101655546071679353e-16,-9.363929473569303458e-05
-3.540000000009569270e+00,2.178390766151985949e-16,-9.429143406597995959e-05
-3.537500000009562662e+00,2.295215218753515385e-16,-9.494811514023781141e-05
-3.535000000009555166e+00,1.985552755845909242e-16,-9.560936958886629192e-05
-3.532500000009548558e+00,2.105279896012821212e-16,-9.627522926266407878e-05
-3.530000000009541061e+00,2.286887426751309214e-16,-9.694572623411567853e-05
-3.527500000009532677e+00,2.158925471389247593e-16,-9.762089279905821122e-05
-3.525000000009526069e+00,2.443144909557172635e-16,-9.830076147836544747e-05
-3.522500000009518573e+00,2.358204022399931028e-16,-9.898536501937848099e-05
-3.520000000009511965e+00,2.317453767432171009e-16,-9.967473639735473765e-05
-3.517500000009504468e+00,2.601439741020850375e-16,-1.003689088172823879e-04
-3.515000000009497860e+00,2.785386461499556573e-16,-1.010679157156290427e-04
-3.512500000009490364e+00,2.889374631065265348e-16,-1.017717907612556685e-04
-3.510000000009483756e+00,2.856928422803225953e-16,-1.024805678579497712e-04
-3.507500000009476260e+00,3.013994974352602745e-16,-1.031942811454470126e-04
-3.505000000009469652e+00,2.821594265486823995e-16,-1.039129650011645791e-04
-3.502500000009462156e+00,2.911369629610228739e-16,-1.046366540420097388e-04
-3.500000000009454659e+00,2.842216930289485451e-16,-1.053653831260509093e-04
-3.497500000009448051e+00,3.079245988964816019e-16,-1.060991873540282487e-04
-3.495000000009439667e+00,3.155488839467277829e-16,-1.068381020710753698e-04
-3.492500000009433059e+00,3.296846785061854391e-16,-1.075821628687008267e-04
-3.490000000009425563e+00,3.379912595917439373e-16,-1.083314055860508049e-04
-3.487500000009418955e+00,3.599232049895086961e-16,-1.090858663119332445e-04
-3.485000000009411458e+00,3.691682966975325284e-16,-1.098455813865956750e-04
-3.482500000009404850e+00,3.588394754255229369e-16,-1.106105874033734598e-04
-3.480000000009397354e+00,3.497169723470839419e-16,-1.113809212101894914e-04
-3.477500000009390746e+00,3.612759663476028627e-16,-1.121566199118841968e-04
-3.475000000009383250e+00,3.753404890859816398e-16,-1.129377208716552761e-04
-3.472500000009375754e+00,3.690398160432405536e-16,-1.137242617128533177e-04
-3.470000000009369145e+00,3.997593614791278332e-16,-1.145162803207163457e-04
-3.467500000009361649e+00,4.016088733737418830e-16,-1.153138148446121528e-04
-3.465000000009354153e+00,4.217342385102337917e-16,-1.161169036994245214e-04
-3.462500000009346657e+00,4.488458752084691551e-16,-1.169255855676368423e-04
-3.460000000009340049e+00,4.401617830247968286e-16,-1.177398994010879268e-04
-3.457500000009332553e+00,4.752651337818708862e-16,-1.185598844228839561e-04
-3.455000000009325944e+00,4.803763168628797444e-16,-1.193855801293850920e-04
-3.452500000009318448e+00,4.986385850975987699e-16,-1.202170262918093781e-04
-3.450000000009311840e+00,5.089790842365112344e-16,-1.210542629585683417e-04
-3.447500000009304344e+00,5.143068960416726186e-16,-1.218973304569624823e-04
-3.445000000009296848e+00,5.518990596475244503e-16,-1.227462693951237693e-04
-3.442500000009290240e+00,5.249818982889491162e-16,-1.236011206638300134e-04
-3.440000000009282743e+00,5.510205878984877821e-16,-1.244619254389443081e-04
-3.437500000009276135e+00,5.418101045328580716e-16,-1.253287251827488289e-04
-3.435000000009268639e+00,5.806478608053380097e-16,-1.262015616465905570e-04
-3.432500000009261143e+00,6.162497873990738693e-16,-1.270804768725114053e-04
-3.430000000009253647e+00,6.250711216690652117e-16,-1.279655131951174636e-04
-3.427500000009247039e+00,6.388449761092434843e-16,-1.288567132442940306e-04
-3.425000000009239542e+00,6.311291569754903443e-16,-1.297541199462811973e-04
-3.422500000009232934e+00,6.656572898350804907e-16,-1.306577765267176623e-04
-3.420000000009225438e+00,6.898976541496878724e-16,-1.315677265120586794e-04
-3.417500000009217942e+00,7.051887254607274664e-16,-1.324840137318624496e-04
-3.415000000009211334e+00,6.981932407380119368e-16,-1.334066823212119311e-04
-3.412500000009203838e+00,7.148229637682670665e-16,-1.343357767222113090e-04
-3.410000000009197230e+00,7.577400969065764700e-16,-1.352713416867425524e-04
-3.407500000009189733e+00,7.671028130047251065e-16,-1.362134222781372268e-04
-3.405000000009183125e+00,7.944691297775432252e-16,-1.371620638737000564e-04
-3.402500000009174741e+00,8.162993251957891580e-16,-1.381173121668596284e-04
-3.400000000009168133e+00,8.161400054483352747e-16,-1.390792131689577878e-04
-3.397500000009160637e+00,8.454432958729172751e-16,-1.400478132121408246e-04
-3.395000000009154029e+00,8.789030181119769834e-16,-1.410231589509477492e-04
-3.392500000009146532e+00,9.019697501387182192e-16,-1.420052973649780798e-04
-3.390000000009139924e+00,9.214003046680513620e-16,-1.429942757609528299e-04
-3.387500000009132428e+00,9.474014026262758404e-16,-1.439901417751476202e-04
-3.385000000009124932e+00,9.678006934052842928e-16,-1.449929433754192152e-04
-3.382500000009118324e+00,9.866022803015015352e-16,-1.460027288639307468e-04
-3.380000000009110828e+00,1.030164827712364588e-15,-1.470195468790459780e-04
-3.377500000009104220e+00,1.038061761648107361e-15,-1.480434463979697689e-04
-3.375000000009096723e+00,1.066227698015243507e-15,-1.490744767388890236e-04
-3.372500000009090115e+00,1.101686277433140528e-15,-1.501126875636681253e-04
-3.370000000009081731e+00,1.132407458930187327e-15,-1.511581288797130050e-04
-3.367500000009075123e+00,1.160395575368854685e-15,-1.522108510429730807e-04
-3.365000000009067627e+00,1.193314850999269803e-15,-1.532709047600069603e-04
-3.362500000009061019e+00,1.207437508779703579e-15,-1.543383410906750037e-04
-3.360000000009053522e+00,1.250014472398625611e-15,-1.554132114500535091e-04
-3.357500000009046026e+00,1.285501065237540898e-15,-1.564955676116277692e-04
-3.355000000009039418e+00,1.351852529788809319e-15,-1.575854617093025076e-04
-3.352500000009031922e+00,1.336676974303297781e-15,-1.586829462401248526e-04
-3.350000000009025314e+00,1.384011798285219378e-15,-1.597880740666647570e-04
-3.347500000009017818e+00,1.422035514265787778e-15,-1.609008984199274909e-04
-3.345000000009011210e+00,1.431008565636630489e-15,-1.620214729012226971e-04
-3.342500000009003713e+00,1.481328957667541181e-15,-1.631498514854063731e-04
-3.340000000008996217e+00,1.527561260461758238e-15,-1.642860885232019308e-04
-3.337500000008988721e+00,1.595721004433664174e-15,-1.654302387438125275e-04
-3.335000000008982113e+00,1.617407290056574424e-15,-1.665823572576317067e-04
-3.332500000008974617e+00,1.643568527412187229e-15,-1.677424995589701397e-04
-3.330000000008967120e+00,1.714082035547454545e-15,-1.689107215283610188e-04
-3.327500000008960512e+00,1.725326834133091713e-15,-1.700870794357261173e-04
-3.325000000008953016e+00,1.789098486904216054e-15,-1.712716299427652356e-04
-3.322500000008946408e+00,1.816770760760665436e-15,-1.724644301058680430e-04
-3.320000000008938912e+00,1.891046119872913069e-15,-1.736655373787527278e-04
-3.317500000008932304e+00,1.946255803932740775e-15,-1.748750096152175393e-04
-3.315000000008924808e+00,1.943006528217925178e-15,-1.760929050720663996e-04
-3.312500000008918200e+00,2.032910172638453078e-15,-1.773192824117432161e-04
-3.310000000008910703e+00,2.064314414184705752e-15,-1.785542007052763310e-04
-3.307500000008903207e+00,2.141723267867293070e-15,-1.797977194351490279e-04
-3.305000000008895711e+00,2.180179354919827649e-15,-1.810498984979383983e-04
-3.302500000008888215e+00,2.245100401726474219e-15,-1.823107982075434456e-04
-3.300000000008881607e+00,2.341492817975031918e-15,-1.835804792978321641e-04
-3.297500000008874110e+00,2.374094828019303788e-15,-1.848590029255837660e-04
-3.295000000008867502e+00,2.412856458884057811e-15,-1.861464306736348464e-04
-3.292500000008860006e+00,2.525802540873415433e-15,-1.874428245536710678e-04
-3.290000000008853398e+00,2.590730992845751831e-15,-1.887482470090716738e-04
-3.287500000008845902e+00,2.636696233412259574e-15,-1.900627609183612357e-04
-3.285000000008839294e+00,2.697182845487555146e-15,-1.913864295977121268e-04
-3.282500000008831798e+00,2.776942292139141592e-15,-1.927193168045008144e-04
-3.280000000008825189e+00,2.842682487954635747e-15,-1.940614867400474754e-04
-3.277500000008816805e+00,2.908875239582378729e-15,-1.954130040527372793e-04
-3.275000000008809309e+00,2.984738078827734562e-15,-1.967739338411847406e-04
-3.272500000008802701e+00,3.069691091517743722e-15,-1.981443416574923152e-04
-3.270000000008795205e+00,3.140959763722938034e-15,-1.995242935101749278e-04
-3.267500000008788597e+00,3.249682503341371753e-15,-2.009138558674784163e-04
-3.265000000008781100e+00,3.306917524048232764e-15,-2.023130956605851381e-04
-3.262500000008774492e+00,3.395856720384574940e-15,-2.037220802869090506e-04
-3.260000000008766996e+00,3.492952558984484390e-15,-2.051408776129680605e-04
-3.257500000008760388e+00,3.578850573981491489e-15,-2.065695559782429437e-04
-3.255000000008752892e+00,3.678786799149102040e-15,-2.080081841978583868e-04
-3.252500000008746284e+00,3.768642647957525476e-15,-2.094568315665092909e-04
-3.250000000008738787e+00,3.882145312338842658e-15,-2.109155678612921372e-04
-3.247500000008731291e+00,3.974239562567290769e-15,-2.123844633452450165e-04
-3.245000000008723795e+00,4.081891885554868398e-15,-2.138635887706791922e-04
-3.242500000008716299e+00,4.196686511647229725e-15,-2.153530153830205914e-04
-3.240000000008709691e+00,4.298332134302888532e-15,-2.168528149234565322e-04
-3.237500000008702195e+00,4.422266561987852764e-15,-2.183630596329625047e-04
-3.235000000008695586e+00,4.554784348652490910e-15,-2.198838222556564754e-04
-3.232500000008688090e+00,4.633537424341433299e-15,-2.214151760422630223e-04
-3.230000000008681482e+00,4.760786274690946857e-15,-2.229571947536881926e-04
-3.227500000008673986e+00,4.892644612649346475e-15,-2.245099526643058556e-04
-3.225000000008667378e+00,5.052941046123159875e-15,-2.260735245660959122e-04
-3.222500000008659882e+00,5.174342981960438309e-15,-2.276479857717219658e-04
-3.220000000008652385e+00,5.310308543884491089e-15,-2.292334121185517876e-04
-3.217500000008645777e+00,5.427138768006525905e-15,-2.308298799716909959e-04
-3.215000000008637393e+00,5.586653729817371098e-15,-2.324374662284905719e-04
-3.212500000008630785e+00,5.701597639515421507e-15,-2.340562483217135980e-04
-3.210000000008623289e+00,5.867084787684775087e-15,-2.356863042233831723e-04
-3.207500000008616681e+00,6.045517066078675195e-15,-2.373277124485430995e-04
-3.205000000008609184e+00,6.204282734752539276e-15,-2.389805520589990658e-04
-3.202500000008602576e+00,6.332830522064889868e-15,-2.406449026673205920e-04
-3.200000000008595080e+00,6.504260395702724034e-15,-2.423208444402823994e-04
-3.197500000008588472e+00,6.705350829904470359e-15,-2.440084581033046245e-04
-3.195000000008580976e+00,6.854072627567435464e-15,-2.457078249436370665e-04
-3.192500000008573480e+00,7.044912399633786202e-15,-2.474190268150848991e-04
-3.190000000008566872e+00,7.228175307453738337e-15,-2.491421461409532283e-04
-3.187500000008559375e+00,7.432971199939479721e-15,-2.508772659191480198e-04
-3.185000000008552767e+00,7.624836103727191246e-15,-2.526244697252227607e-04
-3.182500000008544383e+00,7.810425266494686561e-15,-2.543838417169177980e-04
-3.180000000008537775e+00,8.039294624621095592e-15,-2.561554666381414200e-04
-3.177500000008530279e+00,8.245523021424860459e-15,-2.579394298227496562e-04
-3.175000000008523671e+00,8.450168963281741037e-15,-2.597358171991796154e-04
-3.172500000008516174e+00,8.662028892365658432e-15,-2.615447152941166370e-04
-3.170000000008509566e+00,8.904301697952240588e-15,-2.633662112369798518e-04
-3.167500000008502070e+00,9.143686099852337856e-15,-2.652003927638663474e-04
-3.165000000008495462e+00,9.364057771198316554e-15,-2.670473482220361329e-04
-3.162500000008487966e+00,9.619024266872859011e-15,-2.689071665738045330e-04
-3.160000000008480470e+00,9.853666003802878889e-15,-2.707799374014886978e-04
-3.157500000008473862e+00,1.015673061777761431e-14,-2.726657509107349112e-04
-3.155000000008466365e+00,1.042739109325894751e-14,-2.745646979358338916e-04
-3.152500000008458869e+00,1.069682055466095078e-14,-2.764768699434483877e-04
-3.150000000008451373e+00,1.095583004742963200e-14,-2.784023590374299631e-04
-3.147500000008444765e+00,1.127209171463343863e-14,-2.803412579629721416e-04
-3.145000000008437269e+00,1.157168591964368340e-14,-2.822936601111373307e-04
-3.142500000008430661e+00,1.187242828813725233e-14,-2.842596595234865272e-04
-3.140000000008423164e+00,1.216269140975193971e-14,-2.862393508965344665e-04
-3.137500000008416556e+00,1.248296243351277312e-14,-2.882328295862107898e-04
-3.135000000008409060e+00,1.283203135523253739e-14,-2.902401916125730164e-04
-3.132500000008401564e+00,1.313780057686121052e-14,-2.922615336644770155e-04
-3.130000000008394956e+00,1.349717589446301972e-14,-2.942969531039594600e-04
-3.127500000008387460e+00,1.384351874793907722e-14,-2.963465479713591638e-04
-3.125000000008380852e+00,1.425001766459762256e-14,-2.984104169897440419e-04
-3.122500000008373355e+00,1.459805830938715912e-14,-3.004886595695497611e-04
-3.120000000008365859e+00,1.498615410252228100e-14,-3.025813758137378857e-04
-3.117500000008358363e+00,1.539001640686851232e-14,-3.046886665223442689e-04
-3.115000000008351755e+00,1.579902181355807247e-14,-3.068106331974477336e-04
-3.112500000008344259e+00,1.620965809486813751e-14,-3.089473780479804615e-04
-3.110000000008337651e+00,1.664518653621480480e-14,-3.110990039946919038e-04
-3.107500000008330154e+00,1.703991858293347203e-14,-3.132656146752519580e-04
-3.105000000008322658e+00,1.753635584209107778e-14,-3.154473144488755790e-04
-3.102500000008316050e+00,1.798657582942856223e-14,-3.176442084017974568e-04
-3.100000000008308554e+00,1.847690983609152074e-14,-3.198564023519989761e-04
-3.097500000008301946e+00,1.894682322843680575e-14,-3.220840028543232110e-04
-3.095000000008294450e+00,1.945593040310030591e-14,-3.243271172058637890e-04
-3.092500000008287842e+00,1.996377348447193882e-14,-3.265858534509738509e-04
-3.090000000008279457e+00,2.047332760159471127e-14,-3.288603203862879671e-04
-3.087500000008272849e+00,2.105656477955219902e-14,-3.311506275663765229e-04
-3.085000000008265353e+00,2.158273711698564638e-14,-3.334568853085292180e-04
-3.082500000008258745e+00,2.213555593468408986e-14,-3.357792046986318225e-04
-3.080000000008251249e+00,2.275147649961868052e-14,-3.381176975959821482e-04
-3.077500000008243752e+00,2.333555315420625894e-14,-3.404724766389875855e-04
-3.075000000008237144e+00,2.395538798415703518e-14,-3.428436552504758508e-04
-3.072500000008229648e+00,2.458273649505819724e-14,-3.452313476432329825e-04
-3.070000000008223040e+00,2.526297001555317804e-14,-3.476356688253679742e-04
-3.067500000008215544e+00,2.590616910639328103e-14,-3.500567346061609058e-04
-3.065000000008208936e+00,2.660052847305573106e-14,-3.524946616012968764e-04
-3.062500000008201440e+00,2.728852450091361798e-14,-3.549495672385254304e-04
-3.060000000008194831e+00,2.803302773943859835e-14,-3.574215697636188454e-04
-3.057500000008186447e+00,2.873757032616090390e-14,-3.599107882457503165e-04
-3.055000000008179839e+00,2.954061197201976302e-14,-3.624173425832396319e-04
-3.052500000008172343e+00,3.029900305883632340e-14,-3.649413535095361798e-04
-3.050000000008164847e+00,3.109963712457450060e-14,-3.674829425990212188e-04
-3.047500000008158239e+00,3.192399464718834497e-14,-3.700422322724609275e-04
-3.045000000008150742e+00,3.277748815874570918e-14,-3.726193458035760185e-04
-3.042500000008144134e+00,3.361758143767857129e-14,-3.752144073242454753e-04
-3.040000000008136638e+00,3.451937686015788836e-14,-3.778275418312212878e-04
-3.037500000008130030e+00,3.545053483695861435e-14,-3.804588751913046498e-04
-3.035000000008122534e+00,3.634959040249906302e-14,-3.831085341484997422e-04
-3.032500000008115926e+00,3.733298187944260026e-14,-3.857766463289822516e-04
-3.030000000008108429e+00,3.834240365777675975e-14,-3.884633402479508780e-04
-3.027500000008100933e+00,3.932487772733750664e-14,-3.911687453158211106e-04
-3.025000000008093437e+00,4.036748987736990614e-14,-3.938929918437392630e-04
-3.022500000008085941e+00,4.145314236857472093e-14,-3.966362110510498616e-04
-3.020000000008079333e+00,4.256095260731539374e-14,-3.993985350703802830e-04
-3.017500000008071837e+00,4.364782895257254808e-14,-4.021800969551561178e-04
-3.015000000008065228e+00,4.480059424980068419e-14,-4.049810306848634542e-04
-3.012500000008057732e+00,4.597832606571531474e-14,-4.078014711723333078e-04
-3.010000000008051124e+00,4.722259206843969156e-14,-4.106415542700853419e-04
-3.007500000008043628e+00,4.848431376593500929e-14,-4.135014167766695291e-04
-3.005000000008037020e+00,4.975505437358122634e-14,-4.163811964433065103e-04
-3.002500000008029524e+00,5.107006020835044509e-14,-4.192810319805315850e-04
-3.000000000008022916e+00,5.241273106345679303e-14,-4.222010630651272631e-04
-2.997500000008015419e+00,5.378970123035717940e-14,-4.251414303463174203e-04
-2.995000000008007035e+00,5.523845193715982083e-14,-4.281022754532172849e-04
-2.992500000008000427e+00,5.668428955709611664e-14,-4.310837410009714854e-04
-2.990000000007992931e+00,5.818768073353922954e-14,-4.340859705982245292e-04
-2.987500000007986323e+00,5.969409250481573787e-14,-4.371091088535570602e-04
-2.985000000007978826e+00,6.128087192154053749e-14,-4.401533013827701253e-04
-2.982500000007972218e+00,6.288388368751232939e-14,-4.432186948157443795e-04
-2.980000000007964722e+00,6.455138323435042782e-14,-4.463054368035817795e-04
-2.977500000007958114e+00,6.625608647332348286e-14,-4.494136760256250886e-04
-2.975000000007950618e+00,6.803123201708559806e-14,-4.525435621967487565e-04
-2.972500000007944010e+00,6.982386502470053899e-14,-4.556952460744792001e-04
-2.970000000007936514e+00,7.166363199337277019e-14,-4.588688794662307150e-04
-2.967500000007929906e+00,7.359485144445611993e-14,-4.620646152367015227e-04
-2.965000000007921521e+00,7.551863159436340259e-14,-4.652826073151864980e-04
-2.962500000007914025e+00,7.752624900796378323e-14,-4.685230107029455149e-04
-2.960000000007907417e+00,7.956617150803201158e-14,-4.717859814808727137e-04
-2.957500000007899921e+00,8.167134135140180003e-14,-4.750716768167119203e-04
-2.955000000007893313e+00,8.380571364619704525e-14,-4.783802549729222081e-04
-2.952500000007885816e+00,8.604044903704096366e-14,-4.817118753138848060e-04
-2.950000000007879208e+00,8.830444013685597788e-14,-4.850666983143034437e-04
-2.947500000007871712e+00,9.064762646432734893e-14,-4.884448855661675847e-04
-2.945000000007865104e+00,9.302855568432519530e-14,-4.918465997867408832e-04
-2.942500000007857608e+00,9.548282390763031725e-14,-4.952720048269401145e-04
-2.940000000007851000e+00,9.801520938535512500e-14,-4.987212656785461502e-04
-2.937500000007843504e+00,1.006147539067482751e-13,-5.021945484821884560e-04
-2.935000000007836007e+00,1.032695784734369912e-13,-5.056920205361040361e-04
-2.932500000007828511e+00,1.060125547066599346e-13,-5.092138503031870241e-04
-2.930000000007821015e+00,1.088239478745183125e-13,-5.127602074195815275e-04
-2.927500000007814407e+00,1.116859711446624248e-13,-5.163312627032621118e-04
-2.925000000007806911e+00,1.146253592127220820e-13,-5.199271881614326131e-04
-2.922500000007800303e+00,1.176416716624206131e-13,-5.235481569993596755e-04
-2.920000000007792806e+00,1.207765479287104323e-13,-5.271943436285712707e-04
-2.917500000007786198e+00,1.239646166421839565e-13,-5.308659236753452424e-04
-2.915000000007778702e+00,1.272173654047968177e-13,-5.345630739889001282e-04
-2.912500000007772094e+00,1.305864709052308072e-13,-5.382859726501715595e-04
-2.910000000007764598e+00,1.340145231045939706e-13,-5.420347989805960340e-04
-2.907500000007757102e+00,1.375897303839220509e-13,-5.458097335500097617e-04
-2.905000000007750494e+00,1.411821389592553823e-13,-5.496109581861870425e-04
-2.902500000007742109e+00,1.449595025372645834e-13,-5.534386559829041277e-04
-2.900000000007735501e+00,1.487973183404455558e-13,-5.572930113092946927e-04
-2.897500000007728005e+00,1.526950832604053866e-13,-5.611742098184127571e-04
-2.895000000007721397e+00,1.567272818260902762e-13,-5.650824384562447896e-04
-2.892500000007713901e+00,1.609202227876989021e-13,-5.690178854709615312e-04
-2.890000000007707293e+00,1.651838473665748065e-13,-5.729807404214950096e-04
-2.887500000007699796e+00,1.695247439725578114e-13,-5.769711941869763022e-04
-2.885000000007693188e+00,1.739874549897784920e-13,-5.809894389760631448e-04
-2.882500000007685692e+00,1.786086838178874265e-13,-5.850356683359248227e-04
-2.880000000007678196e+00,1.833204994181755068e-13,-5.891100771615660932e-04
-2.877500000007671588e+00,1.881673886826468157e-13,-5.932128617053831262e-04
-2.875000000007664092e+00,1.931273210531300242e-13,-5.973442195866972195e-04
-2.872500000007657484e+00,1.982501197425886706e-13,-6.015043498007856607e-04
-2.870000000007649099e+00,2.034991397618322850e-13,-6.056934527292736964e-04
-2.867500000007642491e+00,2.088645610835285419e-13,-6.099117301489689370e-04
-2.865000000007634995e+00,2.143799236610452552e-13,-6.141593852418672419e-04
-2.862500000007628387e+00,2.200448369791586692e-13,-6.184366226053251373e-04
-2.860000000007620891e+00,2.258702760102044791e-13,-6.227436482613737641e-04
-2.857500000007614283e+00,2.318173426841406699e-13,-6.270806696668791529e-04
-2.855000000007606786e+00,2.379821961707950202e-13,-6.314478957236225936e-04
-2.852500000007599290e+00,2.442564057566210016e-13,-6.358455367881391202e-04
-2.850000000007592682e+00,2.507057656929155756e-13,-6.402738046818927473e-04
-2.847500000007585186e+00,2.573547290243964608e-13,-6.447329127017852090e-04
-2.845000000007578578e+00,2.641590884329459185e-13,-6.492230756300645901e-04
-2.842500000007571082e+00,2.711249002480424166e-13,-6.537445097447246688e-04
-2.840000000007563585e+00,2.783103217230490688e-13,-6.582974328302353736e-04
-2.837500000007556089e+00,2.856289712925043784e-13,-6.628820641874850258e-04
-2.835000000007549481e+00,2.932249718076197970e-13,-6.674986246449827500e-04
-2.832500000007541985e+00,3.009572554406198693e-13,-6.721473365689869823e-04
-2.830000000007535377e+00,3.089330974666204332e-13,-6.768284238743212545e-04
-2.827500000007527881e+00,3.170694010330735996e-13,-6.815421120354198288e-04
-2.825000000007520384e+00,3.254513418498490128e-13,-6.862886280968929229e-04
-2.822500000007513776e+00,3.340526173844565522e-13,-6.910682006846804396e-04
-2.820000000007506280e+00,3.429121485806547810e-13,-6.958810600167772203e-04
-2.817500000007499672e+00,3.519453950922017164e-13,-7.007274379146682334e-04
-2.815000000007492176e+00,3.612664026257062073e-13,-7.056075678143073140e-04
-2.812500000007485568e+00,3.707741895707732940e-13,-7.105216847772256828e-04
-2.810000000007478071e+00,3.806063841368276848e-13,-7.154700255023867207e-04
-2.807500000007470575e+00,3.906767605877745151e-13,-7.204528283366877679e-04
-2.805000000007463079e+00,4.009700577653324186e-13,-7.254703332873688182e-04
-2.802500000007456471e+00,4.116077683224382218e-13,-7.305227820329729350e-04
-2.800000000007448975e+00,4.224724422924395660e-13,-7.356104179354595006e-04
-2.797500000007441479e+00,4.336350646970385946e-13,-7.407334860512253477e-04
-2.795000000007434870e+00,4.451103502952428525e-13,-7.458922331436362938e-04
-2.792500000007427374e+00,4.568938775216549480e-13,-7.510869076945091670e-04
-2.790000000007420766e+00,4.689518408723661694e-13,-7.563177599163375953e-04
-2.787500000007413270e+00,4.813454512011935400e-13,-7.615850417638486258e-04
-2.785000000007406662e+00,4.940549839863575395e-13,-7.668890069466780240e-04
-2.782500000007399166e+00,5.071184634615844213e-13,-7.722299109416552601e-04
-2.780000000007392558e+00,5.205453055326149465e-13,-7.776080110043410466e-04
-2.777500000007384173e+00,5.342892903027966248e-13,-7.830235661822041891e-04
-2.775000000007377565e+00,5.484175745896580471e-13,-7.884768373268314376e-04
-2.772500000007370069e+00,5.629148412941252382e-13,-7.939680871063932097e-04
-2.770000000007362573e+00,5.778024105310846677e-13,-7.994975800183968433e-04
-2.767500000007355965e+00,5.930798270446019889e-13,-8.050655824024383327e-04
-2.765000000007348469e+00,6.087509121700873408e-13,-8.106723624531630978e-04
-2.762500000007341860e+00,6.248482728379298370e-13,-8.163181902326136375e-04
-2.760000000007334364e+00,6.413472072303425051e-13,-8.220033376839479397e-04
-2.757500000007327756e+00,6.582971330343533773e-13,-8.277280786442435838e-04
-2.755000000007320260e+00,6.757160375767345396e-13,-8.334926888574859406e-04
-2.752500000007313652e+00,6.935497346442431054e-13,-8.392974459883605250e-04
-2.750000000007306156e+00,7.119046016693565552e-13,-8.451426296350012619e-04
-2.747500000007299548e+00,7.307419557998105793e-13,-8.510285213428798751e-04
-2.745000000007291163e+00,7.500473451448822817e-13,-8.569554046183283820e-04
-2.742500000007284555e+00,7.698756167993415510e-13,-8.629235649420567093e-04
-2.740000000007277059e+00,7.902389701629685599e-13,-8.689332897830146516e-04
-2.737500000007269563e+00,8.111404393359931696e-13,-8.749848686121094142e-04
-2.735000000007262955e+00,8.325777118833754909e-13,-8.810785929162990486e-04
-2.732500000007255458e+00,8.545791028224870314e-13,-8.872147562125481945e-04
-2.730000000007248850e+00,8.771462842202213295e-13,-8.933936540619331164e-04
-2.727500000007241354e+00,9.003298070248486665e-13,-8.996155840841413894e-04
-2.725000000007234746e+00,9.241548600084258055e-13,-9.058808459712997061e-04
-2.722500000007227250e+00,9.485629102014682522e-13,-9.121897415029274090e-04
-2.720000000007220642e+00,9.736256223864926242e-13,-9.185425745600844620e-04
-2.717500000007213146e+00,9.993963821856665755e-13,-9.249396511402261040e-04
-2.715000000007205649e+00,1.025825412868551230e-12,-9.313812793720166287e-04
-2.712500000007198153e+00,1.052885369225932908e-12,-9.378677695298885935e-04
-2.710000000007190657e+00,1.080744457344095645e-12,-9.443994340492193728e-04
-2.707500000007184049e+00,1.109309163622555548e-12,-9.509765875413181933e-04
-2.705000000007176553e+00,1.138654537614295312e-12,-9.575995468084363711e-04
-2.702500000007169945e+00,1.168737922552472067e-12,-9.642686308594056264e-04
-2.700000000007162448e+00,1.199617979924974534e-12,-9.709841609244695363e-04
-2.697500000007155840e+00,1.231357833743839158e-12,-9.777464604712137169e-04
-2.695000000007148344e+00,1.263894753910882971e-12,-9.845558552198409308e-04
-2.692500000007141736e+00,1.297305952365965498e-12,-9.914126731593155082e-04
-2.690000000007134240e+00,1.331563096091152366e-12,-9.983172445623307578e-04
-2.687500000007127632e+00,1.366794547805327142e-12,-1.005269902002166793e-03
-2.685000000007120136e+00,1.402937403011639999e-12,-1.012270980368057145e-03
-2.682500000007111751e+00,1.440047074354097388e-12,-1.019320816881486274e-03
-2.680000000007105143e+00,1.478129846146213991e-12,-1.026419751112675948e-03
-2.677500000007097647e+00,1.517160480440199313e-12,-1.033568124996665045e-03
-2.675000000007091039e+00,1.557282878028377337e-12,-1.040766282849772944e-03
-2.672500000007083543e+00,1.598430348626152448e-12,-1.048014571386204734e-03
-2.670000000007076935e+00,1.640680096334100809e-12,-1.055313339735159056e-03
-2.667500000007069438e+00,1.684077004971917215e-12,-1.062662939456813149e-03
-2.665000000007062830e+00,1.728593756873611742e-12,-1.070063724560196567e-03
-2.662500000007055334e+00,1.774263532791062496e-12,-1.077516051519571095e-03
-2.660000000007048726e+00,1.821187891908034407e-12,-1.085020279291751310e-03
-2.657500000007041230e+00,1.869336119061250708e-12,-1.092576769333645668e-03
-2.655000000007033734e+00,1.918753138251541925e-12,-1.100185885619312529e-03
-2.652500000007026237e+00,1.969447324836677797e-12,-1.107847994657746053e-03
-2.650000000007018741e+00,2.021520643775059596e-12,-1.115563465510542845e-03
-2.647500000007012133e+00,2.074979996375679984e-12,-1.123332669809321829e-03
-2.645000000007004637e+00,2.129786575368412025e-12,-1.131155981774293598e-03
-2.642500000006998029e+00,2.186160078378403218e-12,-1.139033778231350689e-03
-2.640000000006990533e+00,2.243894333698023171e-12,-1.146966438631158870e-03
-2.637500000006983925e+00,2.303192377674646668e-12,-1.154954345066921788e-03
-2.635000000006976428e+00,2.364120390032799620e-12,-1.162997882292759501e-03
-2.632500000006969820e+00,2.426606534658348150e-12,-1.171097437742523936e-03
-2.630000000006962324e+00,2.490788653760538518e-12,-1.179253401548263722e-03
-2.627500000006954828e+00,2.556614496189442785e-12,-1.187466166558867912e-03
-2.625000000006948220e+00,2.624157092020764123e-12,-1.195736128359470383e-03
-2.622500000006940724e+00,2.693498882158440348e-12,-1.204063685290172056e-03
-2.620000000006933227e+00,2.764796248277878979e-12,-1.212449238464877611e-03
-2.617500000006925731e+00,2.837845652739265126e-12,-1.220893191791474867e-03
-2.615000000006919123e+00,2.912864095049932417e-12,-1.229395951990593441e-03
-2.612500000006911627e+00,2.989850023265496204e-12,-1.237957928615364758e-03
-2.610000000006905019e+00,3.068904703277386387e-12,-1.246579534071395228e-03
-2.607500000006897523e+00,3.149996831508382966e-12,-1.255261183636193411e-03
-2.605000000006890915e+00,3.233311607036012626e-12,-1.264003295479847275e-03
-2.602500000006883418e+00,3.318792976790956632e-12,-1.272806290684146916e-03
-2.600000000006875922e+00,3.406503632708007158e-12,-1.281670593263845980e-03
-2.597500000006869314e+00,3.496557016250768586e-12,-1.290596630186711165e-03
-2.595000000006861818e+00,3.588985600474607319e-12,-1.299584831393809812e-03
-2.592500000006855210e+00,3.683876823386737732e-12,-1.308635629820717764e-03
-2.590000000006846825e+00,3.781238993176755935e-12,-1.317749461418084951e-03
-2.587500000006840217e+00,3.881221408376868056e-12,-1.326926765172539669e-03
-2.585000000006832721e+00,3.983791369401934760e-12,-1.336167983128327096e-03
-2.582500000006826113e+00,4.089147908682270067e-12,-1.345473560407762972e-03
-2.580000000006818617e+00,4.197216859264312154e-12,-1.354843945233594193e-03
-2.577500000006812009e+00,4.308172206707349766e-12,-1.364279588949984193e-03
-2.575000000006804513e+00,4.422058593059635018e-12,-1.373780946044386719e-03
-2.572500000006797016e+00,4.539020110329715406e-12,-1.383348474169460380e-03
-2.570000000006790408e+00,4.658989652134549186e-12,-1.392982634165386077e-03
-2.567500000006782912e+00,4.782114554024774405e-12,-1.402683890081547584e-03
-2.565000000006776304e+00,4.908577209852291470e-12,-1.412452709199077741e-03
-2.562500000006768808e+00,5.038332797355018098e-12,-1.422289562053647956e-03
-2.560000000006762200e+00,5.171497596707709843e-12,-1.432194922457916174e-03
-2.557500000006753815e+00,5.308244505247646105e-12,-1.442169267524210990e-03
-2.555000000006747207e+00,5.448500187096958836e-12,-1.452213077687598266e-03
-2.552500000006739711e+00,5.592562191669563621e-12,-1.462326836729429570e-03
-2.550000000006733103e+00,5.740439078131235658e-12,-1.472511031799825492e-03
-2.547500000006725607e+00,5.892135259507036447e-12,-1.482766153442079517e-03
-2.545000000006718111e+00,6.047919203594502330e-12,-1.493092695615218972e-03
-2.542500000006711502e+00,6.207795538055222078e-12,-1.503491155719020823e-03
-2.540000000006704006e+00,6.371870595821146082e-12,-1.513962034616934526e-03
-2.537500000006697398e+00,6.540361849314011676e-12,-1.524505836660649399e-03
-2.535000000006689902e+00,6.713231714707002128e-12,-1.535123069714604748e-03
-2.532500000006683294e+00,6.890712123071848297e-12,-1.545814245179904112e-03
-2.530000000006675798e+00,7.072848134037725114e-12,-1.556579878019454010e-03
-2.527500000006668301e+00,7.259833302857770138e-12,-1.567420486782361306e-03
-2.525000000006660805e+00,7.451754349923179353e-12,-1.578336593629294220e-03
-2.522500000006654197e+00,7.648755525229429990e-12,-1.589328724357252009e-03
-2.520000000006646701e+00,7.850905844830029229e-12,-1.600397408425219140e-03
-2.517500000006640093e+00,8.058531466667630802e-12,-1.611543178979578123e-03
-2.515000000006632597e+00,8.271513519739244170e-12,-1.622766572879614936e-03
-2.512500000006625100e+00,8.490191295218275814e-12,-1.634068130723573481e-03
-2.510000000006618492e+00,8.714581610441618735e-12,-1.645448396874504707e-03
-2.507500000006610996e+00,8.945003502398629859e-12,-1.656907919486847120e-03
-2.505000000006604388e+00,9.181482297102906822e-12,-1.668447250532460431e-03
-2.502500000006596892e+00,9.424189623987756142e-12,-1.680066945827211281e-03
-2.500000000006590284e+00,9.673321285241632703e-12,-1.691767565058185192e-03
-2.497500000006582788e+00,9.929044935016567815e-12,-1.703549671810037020e-03
-2.495000000006575291e+00,1.019147247957811370e-11,-1.715413833592542266e-03
-2.492500000006567795e+00,1.046095337502516651e-11,-1.727360621867860858e-03
-2.490000000006561187e+00,1.073746019084916492e-11,-1.739390612078122508e-03
-2.487500000006553691e+00,1.102128819165715162e-11,-1.751504383672959804e-03
-2.485000000006546195e+00,1.131265411906155631e-11,-1.763702520137442253e-03
-2.482500000006539587e+00,1.161174429037601653e-11,-1.775985609020203082e-03
-2.480000000006532090e+00,1.191870013354656193e-11,-1.788354241962054588e-03
-2.477500000006525482e+00,1.223378327516017403e-11,-1.800809014724036664e-03
-2.475000000006517986e+00,1.255717605823622904e-11,-1.813350527216208222e-03
-2.472500000006511378e+00,1.288913064807973656e-11,-1.825979383526903739e-03
-2.470000000006503882e+00,1.322986600129014747e-11,-1.838696191951272275e-03
-2.467500000006497274e+00,1.357957938319236470e-11,-1.851501565020799000e-03
-2.465000000006488889e+00,1.393859093744364713e-11,-1.864396119533485476e-03
-2.462500000006482281e+00,1.430703816395953368e-11,-1.877380476582130638e-03
-2.460000000006474785e+00,1.468528008881843003e-11,-1.890455261585558423e-03
-2.457500000006467289e+00,1.507345262227739768e-11,-1.903621104318053200e-03
-2.455000000006460681e+00,1.547196737680885503e-11,-1.916878638940043783e-03
-2.452500000006453185e+00,1.588093636871121996e-11,-1.930228504028378474e-03
-2.450000000006446577e+00,1.630079354089214579e-11,-1.943671342607178202e-03
-2.447500000006439080e+00,1.673166389167997268e-11,-1.957207802178838416e-03
-2.445000000006432472e+00,1.717404049136102916e-11,-1.970838534755232213e-03
-2.442500000006424976e+00,1.762805922110381278e-11,-1.984564196889132028e-03
-2.440000000006418368e+00,1.809398584287541034e-11,-1.998385449705736283e-03
-2.437500000006410872e+00,1.857232461054711948e-11,-2.012302958934641863e-03
-2.435000000006404264e+00,1.906332904786869238e-11,-2.026317394941544014e-03
-2.432500000006395879e+00,1.956728095029234286e-11,-2.040429432761337904e-03
-2.430000000006388383e+00,2.008458651592155763e-11,-2.054639752129594748e-03
-2.427500000006381775e+00,2.061549215863419794e-11,-2.068949037516100084e-03
-2.425000000006374279e+00,2.116050441662461927e-11,-2.083357978157633975e-03
-2.422500000006367671e+00,2.171983897479377867e-11,-2.097867268090747306e-03
-2.420000000006360175e+00,2.229403993792149472e-11,-2.112477606185767139e-03
-2.417500000006353567e+00,2.288341138925806225e-11,-2.127189696180219192e-03
-2.415000000006346070e+00,2.348834530123182611e-11,-2.142004246712704823e-03
-2.412500000006339462e+00,2.410928890293108009e-11,-2.156921971356998320e-03
-2.410000000006331966e+00,2.474661926226742149e-11,-2.171943588656533204e-03
-2.407500000006325358e+00,2.540083761070063425e-11,-2.187069822158751054e-03
-2.405000000006317862e+00,2.607225269941691042e-11,-2.202301400450308155e-03
-2.402500000006309477e+00,2.676158316453106340e-11,-2.217639057192077445e-03
-2.400000000006302869e+00,2.746899730432505867e-11,-2.233083531154411976e-03
-2.397500000006295373e+00,2.819514016314917426e-11,-2.248635566252649067e-03
-2.395000000006288765e+00,2.894048243089018399e-11,-2.264295911583026448e-03
-2.392500000006281269e+00,2.970553884581640643e-11,-2.280065321458799640e-03
-2.390000000006274661e+00,3.049083857464053160e-11,-2.295944555446597854e-03
-2.387500000006267165e+00,3.129685605235328738e-11,-2.311934378402932116e-03
-2.385000000006260557e+00,3.212423042934940913e-11,-2.328035560511014339e-03
-2.382500000006253060e+00,3.297341216613299198e-11,-2.344248877317920299e-03
-2.380000000006246452e+00,3.384511040388545433e-11,-2.360575109771979440e-03
-2.377500000006238956e+00,3.473986209773419939e-11,-2.377015044260288260e-03
-2.375000000006231460e+00,3.565822775654785422e-11,-2.393569472646701196e-03
-2.372500000006224852e+00,3.660089497941630316e-11,-2.410239192309764685e-03
-2.370000000006216467e+00,3.756845562981113644e-11,-2.427025006181439664e-03
-2.367500000006209859e+00,3.856155264887052700e-11,-2.443927722785541306e-03
-2.365000000006202363e+00,3.958096739863867077e-11,-2.460948156276759023e-03
-2.362500000006195755e+00,4.062732877071212150e-11,-2.478087126479790962e-03
-2.360000000006188259e+00,4.170128678579338794e-11,-2.495345458928955110e-03
-2.357500000006181651e+00,4.280374800853316501e-11,-2.512723984907981253e-03
-2.355000000006174155e+00,4.393524286653020059e-11,-2.530223541489853237e-03
-2.352500000006167546e+00,4.509669456375054439e-11,-2.547844971577228022e-03
-2.350000000006160050e+00,4.628889287443598957e-11,-2.565589123943255462e-03
-2.347500000006152554e+00,4.751255081729694598e-11,-2.583456853272034226e-03
-2.345000000006145946e+00,4.876853450987061112e-11,-2.601449020200039160e-03
-2.342500000006138450e+00,5.005780521387043512e-11,-2.619566491357717356e-03
-2.340000000006130954e+00,5.138107950236185988e-11,-2.637810139410789751e-03
-2.337500000006123457e+00,5.273940601172777627e-11,-2.656180843102978664e-03
-2.335000000006116849e+00,5.413356763477739618e-11,-2.674679487297378349e-03
-2.332500000006109353e+00,5.556461590181138865e-11,-2.693306963019894210e-03
-2.330000000006102745e+00,5.703353277316246069e-11,-2.712064167501789923e-03
-2.327500000006095249e+00,5.854122896371206876e-11,-2.730952004223110609e-03
-2.325000000006088641e+00,6.008878551723772937e-11,-2.749971382956015783e-03
-2.322500000006081144e+00,6.167728607859272831e-11,-2.769123219808621028e-03
-2.320000000006073648e+00,6.330775969968084547e-11,-2.788408437269070811e-03
-2.317500000006067040e+00,6.498134785867013797e-11,-2.807827964250291311e-03
-2.315000000006059544e+00,6.669915477494857962e-11,-2.827382736134287887e-03
-2.312500000006052936e+00,6.846238552358626604e-11,-2.847073694817661618e-03
-2.310000000006045440e+00,7.027221066324294339e-11,-2.866901788756479226e-03
-2.307500000006037943e+00,7.212995094620639439e-11,-2.886867973012403714e-03
-2.305000000006030447e+00,7.403670387457335734e-11,-2.906973209298392181e-03
-2.302500000006023839e+00,7.599393003688229794e-11,-2.927218466025195091e-03
-2.300000000006016343e+00,7.800287656974898575e-11,-2.947604718347822568e-03
-2.297500000006009735e+00,8.006494089461904637e-11,-2.968132948212874166e-03
-2.295000000006002239e+00,8.218147148303101704e-11,-2.988804144405393312e-03
-2.292500000005995631e+00,8.435399961496086031e-11,-3.009619302596800751e-03
-2.290000000005988134e+00,8.658394142105378255e-11,-3.030579425392664495e-03
-2.287500000005980638e+00,8.887283153239395216e-11,-3.051685522380982816e-03
-2.285000000005974030e+00,9.122228627601889760e-11,-3.072938610181145946e-03
-2.282500000005966534e+00,9.363377861249223115e-11,-3.094339712492625866e-03
-2.280000000005959926e+00,9.610905865561150528e-11,-3.115889860144040787e-03
-2.277500000005951541e+00,9.864976207873076135e-11,-3.137590091143474709e-03
-2.275000000005944933e+00,1.012576019513472201e-10,-3.159441450727847218e-03
-2.272500000005937437e+00,1.039343887507737809e-10,-3.181444991413737416e-03
-2.270000000005930829e+00,1.066819784725545238e-10,-3.203601773047300150e-03
-2.267500000005923333e+00,1.095021887703282883e-10,-3.225912862856495505e-03
-2.265000000005916725e+00,1.123969852820717349e-10,-3.248379335501647754e-03
-2.262500000005909229e+00,1.153682078650884683e-10,-3.271002273127267615e-03
-2.260000000005901732e+00,1.184180202943108724e-10,-3.293782765414316870e-03
-2.257500000005895124e+00,1.215485006390610228e-10,-3.316721909633056284e-03
-2.255000000005887628e+00,1.247616639841003689e-10,-3.339820810695251670e-03
-2.252500000005881020e+00,1.280598592120898823e-10,-3.363080581207637202e-03
-2.250000000005873524e+00,1.314451881902215912e-10,-3.386502341525730875e-03
-2.247500000005866916e+00,1.349200745269853058e-10,-3.410087219807616567e-03
-2.245000000005858531e+00,1.384867244149852435e-10,-3.433836352068251729e-03
-2.242500000005851923e+00,1.421477022513725882e-10,-3.457750882234158010e-03
-2.240000000005844427e+00,1.459054726068761398e-10,-3.481831962198774118e-03
-2.237500000005837819e+00,1.497625387213983387e-10,-3.506080751877639536e-03
-2.235000000005830323e+00,1.537215903484641410e-10,-3.530498419264267371e-03
-2.232500000005822827e+00,1.577853352328642225e-10,-3.555086140486710643e-03
-2.230000000005816219e+00,1.619564997571798109e-10,-3.579845099864144634e-03
-2.227500000005808722e+00,1.662378932056205093e-10,-3.604776489963262311e-03
-2.225000000005802114e+00,1.706325062422773196e-10,-3.629881511656868516e-03
-2.222500000005794618e+00,1.751432572341584059e-10,-3.655161374180610628e-03
-2.220000000005788010e+00,1.797732618637467571e-10,-3.680617295191971738e-03
-2.217500000005780514e+00,1.845256819953941131e-10,-3.706250500828653632e-03
-2.215000000005773018e+00,1.894037465056993918e-10,-3.732062225767497111e-03
-2.212500000005765521e+00,1.944107637417628260e-10,-3.758053713284284416e-03
-2.210000000005758913e+00,1.995501057168159273e-10,-3.784226215313189062e-03
-2.207500000005751417e+00,2.048253299699003039e-10,-3.810580992507657267e-03
-2.205000000005743921e+00,2.102400236855899191e-10,-3.837119314300512212e-03
-2.202500000005737313e+00,2.157978381552715976e-10,-3.863842458965485553e-03
-2.200000000005729817e+00,2.215025943654927480e-10,-3.890751713678777552e-03
-2.197500000005723209e+00,2.273581794952691374e-10,-3.917848374580738639e-03
-2.195000000005715712e+00,2.333684524744545167e-10,-3.945133746838869367e-03
-2.192500000005709104e+00,2.395376927748736588e-10,-3.972609144710067056e-03
-2.190000000005701608e+00,2.458700170710569892e-10,-4.000275891604177826e-03
-2.187500000005695000e+00,2.523697640171628308e-10,-4.028135320148041286e-03
-2.185000000005687504e+00,2.590413116757694459e-10,-4.056188772249330089e-03
-2.182500000005680008e+00,2.658892095670220230e-10,-4.084437599161034813e-03
-2.180000000005672511e+00,2.729181915029234041e-10,-4.112883161546954103e-03
-2.177500000005665015e+00,2.801328882165876851e-10,-4.141526829547192631e-03
-2.175000000005658407e+00,2.875384034187628335e-10,-4.170369982843873287e-03
-2.172500000005650911e+00,2.951396723522868067e-10,-4.199414010727673362e-03
-2.170000000005644303e+00,3.029418502355949047e-10,-4.228660312164865542e-03
-2.167500000005636807e+00,3.109503102845545583e-10,-4.258110295864890593e-03
-2.165000000005630199e+00,3.191704597923686984e-10,-4.287765380347632535e-03
-2.162500000005622702e+00,3.276079072556348760e-10,-4.317626994012233391e-03
-2.160000000005616094e+00,3.362684262412011896e-10,-4.347696575205759612e-03
-2.157500000005608598e+00,3.451578535645221221e-10,-4.377975572292315196e-03
-2.155000000005601990e+00,3.542823562474380326e-10,-4.408465443723326611e-03
-2.152500000005593606e+00,3.636479547892893047e-10,-4.439167658106949951e-03
-2.150000000005586109e+00,3.732612592880647131e-10,-4.470083694279571029e-03
-2.147500000005579501e+00,3.831286489788743644e-10,-4.501215041376754704e-03
-2.145000000005572005e+00,3.932568841750561089e-10,-4.532563198904875947e-03
-2.142500000005565397e+00,4.036528598572711936e-10,-4.564129676813575773e-03
-2.140000000005557901e+00,4.143236325516816989e-10,-4.595915995567955228e-03
-2.137500000005551293e+00,4.252765575156288770e-10,-4.627923686222702726e-03
-2.135000000005543797e+00,4.365189441535823850e-10,-4.660154290495112893e-03
-2.132500000005537188e+00,4.480586240315570783e-10,-4.692609360839634577e-03
-2.130000000005529692e+00,4.599033062103205631e-10,-4.725290460522544624e-03
-2.127500000005523084e+00,4.720611729980477453e-10,-4.758199163697407474e-03
-2.125000000005515588e+00,4.845403975762835539e-10,-4.791337055480487071e-03
-2.122500000005508092e+00,4.973495077188433201e-10,-4.824705732027822352e-03
-2.120000000005500596e+00,5.104971911879473084e-10,-4.858306800611352123e-03
-2.117500000005493099e+00,5.239925250403867268e-10,-4.892141879696772049e-03
-2.115000000005486491e+00,5.378445410561554097e-10,-4.926212599021436746e-03
-2.112500000005478995e+00,5.520627838347041968e-10,-4.960520599672808319e-03
-2.110000000005472387e+00,5.666569065707325944e-10,-4.995067534167250099e-03
-2.107500000005464891e+00,5.816368222897975140e-10,-5.029855066530326997e-03
-2.105000000005458283e+00,5.970127199711827932e-10,-5.064884872376033791e-03
-2.102500000005450786e+00,6.127951467969359125e-10,-5.100158638988269884e-03
-2.100000000005444178e+00,6.289947356037117897e-10,-5.135678065401785841e-03
-2.097500000005436682e+00,6.456225797113868669e-10,-5.171444862483868046e-03
-2.095000000005429186e+00,6.626900086815549159e-10,-5.207460753017209044e-03
-2.092500000005422578e+00,6.802086178913879153e-10,-5.243727471782338133e-03
-2.090000000005414194e+00,6.981903456722571611e-10,-5.280246765641692999e-03
-2.087500000005407585e+00,7.166474284160066462e-10,-5.317020393623300180e-03
-2.085000000005400089e+00,7.355924018963418293e-10,-5.354050127005796460e-03
-2.082500000005393481e+00,7.550382563588618001e-10,-5.391337749403792012e-03
-2.080000000005385985e+00,7.749981263479738712e-10,-5.428885056853409614e-03
-2.077500000005379377e+00,7.954856381365160659e-10,-5.466693857899236793e-03
-2.075000000005371881e+00,8.165148017047046633e-10,-5.504765973681434964e-03
-2.072500000005365273e+00,8.380998737335725157e-10,-5.543103238022755765e-03
-2.070000000005357776e+00,8.602555306458279085e-10,-5.581707497517763954e-03
-2.067500000005351168e+00,8.829968997089276487e-10,-5.620580611621219837e-03
-2.065000000005343672e+00,9.063394589427486835e-10,-5.659724452738197284e-03
-2.062500000005336176e+00,9.302990905637361632e-10,-5.699140906313311834e-03
-2.060000000005329568e+00,9.548920912771997485e-10,-5.738831870922621141e-03
-2.057500000005321183e+00,9.801352339178714241e-10,-5.778799258364309376e-03
-2.055000000005314575e+00,1.006045699516085620e-09,-5.819044993751197430e-03
-2.052500000005307079e+00,1.032641095089072133e-09,-5.859571015603286075e-03
-2.050000000005300471e+00,1.059939605565911853e-09,-5.900379275940876786e-03
-2.047500000005292975e+00,1.087959751548798459e-09,-5.941471740379413412e-03
-2.045000000005286367e+00,1.116720606857676174e-09,-5.982850388223185864e-03
-2.042500000005278871e+00,1.146241794249442159e-09,-6.024517212561299358e-03
-2.040000000005272263e+00,1.176543375580456617e-09,-6.066474220363479719e-03
-2.037500000005264766e+00,1.207646006061587623e-09,-6.108723432576599471e-03
-2.035000000005257270e+00,1.239570851960112153e-09,-6.151266884222446850e-03
-2.032500000005250662e+00,1.272339674791955259e-09,-6.194106624495114045e-03
-2.030000000005243166e+00,1.305974714650198971e-09,-6.237244716860324868e-03
-2.027500000005235670e+00,1.340498936592344997e-09,-6.280683239154498734e-03
-2.025000000005228173e+00,1.375935836207758205e-09,-6.324424283684827730e-03
-2.022500000005221565e+00,1.412309515176225935e-09,-6.368469957330094404e-03
-2.020000000005214069e+00,1.449644754729451511e-09,-6.412822381642235489e-03
-2.017500000005207461e+00,1.487966994514800187e-09,-6.457483692948468544e-03
-2.015000000005199965e+00,1.527302285896551322e-09,-6.502456042454412589e-03
-2.012500000005193357e+00,1.567677444498692774e-09,-6.547741596347072569e-03
-2.010000000005185861e+00,1.609119923271748074e-09,-6.593342535899827418e-03
-2.007500000005178364e+00,1.651657961770831226e-09,-6.639261057577228176e-03
-2.005000000005171756e+00,1.695320530313369700e-09,-6.685499373140972243e-03
-2.002500000005164260e+00,1.740137351942589552e-09,-6.732059709755977388e-03
-2.000000000005157652e+00,1.786138938128488592e-09,-6.778944310098380423e-03
-1.997500000005150156e+00,1.833356606161953054e-09,-6.826155432462917456e-03
-1.995000000005142660e+00,1.881822442396785328e-09,-6.873695350871894885e-03
-1.992500000005135163e+00,1.931569548837755034e-09,-6.921566355184888969e-03
-1.990000000005128555e+00,1.982631757699437619e-09,-6.969770751208861741e-03
-1.987500000005121059e+00,2.035043847721866034e-09,-7.018310860809316015e-03
-1.985000000005114451e+00,2.088841409902304045e-09,-7.067189022022194594e-03
-1.982500000005106955e+00,2.144061194065995407e-09,-7.116407589166067436e-03
-1.980000000005099459e+00,2.200740758566102743e-09,-7.165968932956404830e-03
-1.977500000005092851e+00,2.258918621005582736e-09,-7.215875440618607639e-03
-1.975000000005085354e+00,2.318634523248247440e-09,-7.266129516004131428e-03
-1.972500000005078746e+00,2.379928996506968229e-09,-7.316733579705450054e-03
-1.970000000005071250e+00,2.442843848023773493e-09,-7.367690069173165983e-03
-1.967500000005064642e+00,2.507421897724576886e-09,-7.419001438833104124e-03
-1.965000000005056258e+00,2.573707088912248251e-09,-7.470670160204585276e-03
-1.962500000005049650e+00,2.641744568173673621e-09,-7.522698722019485404e-03
-1.960000000005042153e+00,2.711580660114151650e-09,-7.575089630342524832e-03
-1.957500000005035545e+00,2.783262926601174612e-09,-7.627845408690988455e-03
-1.955000000005028049e+00,2.856840188225775392e-09,-7.680968598157247515e-03
-1.952500000005020553e+00,2.932362443428887088e-09,-7.734461757530968276e-03
-1.950000000005013945e+00,3.009881194336867087e-09,-7.788327463421900083e-03
-1.947500000005006449e+00,3.089449209661768653e-09,-7.842568310384222946e-03
-1.945000000004999841e+00,3.171120666025795849e-09,-7.897186911041862226e-03
-1.942500000004992344e+00,3.254951137365955345e-09,-7.952185896213759958e-03
-1.940000000004985736e+00,3.340997693329325647e-09,-8.007567915041115952e-03
-1.937500000004978240e+00,3.429319021407576522e-09,-8.063335635114460623e-03
-1.935000000004971632e+00,3.519975118689885138e-09,-8.119491742602784334e-03
-1.932500000004963248e+00,3.613027746493449436e-09,-8.176038942382385724e-03
-1.930000000004956640e+00,3.708540321266126770e-09,-8.232979958167199741e-03
-1.927500000004949143e+00,3.806577772037999832e-09,-8.290317532640371218e-03
-1.925000000004941647e+00,3.907206951991049019e-09,-8.348054427585899565e-03
-1.922500000004935039e+00,4.010496304662115059e-09,-8.406193424022097987e-03
-1.920000000004927543e+00,4.116516161742326945e-09,-8.464737322335188011e-03
-1.917500000004920935e+00,4.225338722758198076e-09,-8.523688942414644337e-03
-1.915000000004913439e+00,4.337038100614598464e-09,-8.583051123788192766e-03
-1.912500000004906830e+00,4.451690310110370187e-09,-8.642826725759349474e-03
-1.910000000004899334e+00,4.569373402377774675e-09,-8.703018627545154595e-03
-1.907500000004892726e+00,4.690167526825208126e-09,-8.763629728414289166e-03
-1.905000000004885230e+00,4.814154920966321039e-09,-8.824662947827081189e-03
-1.902500000004877734e+00,4.941420001581819225e-09,-8.886121225576144866e-03
-1.900000000004870238e+00,5.072049394127805014e-09,-8.948007521927809141e-03
-1.897500000004862741e+00,5.206132060120110106e-09,-9.010324817764965230e-03
-1.895000000004856133e+00,5.343759275906536534e-09,-9.073076114730382544e-03
-1.892500000004848637e+00,5.485024729521066484e-09,-9.136264435371497378e-03
-1.890000000004842029e+00,5.630024712475022884e-09,-9.199892823285848661e-03
-1.887500000004834533e+00,5.778857755537470597e-09,-9.263964343267615253e-03
-1.885000000004827925e+00,5.931625310303885594e-09,-9.328482081455738775e-03
-1.882500000004820429e+00,6.088431354728562929e-09,-9.393449145481685622e-03
-1.880000000004813820e+00,6.249382709158941425e-09,-9.458868664620008818e-03
-1.877500000004806324e+00,6.414588902899967361e-09,-9.524743789938519556e-03
-1.875000000004799716e+00,6.584162381649985845e-09,-9.591077694450280203e-03
-1.872500000004792220e+00,6.758218651218040243e-09,-9.657873573266608641e-03
-1.870000000004783836e+00,6.936876221914317881e-09,-9.725134643750571808e-03
-1.867500000004777228e+00,7.120256703365616926e-09,-9.792864145672196610e-03
-1.865000000004769731e+00,7.308484949740945955e-09,-9.861065341364475337e-03
-1.862500000004763123e+00,7.501689118593738139e-09,-9.929741515880599265e-03
-1.860000000004755627e+00,7.700000778325060221e-09,-9.998895977152021455e-03
-1.857500000004749019e+00,7.903554915591414435e-09,-1.006853205614800795e-02
-1.855000000004741523e+00,8.112490118251322494e-09,-1.013865310703568855e-02
-1.852500000004734915e+00,8.326948676771356479e-09,-1.020926250734226041e-02
-1.850000000004727418e+00,8.547076534575385228e-09,-1.028036365811681001e-02
-1.847500000004720810e+00,8.773023620139230174e-09,-1.035195998409521069e-02
-1.845000000004713314e+00,9.004943790511342226e-09,-1.042405493386400900e-02
-1.842500000004706706e+00,9.242994849593316283e-09,-1.049665198002696850e-02
-1.840000000004698322e+00,9.487338943197258901e-09,-1.056975461937288349e-02
-1.837500000004690826e+00,9.738142446152810262e-09,-1.064336637304290518e-02
-1.835000000004684217e+00,9.995576088206284986e-09,-1.071749078670120037e-02
-1.832500000004676721e+00,1.025981511446827517e-08,-1.079213143070486408e-02
-1.830000000004670113e+00,1.053103950425388663e-08,-1.086729190027666339e-02
-1.827500000004662617e+00,1.080943381189878998e-08,-1.094297581567782104e-02
-1.825000000004656009e+00,1.109518768931035126e-08,-1.101918682238220773e-02
-1.822500000004648513e+00,1.138849561685012398e-08,-1.109592859125228120e-02
-1.820000000004641905e+00,1.168955734776430895e-08,-1.117320481871572971e-02
-1.817500000004634408e+00,1.199857778784171044e-08,-1.125101922694360553e-02
-1.815000000004627800e+00,1.231576738214874709e-08,-1.132937556402947334e-02
-1.812500000004620304e+00,1.264134207426056996e-08,-1.140827760417008514e-02
-1.810000000004612808e+00,1.297552350300732282e-08,-1.148772914784717235e-02
-1.807500000004605312e+00,1.331853925812545096e-08,-1.156773402201048857e-02
-1.805000000004597815e+00,1.367062283022096691e-08,-1.164829608026185861e-02
-1.802500000004591207e+00,1.403201393136018618e-08,-1.172941920304122060e-02
-1.800000000004583711e+00,1.440295862182239441e-08,-1.181110729781350774e-02
-1.797500000004577103e+00,1.478370946600723965e-08,-1.189336429925630205e-02
-1.795000000004569607e+00,1.517452572441624210e-08,-1.197619416945037985e-02
-1.792500000004562999e+00,1.557567335384472977e-08,-1.205960089806921813e-02
-1.790000000004555503e+00,1.598742564445004195e-08,-1.214358850257236250e-02
-1.787500000004548895e+00,1.641006280714120528e-08,-1.222816102839836307e-02
-1.785000000004541398e+00,1.684387264169038684e-08,-1.231332254915983200e-02
-1.782500000004533902e+00,1.728915052477061513e-08,-1.239907716683909950e-02
-1.780000000004527294e+00,1.774619957438454874e-08,-1.248542901198685003e-02
-1.777500000004518910e+00,1.821533100498216271e-08,-1.257238224392007164e-02
-1.775000000004512302e+00,1.869686416968599279e-08,-1.265994105092290573e-02
-1.772500000004504805e+00,1.919112696761390408e-08,-1.274810965044837624e-02
-1.770000000004498197e+00,1.969845593275649801e-08,-1.283689228932127779e-02
-1.767500000004490701e+00,2.021919641802436514e-08,-1.292629324394311933e-02
-1.765000000004484093e+00,2.075370300561187423e-08,-1.301631682049773746e-02
-1.762500000004476597e+00,2.130233957890962424e-08,-1.310696735515866872e-02
-1.760000000004469989e+00,2.186547969992303246e-08,-1.319824921429854463e-02
-1.757500000004462493e+00,2.244350675505613464e-08,-1.329016679469892381e-02
-1.755000000004454996e+00,2.303681428066234215e-08,-1.338272452376211563e-02
-1.752500000004448388e+00,2.364580627789576029e-08,-1.347592685972465350e-02
-1.750000000004440892e+00,2.427089731944542944e-08,-1.356977829187205539e-02
-1.747500000004434284e+00,2.491251310363395476e-08,-1.366428334075436499e-02
-1.745000000004425900e+00,2.557109026362218995e-08,-1.375944655840505987e-02
-1.742500000004419292e+00,2.624707737596459795e-08,-1.385527252855928149e-02
-1.740000000004411795e+00,2.694093457370731497e-08,-1.395176586687523965e-02
-1.737500000004405187e+00,2.765313432022959953e-08,-1.404893122115618079e-02
-1.735000000004397691e+00,2.838416150329971093e-08,-1.414677327157464436e-02
-1.732500000004391083e+00,2.913451386117815537e-08,-1.424529673089742175e-02
-1.730000000004383587e+00,2.990470217721074711e-08,-1.434450634471281377e-02
-1.727500000004376091e+00,3.069525086248172792e-08,-1.444440689165917696e-02
-1.725000000004369483e+00,3.150669825918487067e-08,-1.454500318365535907e-02
-1.722500000004361986e+00,3.233959668752239659e-08,-1.464630006613198109e-02
-1.720000000004355378e+00,3.319451330221461974e-08,-1.474830241826505413e-02
-1.717500000004347882e+00,3.407203018190079387e-08,-1.485101515321107964e-02
-1.715000000004340386e+00,3.497274470277220110e-08,-1.495444321834373327e-02
-1.712500000004332890e+00,3.589727016731645671e-08,-1.505859159549178226e-02
-1.710000000004326282e+00,3.684623604621765163e-08,-1.516346530117967766e-02
-1.707500000004318785e+00,3.782028835773733391e-08,-1.526906938686852649e-02
-1.705000000004312177e+00,3.882009031823745997e-08,-1.537540893919994364e-02
-1.702500000004304681e+00,3.984632268873059081e-08,-1.548248908024068074e-02
-1.700000000004297185e+00,4.089968411860641790e-08,-1.559031496772949298e-02
-1.697500000004290577e+00,4.198089176050139032e-08,-1.569889179532571108e-02
-1.695000000004283081e+00,4.309068179065969457e-08,-1.580822479285938151e-02
-1.692500000004276473e+00,4.422980978343422122e-08,-1.591831922658240583e-02
-1.690000000004268976e+00,4.539905130808449262e-08,-1.602918039942374806e-02
-1.687500000004262368e+00,4.659920244998544336e-08,-1.614081365124319517e-02
-1.685000000004254872e+00,4.783108027928827501e-08,-1.625322435908987950e-02
-1.682500000004247376e+00,4.909552358291385524e-08,-1.636641793746042989e-02
-1.680000000004239880e+00,5.039339315864599162e-08,-1.648039983856011692e-02
-1.677500000004233272e+00,5.172557269906864479e-08,-1.659517555256545540e-02
-1.675000000004225775e+00,5.309296923205493731e-08,-1.671075060788861782e-02
-1.672500000004218279e+00,5.449651370782988692e-08,-1.682713057144384627e-02
-1.670000000004211671e+00,5.593716169434267370e-08,-1.694432104891515842e-02
-1.667500000004204175e+00,5.741589406680608615e-08,-1.706232768502687416e-02
-1.665000000004197567e+00,5.893371763893962609e-08,-1.718115616381542948e-02
-1.662500000004190071e+00,6.049166576268623923e-08,-1.730081220890251903e-02
-1.660000000004183462e+00,6.209079925079477792e-08,-1.742130158377215923e-02
-1.657500000004175966e+00,6.373220669387287062e-08,-1.754263009204667587e-02
-1.655000000004169358e+00,6.541700578373463932e-08,-1.766480357776721230e-02
-1.652500000004160974e+00,6.714634352638029835e-08,-1.778782792567521961e-02
-1.650000000004154366e+00,6.892139737003330096e-08,-1.791170906149552530e-02
-1.647500000004146870e+00,7.074337583198040152e-08,-1.803645295222196590e-02
-1.645000000004139373e+00,7.261351934529817543e-08,-1.816206560640476128e-02
-1.642500000004132765e+00,7.453310127299734797e-08,-1.828855307443991163e-02
-1.640000000004125269e+00,7.650342844593686431e-08,-1.841592144886081486e-02
-1.637500000004118661e+00,7.852584242462117047e-08,-1.854417686463130654e-02
-1.635000000004111165e+00,8.060172013781800393e-08,-1.867332549944170084e-02
-1.632500000004104557e+00,8.273247491124257246e-08,-1.880337357400587925e-02
-1.630000000004097060e+00,8.491955746956448324e-08,-1.893432735236122086e-02
-1.627500000004090452e+00,8.716445689765159511e-08,-1.906619314217000358e-02
-1.625000000004082956e+00,8.946870150426012023e-08,-1.919897729502383077e-02
-1.622500000004076348e+00,9.183386024452721054e-08,-1.933268620674902238e-02
-1.620000000004067964e+00,9.426154338586757686e-08,-1.946732631771458735e-02
-1.617500000004061356e+00,9.675340378851478833e-08,-1.960290411314308950e-02
-1.615000000004053859e+00,9.931113802390684916e-08,-1.973942612342215533e-02
-1.612500000004046363e+00,1.019364874276551429e-07,-1.987689892442006181e-02
-1.610000000004039755e+00,1.046312395729939916e-07,-2.001532913780137632e-02
-1.607500000004032259e+00,1.073972291198622053e-07,-2.015472343134680142e-02
-1.605000000004025651e+00,1.102363392188706343e-07,-2.029508851927399118e-02
-1.602500000004018155e+00,1.131505029111319921e-07,-2.043643116256040407e-02
-1.600000000004011547e+00,1.161417042550628296e-07,-2.057875816927022192e-02
-1.597500000004004050e+00,1.192119798078194500e-07,-2.072207639488115455e-02
-1.595000000003997442e+00,1.223634199836902318e-07,-2.086639274261506763e-02
-1.592500000003989946e+00,1.255981703170172662e-07,-2.101171416377050488e-02
-1.590000000003982450e+00,1.289184331928531752e-07,-2.115804765805758339e-02
-1.587500000003974954e+00,1.323264692517265159e-07,-2.130540027393466873e-02
-1.585000000003967457e+00,1.358245987524968552e-07,-2.145377910894871731e-02
-1.582500000003960849e+00,1.394152034388908659e-07,-2.160319131007622587e-02
-1.580000000003953353e+00,1.431007279097361173e-07,-2.175364407406842754e-02
-1.577500000003946745e+00,1.468836813806988402e-07,-2.190514464779704309e-02
-1.575000000003939249e+00,1.507666395347616286e-07,-2.205770032860397689e-02
-1.572500000003932641e+00,1.547522460267927645e-07,-2.221131846465224449e-02
-1.570000000003925145e+00,1.588432143806740736e-07,-2.236600645528068892e-02
-1.567500000003918537e+00,1.630423299498078627e-07,-2.252177175135962328e-02
-1.565000000003911040e+00,1.673524516260276486e-07,-2.267862185565017175e-02
-1.562500000003904432e+00,1.717765139937677441e-07,-2.283656432316538351e-02
-1.560000000003896936e+00,1.763175290863042827e-07,-2.299560676153432695e-02
-1.557500000003888552e+00,1.809785886417895947e-07,-2.315575683136867138e-02
-1.555000000003881944e+00,1.857628661207429162e-07,-2.331702224663094111e-02
-1.552500000003874447e+00,1.906736188134548353e-07,-2.347941077500709586e-02
-1.550000000003867839e+00,1.957141901953305381e-07,-2.364293023828014165e-02
-1.547500000003860343e+00,2.008880121096601237e-07,-2.380758851270671494e-02
-1.545000000003853735e+00,2.061986071051439826e-07,-2.397339352939671653e-02
-1.542500000003846239e+00,2.116495908421731629e-07,-2.414035327469549186e-02
-1.540000000003839631e+00,2.172446746539374331e-07,-2.430847579056794050e-02
-1.537500000003832135e+00,2.229876677988014298e-07,-2.447776917498675417e-02
-1.535000000003825527e+00,2.288824804260393002e-07,-2.464824158232137297e-02
-1.532500000003818030e+00,2.349331259805769362e-07,-2.481990122373166352e-02
-1.530000000003810534e+00,2.411437239502347596e-07,-2.499275636756336655e-02
-1.527500000003803038e+00,2.475185028017958833e-07,-2.516681533974536936e-02
-1.525000000003795542e+00,2.540618027887667803e-07,-2.534208652419198474e-02
-1.522500000003788934e+00,2.607780788140629832e-07,-2.551857836320636438e-02
-1.520000000003781437e+00,2.676719035653554578e-07,-2.569629935788667746e-02
-1.517500000003774829e+00,2.747479707940174098e-07,-2.587525806853606739e-02
-1.515000000003767333e+00,2.820110980840286144e-07,-2.605546311507502336e-02
-1.512500000003760725e+00,2.894662304596847738e-07,-2.623692317745613192e-02
-1.510000000003753229e+00,2.971184437191051572e-07,-2.641964699608287392e-02
-1.507500000003746621e+00,3.049729478676383540e-07,-2.660364337222952472e-02
-1.505000000003739125e+00,3.130350905034282940e-07,-2.678892116846641469e-02
-1.502500000003731628e+00,3.213103607480515280e-07,-2.697548930908581083e-02
-1.500000000003725020e+00,3.298043926541686263e-07,-2.716335678053203098e-02
-1.497500000003717524e+00,3.385229694422210919e-07,-2.735253263183472575e-02
-1.495000000003710028e+00,3.474720270444635336e-07,-2.754302597504400957e-02
-1.492500000003702532e+00,3.566576582765385159e-07,-2.773484598567002232e-02
-1.490000000003695924e+00,3.660861172384496355e-07,-2.792800190312444419e-02
-1.487500000003688427e+00,3.757638231558883362e-07,-2.812250303116587205e-02
-1.485000000003681819e+00,3.856973650305893143e-07,-2.831835873834757586e-02
-1.482500000003674323e+00,3.958935060006539021e-07,-2.851557845846922762e-02
-1.480000000003667715e+00,4.063591881013434287e-07,-2.871417169103074665e-02
-1.477500000003660219e+00,4.171015368164451674e-07,-2.891414800169025620e-02
-1.475000000003652723e+00,4.281278659159323481e-07,-2.911551702272496475e-02
-1.472500000003646115e+00,4.394456826152694211e-07,-2.931828845349431292e-02
-1.470000000003638618e+00,4.510626925683961007e-07,-2.952247206090840431e-02
-1.467500000003632010e+00,4.629868052230563818e-07,-2.972807767989736616e-02
-1.465000000003623626e+00,4.752261388395887130e-07,-2.993511521388582397e-02
-1.462500000003617018e+00,4.877890266759802713e-07,-3.014359463526887495e-02
-1.460000000003609522e+00,5.006840218918590776e-07,-3.035352598589399070e-02
-1.457500000003602914e+00,5.139199041023925799e-07,-3.056491937754327384e-02
-1.455000000003595417e+00,5.275056847757415762e-07,-3.077778499242143223e-02
-1.452500000003588809e+00,5.414506136500241163e-07,-3.099213308364573427e-02
-1.450000000003581313e+00,5.557641851370332372e-07,-3.120797397573987081e-02
-1.447500000003573817e+00,5.704561444457431765e-07,-3.142531806513181730e-02
-1.445000000003567209e+00,5.855364944839937542e-07,-3.164417582065364581e-02
-1.442500000003559713e+00,6.010155026850624137e-07,-3.186455778404672506e-02
-1.440000000003553104e+00,6.169037076809221355e-07,-3.208647457046894663e-02
-1.437500000003545608e+00,6.332119269031202815e-07,-3.230993686900646145e-02
-1.435000000003539000e+00,6.499512636732923505e-07,-3.253495544318749794e-02
-1.432500000003530616e+00,6.671331148548215068e-07,-3.276154113150246683e-02
-1.430000000003524008e+00,6.847691786000211919e-07,-3.298970484792432267e-02
-1.427500000003516512e+00,7.028714621951719581e-07,-3.321945758243541325e-02
-1.425000000003509903e+00,7.214522905200940456e-07,-3.345081040155645918e-02
-1.422500000003502407e+00,7.405243142083497184e-07,-3.368377444887970390e-02
-1.420000000003494911e+00,7.601005182534161741e-07,-3.391836094560543580e-02
-1.417500000003488303e+00,7.801942309904654751e-07,-3.415458119108225749e-02
-1.415000000003480807e+00,8.008191330506614361e-07,-3.439244656335235795e-02
-1.412500000003474199e+00,8.219892668025728776e-07,-3.463196851969847084e-02
-1.410000000003466702e+00,8.437190457052276847e-07,-3.487315859719637701e-02
-1.407500000003460094e+00,8.660232643323205158e-07,-3.511602841327014085e-02
-1.405000000003452598e+00,8.889171083158450199e-07,-3.536058966625228034e-02
-1.402500000003445102e+00,9.124161648128070144e-07,-3.560685413594667781e-02
-1.400000000003437606e+00,9.365364329678944586e-07,-3.585483368419623007e-02
-1.397500000003430998e+00,9.612943348388991007e-07,-3.610454025545403040e-02
-1.395000000003423501e+00,9.867067266954062753e-07,-3.635598587735934528e-02
-1.392500000003416893e+00,1.012790910350575843e-06,-3.660918266131581861e-02
-1.390000000003409397e+00,1.039564645034407895e-06,-3.686414280307599711e-02
-1.387500000003401901e+00,1.067046159482001510e-06,-3.712087858332800000e-02
-1.385000000003395293e+00,1.095254164189277222e-06,-3.737940236828724699e-02
-1.382500000003387797e+00,1.124207864436108797e-06,-3.763972661029231503e-02
-1.380000000003381189e+00,1.153926973049984673e-06,-3.790186384840434769e-02
-1.377500000003373692e+00,1.184431724154741411e-06,-3.816582670901139118e-02
-1.375000000003367084e+00,1.215742886638612013e-06,-3.843162790643619292e-02
-1.372500000003359588e+00,1.247881778446841768e-06,-3.869928024354936380e-02
-1.370000000003352092e+00,1.280870281108291224e-06,-3.896879661238485809e-02
-1.367500000003344596e+00,1.314730854668277650e-06,-3.924018999476204528e-02
-1.365000000003337988e+00,1.349486552722643282e-06,-3.951347346291043949e-02
-1.362500000003330491e+00,1.385161038519589283e-06,-3.978866018009950822e-02
-1.360000000003322995e+00,1.421778600730900674e-06,-4.006576340127272762e-02
-1.357500000003316387e+00,1.459364170109094031e-06,-4.034479647368572480e-02
-1.355000000003308891e+00,1.497943336553650761e-06,-4.062577283755004764e-02
-1.352500000003302283e+00,1.537542366400088438e-06,-4.090870602667910638e-02
-1.350000000003294787e+00,1.578188220315244514e-06,-4.119360966914176886e-02
-1.347500000003288179e+00,1.619908571739642308e-06,-4.148049748791728802e-02
-1.345000000003280682e+00,1.662731825710323010e-06,-4.176938330155723078e-02
-1.342500000003274074e+00,1.706687137983571835e-06,-4.206028102485034892e-02
-1.340000000003265690e+00,1.751804435317738150e-06,-4.235320466949393098e-02
-1.337500000003259082e+00,1.798114435467695323e-06,-4.264816834476712476e-02
-1.335000000003251586e+00,1.845648668189689745e-06,-4.294518625821230201e-02
-1.332500000003244089e+00,1.894439496844816196e-06,-4.324427271631788028e-02
-1.330000000003237481e+00,1.944520140324664317e-06,-4.354544212520820162e-02
-1.327500000003229985e+00,1.995924695571050693e-06,-4.384870899133764405e-02
-1.325000000003223377e+00,2.048688161130570668e-06,-4.415408792218836892e-02
-1.322500000003215881e+00,2.102846460458729311e-06,-4.446159362697504197e-02
-1.320000000003209273e+00,2.158436466885046398e-06,-4.477124091735268374e-02
-1.317500000003201777e+00,2.215496028453483438e-06,-4.508304470813038339e-02
-1.315000000003195169e+00,2.274063993752964540e-06,-4.539702001798927300e-02
-1.312500000003187672e+00,2.334180238323699700e-06,-4.571318197020653173e-02
-1.310000000003181064e+00,2.395885691818211468e-06,-4.603154579338322033e-02
-1.307500000003172680e+00,2.459222365930450681e-06,-4.635212682217870750e-02
-1.305000000003165184e+00,2.524233383043493853e-06,-4.667494049804809392e-02
-1.302500000003158576e+00,2.590963005343848581e-06,-4.700000236998663761e-02
-1.300000000003151079e+00,2.659456665154781234e-06,-4.732732809527930018e-02
-1.297500000003144471e+00,2.729760995996527661e-06,-4.765693344025338785e-02
-1.295000000003136975e+00,2.801923863885431568e-06,-4.798883428103954685e-02
-1.292500000003130367e+00,2.875994400440925634e-06,-4.832304660433531934e-02
-1.290000000003122871e+00,2.952023036037343130e-06,-4.865958650817608921e-02
-1.287500000003116263e+00,3.030061534215474192e-06,-4.899847020270958059e-02
-1.285000000003108767e+00,3.110163026807674519e-06,-4.933971401097727444e-02
-1.282500000003102159e+00,3.192382050343332551e-06,-4.968333436970042566e-02
-1.280000000003094662e+00,3.276774583088686819e-06,-5.002934783007209618e-02
-1.277500000003086278e+00,3.363398082993331087e-06,-5.037777105855385101e-02
-1.275000000003079670e+00,3.452311527057676123e-06,-5.072862083767823438e-02
-1.272500000003072174e+00,3.543575451323954778e-06,-5.108191406685878150e-02
-1.270000000003065566e+00,3.637251992049619417e-06,-5.143766776320199408e-02
-1.267500000003058069e+00,3.733404928333278026e-06,-5.179589906232846819e-02
-1.265000000003051461e+00,3.832099725067134850e-06,-5.215662521919742917e-02
-1.262500000003043965e+00,3.933403577944734871e-06,-5.251986360893812211e-02
-1.260000000003037357e+00,4.037385458843871885e-06,-5.288563172768684373e-02
-1.257500000003029861e+00,4.144116163126828074e-06,-5.325394719342987915e-02
-1.255000000003023253e+00,4.253668357524499657e-06,-5.362482774685093517e-02
-1.252500000003015757e+00,4.366116629836657300e-06,-5.399829125218764264e-02
-1.250000000003008260e+00,4.481537539631354754e-06,-5.437435569809005720e-02
-1.247500000003001652e+00,4.600009670299479228e-06,-5.475303919848822920e-02
-1.245000000002993268e+00,4.721613682804137618e-06,-5.513435999346489452e-02
-1.242500000002986660e+00,4.846432370224786651e-06,-5.551833645013251606e-02
-1.240000000002979164e+00,4.974550714438865904e-06,-5.590498706352006741e-02
-1.237500000002972556e+00,5.106055943888800219e-06,-5.629433045746254360e-02
-1.235000000002965059e+00,5.241037592878068531e-06,-5.668638538549837513e-02
-1.232500000002958451e+00,5.379587562668008837e-06,-5.708117073177241402e-02
-1.230000000002950955e+00,5.521800183957274856e-06,-5.747870551194638605e-02
-1.227500000002944347e+00,5.667772281107529037e-06,-5.787900887411353418e-02
-1.225000000002936851e+00,5.817603238105616638e-06,-5.828210009972224076e-02
-1.222500000002929355e+00,5.971395066249929575e-06,-5.868799860450407690e-02
-1.220000000002922746e+00,6.129252473604510249e-06,-5.909672393940860330e-02
-1.217500000002915250e+00,6.291282936064109542e-06,-5.950829579154608834e-02
-1.215000000002907754e+00,6.457596770938461416e-06,-5.992273398513504878e-02
-1.212500000002900258e+00,6.628307211690248558e-06,-6.034005848245721504e-02
-1.210000000002893650e+00,6.803530485268692934e-06,-6.076028938481931041e-02
-1.207500000002886154e+00,6.983385891094200741e-06,-6.118344693352138763e-02
-1.205000000002879545e+00,7.167995882369929689e-06,-6.160955151083087611e-02
-1.202500000002872049e+00,7.357486149356297541e-06,-6.203862364096573295e-02
-1.200000000002865441e+00,7.551985705152196567e-06,-6.247068399108163944e-02
-1.197500000002857945e+00,7.751626973276507917e-06,-6.290575337226869679e-02
-1.195000000002850449e+00,7.956545877969235502e-06,-6.334385274055312487e-02
-1.192500000002843841e+00,8.166881936692095599e-06,-6.378500319790626760e-02
-1.190000000002836344e+00,8.382778355231574534e-06,-6.422922599326251480e-02
-1.187500000002829736e+00,8.604382124965717616e-06,-6.467654252354085309e-02
-1.185000000002822240e+00,8.831844123133241617e-06,-6.512697433467735941e-02
-1.182500000002814744e+00,9.065319215540965407e-06,-6.558054312266158037e-02
-1.180000000002807248e+00,9.304966361977375338e-06,-6.603727073458223740e-02
-1.177500000002800640e+00,9.550948724336364023e-06,-6.649717916967909370e-02
-1.175000000002793143e+00,9.803433777898441965e-06,-6.696029058040382786e-02
-1.172500000002786535e+00,1.006259342511034742e-05,-6.742662727348497365e-02
-1.170000000002779039e+00,1.032860411295375844e-05,-6.789621171100455876e-02
-1.167500000002772431e+00,1.060164695276147110e-05,-6.836906651147806047e-02
-1.165000000002764935e+00,1.088190784363785024e-05,-6.884521445094569925e-02
-1.162500000002757439e+00,1.116957759915796012e-05,-6.932467846406815959e-02
-1.160000000002750831e+00,1.146485207704179497e-05,-6.980748164523155330e-02
-1.157500000002743334e+00,1.176793231274279445e-05,-7.029364724966076505e-02
-1.155000000002736726e+00,1.207902465610118694e-05,-7.078319869453766899e-02
-1.152500000002728342e+00,1.239834091199102877e-05,-7.127615956013169662e-02
-1.150000000002721734e+00,1.272609848447398017e-05,-7.177255359093233367e-02
-1.147500000002714238e+00,1.306252052481072339e-05,-7.227240469679643842e-02
-1.145000000002707630e+00,1.340783608339941024e-05,-7.277573695409685073e-02
-1.142500000002700133e+00,1.376228026577839048e-05,-7.328257460688414326e-02
-1.140000000002693525e+00,1.412609439250916774e-05,-7.379294206805279976e-02
-1.137500000002686029e+00,1.449952616370329313e-05,-7.430686392051910616e-02
-1.135000000002678533e+00,1.488282982760976031e-05,-7.482436491840270543e-02
-1.132500000002671925e+00,1.527626635356901639e-05,-7.534546998822086450e-02
-1.130000000002664429e+00,1.568010360987932511e-05,-7.587020423008880576e-02
-1.127500000002657821e+00,1.609461654608635301e-05,-7.639859291892771298e-02
-1.125000000002650324e+00,1.652008738021035807e-05,-7.693066150568353412e-02
-1.122500000002643716e+00,1.695680579078147942e-05,-7.746643561855157123e-02
-1.120000000002635332e+00,1.740506911430420511e-05,-7.800594106421246399e-02
-1.117500000002628724e+00,1.786518254741368747e-05,-7.854920382907294718e-02
-1.115000000002621228e+00,1.833745935489750756e-05,-7.909625008052004191e-02
-1.112500000002614620e+00,1.882222108281639492e-05,-7.964710616817959055e-02
-1.110000000002607123e+00,1.931979777753979204e-05,-8.020179862518683755e-02
-1.107500000002599627e+00,1.983052821036683532e-05,-8.076035416946307499e-02
-1.105000000002593019e+00,2.035476010830136252e-05,-8.132279970500375099e-02
-1.102500000002585523e+00,2.089285039060830617e-05,-8.188916232317386412e-02
-1.100000000002578915e+00,2.144516541204274847e-05,-8.245946930401230890e-02
-1.097500000002571419e+00,2.201208121207077865e-05,-8.303374811754717089e-02
-1.095000000002564811e+00,2.259398377102969836e-05,-8.361202642511786354e-02
-1.092500000002557314e+00,2.319126927288705411e-05,-8.419433208070781216e-02
-1.090000000002549818e+00,2.380434437493256667e-05,-8.478069313228592252e-02
-1.087500000002542322e+00,2.443362648473104373e-05,-8.537113782315795818e-02
-1.085000000002535714e+00,2.507954404422218719e-05,-8.596569459332635554e-02
-1.082500000002528218e+00,2.574253682154999974e-05,-8.656439208086119663e-02
-1.080000000002520721e+00,2.642305621023552649e-05,-8.716725912327806525e-02
-1.077500000002514113e+00,2.712156553682154572e-05,-8.777432475892793518e-02
-1.075000000002506617e+00,2.783854037610202287e-05,-8.838561822839650917e-02
-1.072500000002500009e+00,2.857446887491038183e-05,-8.900116897591119069e-02
-1.070000000002492513e+00,2.932985208467430642e-05,-8.962100665076047634e-02
-1.067500000002485905e+00,3.010520430227664172e-05,-9.024516110872138341e-02
-1.065000000002478409e+00,3.090105342043502137e-05,-9.087366241349824347e-02
-1.062500000002471801e+00,3.171794128698887969e-05,-9.150654083817008622e-02
-1.060000000002464304e+00,3.255642407387613794e-05,-9.214382686664898681e-02
-1.057500000002456808e+00,3.341707265574977260e-05,-9.278555119514861338e-02
-1.055000000002449312e+00,3.430047299866683871e-05,-9.343174473366255839e-02
-1.052500000002441816e+00,3.520722655910079533e-05,-9.408243860745331422e-02
-1.050000000002435208e+00,3.613795069333041148e-05,-9.473766415855100487e-02
-1.047500000002427711e+00,3.709327907783500471e-05,-9.539745294726438563e-02
-1.045000000002421103e+00,3.807386214072910066e-05,-9.606183675369918407e-02
-1.042500000002413607e+00,3.908036750456902499e-05,-9.673084757929065192e-02
-1.040000000002406999e+00,4.011348044091684787e-05,-9.740451764834300030e-02
-1.037500000002399503e+00,4.117390433689000064e-05,-9.808287940958337892e-02
-1.035000000002392895e+00,4.226236117408624702e-05,-9.876596553772415410e-02
-1.032500000002385399e+00,4.337959202007650228e-05,-9.945380893503645570e-02
-1.030000000002378790e+00,4.452635753306496264e-05,-1.001464427329348400e-01
-1.027500000002370406e+00,4.570343847965694067e-05,-1.008439002935747758e-01
-1.025000000002362910e+00,4.691163626652004686e-05,-1.015462152114567085e-01
-1.022500000002356302e+00,4.815177348596495494e-05,-1.022534213150466387e-01
-1.020000000002348806e+00,4.942469447601766775e-05,-1.029655526684051942e-01
-1.017500000002342198e+00,5.073126589535035359e-05,-1.036826435728271101e-01
-1.015000000002334701e+00,5.207237731317316984e-05,-1.044047285684950310e-01
-1.012500000002328093e+00,5.344894181508525784e-05,-1.051318424361416953e-01
-1.010000000002320597e+00,5.486189662459932354e-05,-1.058640201987269547e-01
-1.007500000002313989e+00,5.631220374130557738e-05,-1.066012971231222878e-01
-1.005000000002306493e+00,5.780085059582148181e-05,-1.073437087218128139e-01
-1.002500000002299885e+00,5.932885072210248949e-05,-1.080912907546041773e-01
-1.000000000002292389e+00,6.089724444747563132e-05,-1.088440792303480148e-01
-9.975000000022848923e-01,6.250709960093858383e-05,-1.096021104086746939e-01
-9.950000000022773960e-01,6.415951224017327236e-05,-1.103654208017402771e-01
-9.925000000022698998e-01,6.585560739784631951e-05,-1.111340471759853649e-01
-9.900000000022632918e-01,6.759653984752003427e-05,-1.119080265539055402e-01
-9.875000000022557956e-01,6.938349488986355544e-05,-1.126873962158357334e-01
-9.850000000022491875e-01,7.121768915966418328e-05,-1.134721937017444809e-01
-9.825000000022416913e-01,7.310037145425105358e-05,-1.142624568130434642e-01
-9.800000000022350832e-01,7.503282358363271140e-05,-1.150582236144066656e-01
-9.775000000022275870e-01,7.701636124318075025e-05,-1.158595324356059969e-01
-9.750000000022209790e-01,7.905233490952903882e-05,-1.166664218733553526e-01
-9.725000000022134827e-01,8.114213075993600413e-05,-1.174789307931712740e-01
-9.700000000022059865e-01,8.328717161607747279e-05,-1.182970983312440910e-01
-9.675000000021993785e-01,8.548891791280147827e-05,-1.191209638963232065e-01
-9.650000000021909941e-01,8.774886869241396931e-05,-1.199505671716164651e-01
-9.625000000021843860e-01,9.006856262529871853e-05,-1.207859481166984605e-01
-9.600000000021768898e-01,9.244957905753611481e-05,-1.216271469694392982e-01
-9.575000000021702817e-01,9.489353908611850594e-05,-1.224742042479395193e-01
-9.550000000021627855e-01,9.740210666277466860e-05,-1.233271607524839136e-01
-9.525000000021561775e-01,9.997698972671820378e-05,-1.241860575675051148e-01
-9.500000000021486812e-01,1.026199413676150048e-04,-1.250509360635638501e-01
-9.475000000021420732e-01,1.053327610190878626e-04,-1.259218378993401111e-01
-9.450000000021345770e-01,1.081172956838915780e-04,-1.267988050236416586e-01
-9.425000000021279689e-01,1.109754411913544872e-04,-1.276818796774226994e-01
-9.400000000021204727e-01,1.139091434882436764e-04,-1.285711043958201738e-01
-9.375000000021129765e-01,1.169203999635397441e-04,-1.294665220102010905e-01
-9.350000000021063684e-01,1.200112608084452615e-04,-1.303681756502260425e-01
-9.325000000020979840e-01,1.231838304121893866e-04,-1.312761087459283771e-01
-9.300000000020913760e-01,1.264402687947587380e-04,-1.321903650298019706e-01
-9.275000000020838797e-01,1.297827930776019613e-04,-1.331109885389126501e-01
-9.250000000020772717e-01,1.332136789930837362e-04,-1.340380236170156669e-01
-9.225000000020697755e-01,1.367352624339212175e-04,-1.349715149166934858e-01
-9.200000000020631674e-01,1.403499410435378610e-04,-1.359115074015053992e-01
-9.175000000020556712e-01,1.440601758485065458e-04,-1.368580463481547937e-01
-9.150000000020490631e-01,1.478684929341526986e-04,-1.378111773486678515e-01
-9.125000000020415669e-01,1.517774851643494984e-04,-1.387709463125920695e-01
-9.100000000020340707e-01,1.557898139468255573e-04,-1.397373994692052979e-01
-9.075000000020274626e-01,1.599082110452871772e-04,-1.407105833697437081e-01
-9.050000000020199664e-01,1.641354804392958092e-04,-1.416905448896447761e-01
-9.025000000020124702e-01,1.684745002331864707e-04,-1.426773312308030894e-01
-9.000000000020049740e-01,1.729282246157474241e-04,-1.436709899238450550e-01
-8.975000000019983659e-01,1.774996858715467479e-04,-1.446715688304184844e-01
-8.950000000019908697e-01,1.821919964453560278e-04,-1.456791161454985273e-01
-8.925000000019842616e-01,1.870083510613701960e-04,-1.466936803997065941e-01
-8.900000000019767654e-01,1.919520288981401551e-04,-1.477153104616518997e-01
-8.875000000019701574e-01,1.970263958213550970e-04,-1.487440555402805564e-01
-8.850000000019626611e-01,2.022349066752847661e-04,-1.497799651872506466e-01
-8.825000000019551649e-01,2.075811076351993681e-04,-1.508230892993149830e-01
-8.800000000019485569e-01,2.130686386214979014e-04,-1.518734781207264906e-01
-8.775000000019410606e-01,2.187012357782039190e-04,-1.529311822456591308e-01
-8.750000000019344526e-01,2.244827340164221030e-04,-1.539962526206418714e-01
-8.725000000019269564e-01,2.304170696254899300e-04,-1.550687405470163871e-01
-8.700000000019194601e-01,2.365082829529139674e-04,-1.561486976834052798e-01
-8.675000000019119639e-01,2.427605211551671577e-04,-1.572361760482010318e-01
-8.650000000019053559e-01,2.491780410213601015e-04,-1.583312280220720847e-01
-8.625000000018978596e-01,2.557652118713332778e-04,-1.594339063504860154e-01
-8.600000000018912516e-01,2.625265185304808823e-04,-1.605442641462486997e-01
-8.575000000018837554e-01,2.694665643832863601e-04,-1.616623548920653741e-01
-8.550000000018762591e-01,2.765900745074754996e-04,-1.627882324431129402e-01
-8.525000000018696511e-01,2.839018988910159066e-04,-1.639219510296367199e-01
-8.500000000018621549e-01,2.914070157341990832e-04,-1.650635652595632552e-01
-8.475000000018555468e-01,2.991105348390385096e-04,-1.662131301211269008e-01
-8.450000000018480506e-01,3.070177010882507457e-04,-1.673707009855228134e-01
-8.425000000018414426e-01,3.151338980160996802e-04,-1.685363336095712095e-01
-8.400000000018330581e-01,3.234646514739053990e-04,-1.697100841384042436e-01
-8.375000000018264501e-01,3.320156333920679733e-04,-1.708920091081681525e-01
-8.350000000018189539e-01,3.407926656419601433e-04,-1.720821654487506569e-01
-8.325000000018123458e-01,3.498017239995639756e-04,-1.732806104865189656e-01
-8.300000000018048496e-01,3.590489422140921705e-04,-1.744874019470841753e-01
-8.275000000017973534e-01,3.685406161840869819e-04,-1.757025979580787156e-01
-8.250000000017907453e-01,3.782832082439671379e-04,-1.769262570519583855e-01
-8.225000000017832491e-01,3.882833515638100825e-04,-1.781584381688217922e-01
-8.200000000017766411e-01,3.985478546655317239e-04,-1.793992006592471655e-01
-8.175000000017691448e-01,4.090837060583903833e-04,-1.806486042871541242e-01
-8.150000000017625368e-01,4.198980789970887476e-04,-1.819067092326792923e-01
-8.125000000017550406e-01,4.309983363656017495e-04,-1.831735760950773395e-01
-8.100000000017484325e-01,4.423920356901763482e-04,-1.844492658956385367e-01
-8.075000000017400481e-01,4.540869342847990236e-04,-1.857338400806293199e-01
-8.050000000017334401e-01,4.660909945326730170e-04,-1.870273605242491477e-01
-8.025000000017259438e-01,4.784123893073722548e-04,-1.883298895316145860e-01
-8.000000000017184476e-01,4.910595075373200757e-04,-1.896414898417578543e-01
-7.975000000017118396e-01,5.040409599172450622e-04,-1.909622246306487969e-01
-7.950000000017043433e-01,5.173655847707899413e-04,-1.922921575142400308e-01
-7.925000000016977353e-01,5.310424540679361529e-04,-1.936313525515277190e-01
-7.900000000016902391e-01,5.450808796016875808e-04,-1.949798742476412938e-01
-7.875000000016836310e-01,5.594904193278257701e-04,-1.963377875569457809e-01
-7.850000000016761348e-01,5.742808838724478178e-04,-1.977051578861748204e-01
-7.825000000016695267e-01,5.894623432114130812e-04,-1.990820510975776780e-01
-7.800000000016620305e-01,6.050451335264495729e-04,-2.004685335120947320e-01
-7.775000000016545343e-01,6.210398642424341158e-04,-2.018646719125491706e-01
-7.750000000016470381e-01,6.374574252507265787e-04,-2.032705335468652785e-01
-7.725000000016395418e-01,6.543089943235326196e-04,-2.046861861313069575e-01
-7.700000000016329338e-01,6.716060447241466343e-04,-2.061116978537397282e-01
-7.675000000016254376e-01,6.893603530184334686e-04,-2.075471373769159356e-01
-7.650000000016188295e-01,7.075840070928510802e-04,-2.089925738417799383e-01
-7.625000000016113333e-01,7.262894143844068591e-04,-2.104480768708014149e-01
-7.600000000016047252e-01,7.454893103281002437e-04,-2.119137165713244342e-01
-7.575000000015972290e-01,7.651967670277872021e-04,-2.133895635389504719e-01
-7.550000000015906210e-01,7.854252021562930846e-04,-2.148756888609320292e-01
-7.525000000015831247e-01,8.061883880905570867e-04,-2.163721641196026113e-01
-7.500000000015765167e-01,8.275004612886097425e-04,-2.178790613958203060e-01
-7.475000000015690205e-01,8.493759319143013480e-04,-2.193964532724425320e-01
-7.450000000015606361e-01,8.718296937162083558e-04,-2.209244128378214378e-01
-7.425000000015540280e-01,8.948770341681613330e-04,-2.224630136893211985e-01
-7.400000000015465318e-01,9.185336448775184874e-04,-2.240123299368694809e-01
-7.375000000015399237e-01,9.428156322686863594e-04,-2.255724362065207600e-01
-7.350000000015324275e-01,9.677395285490710593e-04,-2.271434076440555228e-01
-7.325000000015258195e-01,9.933223029647967380e-04,-2.287253199185955710e-01
-7.300000000015183232e-01,1.019581373354300690e-03,-2.303182492262531023e-01
-7.275000000015117152e-01,1.046534618006953994e-03,-2.319222722937970271e-01
-7.250000000015042190e-01,1.074200387835407434e-03,-2.335374663823519270e-01
-7.225000000014976109e-01,1.102597518869724829e-03,-2.351639092911163020e-01
-7.200000000014901147e-01,1.131745345081702336e-03,-2.368016793611132653e-01
-7.175000000014835067e-01,1.161663711548234891e-03,-2.384508554789605828e-01
-7.150000000014751222e-01,1.192372987962796345e-03,-2.401115170806748245e-01
-7.125000000014676260e-01,1.223894082503824629e-03,-2.417837441554914757e-01
-7.100000000014610180e-01,1.256248456070022199e-03,-2.434676172497227120e-01
-7.075000000014535217e-01,1.289458136891830824e-03,-2.451632174706369627e-01
-7.050000000014469137e-01,1.323545735529139738e-03,-2.468706264903619829e-01
-7.025000000014394175e-01,1.358534460265577604e-03,-2.485899265498230093e-01
-7.000000000014328094e-01,1.394448132909575011e-03,-2.503212004627001774e-01
-6.975000000014253132e-01,1.431311205013453261e-03,-2.520645316194214947e-01
-6.950000000014187052e-01,1.469148774520908111e-03,-2.538200039911741590e-01
-6.925000000014112089e-01,1.507986602854834851e-03,-2.555877021339565403e-01
-6.900000000014046009e-01,1.547851132456737463e-03,-2.573677111926423455e-01
-6.875000000013971047e-01,1.588769504790025827e-03,-2.591601169050896658e-01
-6.850000000013896084e-01,1.630769578818811903e-03,-2.609650056062668977e-01
-6.825000000013821122e-01,1.673879949975754606e-03,-2.627824642324090854e-01
-6.800000000013746160e-01,1.718129969630814756e-03,-2.646125803252113995e-01
-6.775000000013680079e-01,1.763549765075028827e-03,-2.664554420360391029e-01
-6.750000000013605117e-01,1.810170260032492769e-03,-2.683111381301799825e-01
-6.725000000013539037e-01,1.858023195714385983e-03,-2.701797579911141001e-01
-6.700000000013464074e-01,1.907141152429913094e-03,-2.720613916248240116e-01
-6.675000000013397994e-01,1.957557571768223873e-03,-2.739561296641255250e-01
-6.650000000013323032e-01,2.009306779366947480e-03,-2.758640633730377045e-01
-6.625000000013256951e-01,2.062424008282488178e-03,-2.777852846511747464e-01
-6.600000000013181989e-01,2.116945422978256004e-03,-2.797198860381764352e-01
-6.575000000013107027e-01,2.172908143946881629e-03,-2.816679607181614697e-01
-6.550000000013040946e-01,2.230350272983452984e-03,-2.836296025242178720e-01
-6.525000000012957102e-01,2.289310919126953496e-03,-2.856049059429258685e-01
-6.500000000012891022e-01,2.349830225287071785e-03,-2.875939661189005347e-01
-6.475000000012816059e-01,2.411949395575542845e-03,-2.895968788593846766e-01
-6.450000000012749979e-01,2.475710723359360148e-03,-2.916137406388565334e-01
-6.425000000012675017e-01,2.541157620056151440e-03,-2.936446486036790038e-01
-6.400000000012608936e-01,2.608334644690244244e-03,-2.956897005767792352e-01
-6.375000000012533974e-01,2.677287534230609386e-03,-2.977489950623606885e-01
-6.350000000012467893e-01,2.748063234730279292e-03,-2.998226312506460656e-01
-6.325000000012392931e-01,2.820709933289471550e-03,-3.019107090226574308e-01
-6.300000000012317969e-01,2.895277090863153727e-03,-3.040133289550245310e-01
-6.275000000012251888e-01,2.971815475936301267e-03,-3.061305923248307526e-01
-6.250000000012176926e-01,3.050377199089323536e-03,-3.082626011144932177e-01
-6.225000000012110846e-01,3.131015748476890723e-03,-3.104094580166706363e-01
-6.200000000012027002e-01,3.213786026245286920e-03,-3.125712664392144569e-01
-6.175000000011960921e-01,3.298744385911708127e-03,-3.147481305101432203e-01
-6.150000000011885959e-01,3.385948670732556471e-03,-3.169401550826676517e-01
-6.125000000011819878e-01,3.475458253085246616e-03,-3.191474457402314058e-01
-6.100000000011744916e-01,3.567334074891694538e-03,-3.213701088016038820e-01
-6.075000000011678836e-01,3.661638689109900698e-03,-3.236082513259961324e-01
-6.050000000011603873e-01,3.758436302322944438e-03,-3.258619811182225656e-01
-6.025000000011528911e-01,3.857792818453311279e-03,-3.281314067338879092e-01
-6.000000000011462831e-01,3.959775883633172289e-03,-3.304166374846209120e-01
-5.975000000011387868e-01,4.064454932260836567e-03,-3.327177834433379111e-01
-5.950000000011321788e-01,4.171901234274404992e-03,-3.350349554495429261e-01
-5.925000000011246826e-01,4.282187943675672993e-03,-3.373682651146703848e-01
-5.900000000011171863e-01,4.395390148336199981e-03,-3.397178248274558832e-01
-5.875000000011096901e-01,4.511584921120418562e-03,-3.420837477593555165e-01
-5.850000000011030821e-01,4.630851372360172274e-03,-3.444661478699902468e-01
-5.825000000010955858e-01,4.753270703716361636e-03,-3.468651399126436163e-01
-5.800000000010889778e-01,4.878926263464354943e-03,-3.492808394397796112e-01
-5.775000000010814816e-01,5.007903603241318190e-03,-3.517133628086174801e-01
-5.750000000010739853e-01,5.140290536293054720e-03,-3.541628271867290345e-01
-5.725000000010673773e-01,5.276177197261098031e-03,-3.566293505576842437e-01
-5.700000000010598811e-01,5.415656103550487224e-03,-3.591130517267391853e-01
-5.675000000010532730e-01,5.558822218319064805e-03,-3.616140503265500850e-01
-5.650000000010457768e-01,5.705773015132865368e-03,-3.641324668229437012e-01
-5.625000000010391688e-01,5.856608544329862560e-03,-3.666684225207133552e-01
-5.600000000010316725e-01,6.011431501138866755e-03,-3.692220395694675861e-01
-5.575000000010241763e-01,6.170347295598490635e-03,-3.717934409695080600e-01
-5.550000000010166801e-01,6.333464124324884176e-03,-3.743827505777577724e-01
-5.525000000010100720e-01,6.500893044176596185e-03,-3.769900931137256661e-01
-5.500000000010025758e-01,6.672748047866912738e-03,-3.796155941655161570e-01
-5.475000000009950796e-01,6.849146141574660382e-03,-3.822593801958751314e-01
-5.450000000009884715e-01,7.030207424607118685e-03,-3.849215785482812957e-01
-5.425000000009809753e-01,7.216055171168920049e-03,-3.876023174530850435e-01
-5.400000000009743673e-01,7.406815914291932715e-03,-3.903017260336763550e-01
-5.375000000009668710e-01,7.602619531984793587e-03,-3.930199343127148137e-01
-5.350000000009602630e-01,7.803599335658874432e-03,-3.957570732183811058e-01
-5.325000000009527668e-01,8.009892160892900792e-03,-3.985132745906942997e-01
-5.300000000009461587e-01,8.221638460595820028e-03,-4.012886711878523305e-01
-5.275000000009377743e-01,8.438982400633768602e-03,-4.040833966926361542e-01
-5.250000000009311663e-01,8.662071957983432519e-03,-4.068975857188381062e-01
-5.225000000009236700e-01,8.891059021482124874e-03,-4.097313738177568165e-01
-5.200000000009170620e-01,9.126099495239148665e-03,-4.125848974847177164e-01
-5.175000000009095658e-01,9.367353404782776879e-03,-4.154582941656545514e-01
-5.150000000009020695e-01,9.614985006011697588e-03,-4.183517022637242011e-01
-5.125000000008954615e-01,9.869162897027774009e-03,-4.212652611459729579e-01
-5.100000000008879653e-01,1.013006013292497287e-02,-4.241991111500579836e-01
-5.075000000008813572e-01,1.039785434361203964e-02,-4.271533935909944124e-01
-5.050000000008738610e-01,1.067272785475117773e-02,-4.301282507679726197e-01
-5.025000000008672529e-01,1.095486781189236244e-02,-4.331238259712054672e-01
-5.000000000008597567e-01,1.124446630789070062e-02,-4.361402634888351670e-01
-4.975000000008531487e-01,1.154172051369071507e-02,-4.391777086138785036e-01
-4.950000000008447643e-01,1.184683281256946816e-02,-4.422363076512315638e-01
-4.925000000008381562e-01,1.216001093792652005e-02,-4.453162079247057203e-01
-4.900000000008306600e-01,1.248146811471912039e-02,-4.484175577841383320e-01
-4.875000000008231638e-01,1.281142320463360580e-02,-4.515405066125271483e-01
-4.850000000008165557e-01,1.315010085509607692e-02,-4.546852048332291063e-01
-4.825000000008090595e-01,1.349773165222248675e-02,-4.578518039172086995e-01
-4.800000000008024514e-01,1.385455227781031383e-02,-4.610404563903278130e-01
-4.775000000007949552e-01,1.422080567048282160e-02,-4.642513158407001739e-01
-4.750000000007883472e-01,1.459674119109078891e-02,-4.674845369260795525e-01
-4.725000000007808509e-01,1.498261479248907957e-02,-4.707402753813209051e-01
-4.700000000007742429e-01,1.537868919379911832e-02,-4.740186880258691615e-01
-4.675000000007667467e-01,1.578523405928034321e-02,-4.773199327713243401e-01
-4.650000000007592504e-01,1.620252618192803695e-02,-4.806441686290391369e-01
-4.625000000007517542e-01,1.663084967192638916e-02,-4.839915557177816852e-01
-4.600000000007442580e-01,1.707049615008254459e-02,-4.873622552714474976e-01
-4.575000000007376499e-01,1.752176494637427626e-02,-4.907564296468256426e-01
-4.550000000007301537e-01,1.798496330374725269e-02,-4.941742423314204880e-01
-4.525000000007235457e-01,1.846040658729783748e-02,-4.976158579513223490e-01
-4.500000000007160494e-01,1.894841849898842856e-02,-5.010814422791445288e-01
-4.475000000007094414e-01,1.944933129803610994e-02,-5.045711622419960518e-01
-4.450000000007019452e-01,1.996348602713019643e-02,-5.080851859295359985e-01
-4.425000000006953371e-01,2.049123274462711849e-02,-5.116236826020594819e-01
-4.400000000006878409e-01,2.103293076288655084e-02,-5.151868226986542343e-01
-4.375000000006812328e-01,2.158894889290495500e-02,-5.187747778454107062e-01
-4.350000000006737366e-01,2.215966569541933523e-02,-5.223877208636902303e-01
-4.325000000006653522e-01,2.274546973864614158e-02,-5.260258257784440339e-01
-4.300000000006587442e-01,2.334675986283502036e-02,-5.296892678265966437e-01
-4.275000000006512479e-01,2.396394545181784047e-02,-5.333782234654963483e-01
-4.250000000006446399e-01,2.459744671173233824e-02,-5.370928703813979688e-01
-4.225000000006371437e-01,2.524769495711821563e-02,-5.408333874980382205e-01
-4.200000000006305356e-01,2.591513290457263252e-02,-5.445999549852398314e-01
-4.175000000006230394e-01,2.660021497417226072e-02,-5.483927542676005906e-01
-4.150000000006164314e-01,2.730340759885987664e-02,-5.522119680332236991e-01
-4.125000000006089351e-01,2.802518954201356841e-02,-5.560577802425255012e-01
-4.100000000006023271e-01,2.876605222340735540e-02,-5.599303761370870713e-01
-4.075000000005948309e-01,2.952650005379240175e-02,-5.638299422485876233e-01
-4.050000000005873346e-01,3.030705077831973709e-02,-5.677566664077775549e-01
-4.025000000005798384e-01,3.110823582904385931e-02,-5.717107377535330937e-01
-4.000000000005723422e-01,3.193060068674420660e-02,-5.756923467419663432e-01
-3.975000000005657341e-01,3.277470525231124254e-02,-5.797016851555952810e-01
-3.950000000005582379e-01,3.364112422795191570e-02,-5.837389461125881418e-01
-3.925000000005516299e-01,3.453044750846916838e-02,-5.878043240760529864e-01
-3.900000000005441336e-01,3.544328058288991057e-02,-5.918980148634219729e-01
-3.875000000005375256e-01,3.638024494670505371e-02,-5.960202156558642717e-01
-3.850000000005300294e-01,3.734197852501259379e-02,-6.001711250078001214e-01
-3.825000000005234213e-01,3.832913610684146599e-02,-6.043509428564520780e-01
-3.800000000005159251e-01,3.934238979096238431e-02,-6.085598705314868573e-01
-3.775000000005084289e-01,4.038242944347877200e-02,-6.127981107647020309e-01
-3.750000000005018208e-01,4.144996316751793641e-02,-6.170658676997955450e-01
-3.725000000004943246e-01,4.254571778533901977e-02,-6.213633469022034062e-01
-3.700000000004868284e-01,4.367043933318179999e-02,-6.256907553689915469e-01
-3.675000000004793321e-01,4.482489356920165563e-02,-6.300483015388373964e-01
-3.650000000004727241e-01,4.600986649482930596e-02,-6.344361953020544176e-01
-3.625000000004652279e-01,4.722616488991561445e-02,-6.388546480107238912e-01
-3.600000000004586198e-01,4.847461686201864905e-02,-6.433038724888512361e-01
-3.575000000004511236e-01,4.975607241021771932e-02,-6.477840830426359053e-01
-3.550000000004445155e-01,5.107140400382546158e-02,-6.522954954707821384e-01
-3.525000000004370193e-01,5.242150717640561841e-02,-6.568383270749013070e-01
-3.500000000004295231e-01,5.380730113548687354e-02,-6.614127966699722139e-01
-3.475000000004229150e-01,5.522972938839974116e-02,-6.660191245948824390e-01
-3.450000000004154188e-01,5.668976038465816519e-02,-6.706575327230480665e-01
-3.425000000004088108e-01,5.818838817531721275e-02,-6.753282444730884793e-01
-3.400000000004004264e-01,5.972663308977001206e-02,-6.800314848196028494e-01
-3.375000000003938183e-01,6.130554243042490165e-02,-6.847674803039869307e-01
-3.350000000003863221e-01,6.292619118576096848e-02,-6.895364590453667564e-01
-3.325000000003797140e-01,6.458968276221900562e-02,-6.943386507515694195e-01
-3.300000000003722178e-01,6.629714973545287882e-02,-6.991742867301973252e-01
-3.275000000003656098e-01,6.804975462143018905e-02,-7.040435998997632838e-01
-3.250000000003581135e-01,6.984869066792719072e-02,-7.089468248009166418e-01
-3.225000000003506173e-01,7.169518266693851449e-02,-7.138841976077322515e-01
-3.200000000003440093e-01,7.359048778856902562e-02,-7.188559561390888142e-01
-3.175000000003365130e-01,7.553589643697086742e-02,-7.238623398701330425e-01
-3.150000000003299050e-01,7.753273312890061886e-02,-7.289035899437970034e-01
-3.125000000003224088e-01,7.958235739551169918e-02,-7.339799491824309241e-01
-3.100000000003158007e-01,8.168616470797566975e-02,-7.390916620994859576e-01
-3.075000000003074163e-01,8.384558742758446703e-02,-7.442389749113039743e-01
-3.050000000003008083e-01,8.606209578095401491e-02,-7.494221355489582015e-01
-3.025000000002933120e-01,8.833719886102704699e-02,-7.546413936702205394e-01
-3.000000000002867040e-01,9.067244565451920701e-02,-7.598970006715628500e-01
-2.975000000002792078e-01,9.306942609654109133e-02,-7.651892097002865878e-01
-2.950000000002725997e-01,9.552977215308770809e-02,-7.705182756666968391e-01
-2.925000000002651035e-01,9.805515893215641099e-02,-7.758844552563994856e-01
-2.900000000002576073e-01,1.006473058242261381e-01,-7.812880069426485496e-01
-2.875000000002509992e-01,1.033079776728933336e-01,-7.867291909988028964e-01
-2.850000000002435030e-01,1.060389859764552384e-01,-7.922082695108711992e-01
-2.825000000002368949e-01,1.088421901212486831e-01,-7.977255063901169674e-01
-2.800000000002293987e-01,1.117194986476063717e-01,-8.032811673857916945e-01
-2.775000000002219025e-01,1.146728705492658512e-01,-8.088755200979166338e-01
-2.750000000002144063e-01,1.177043166071388425e-01,-8.145088339901843666e-01
-2.725000000002077982e-01,1.208159007583346767e-01,-8.201813804029310928e-01
-2.700000000002003020e-01,1.240097415013801663e-01,-8.258934325662157239e-01
-2.675000000001936939e-01,1.272880133385760615e-01,-8.316452656129660337e-01
-2.650000000001861977e-01,1.306529482564992850e-01,-8.374371565922469340e-01
-2.625000000001787015e-01,1.341068372456258595e-01,-8.432693844825919216e-01
-2.600000000001720935e-01,1.376520318601382187e-01,-8.491422302054455473e-01
-2.575000000001645972e-01,1.412909458189663681e-01,-8.550559766387025862e-01
-2.550000000001579892e-01,1.450260566491421710e-01,-8.610109086303149306e-01
-2.525000000001504930e-01,1.488599073726140365e-01,-8.670073130120351523e-01
-2.500000000001438849e-01,1.527951082376348135e-01,-8.730454786132092471e-01
-2.475000000001363887e-01,1.568343384959395015e-01,-8.791256962747076020e-01
-2.450000000001288925e-01,1.609803482268844232e-01,-8.852482588629224658e-01
-2.425000000001213962e-01,1.652359602098229241e-01,-8.914134612838769955e-01
-2.400000000001147882e-01,1.696040718459710106e-01,-8.976216004974301166e-01
-2.375000000001072920e-01,1.740876571310868426e-01,-9.038729755315881853e-01
-2.350000000000997957e-01,1.786897686802841057e-01,-9.101678874968945898e-01
-2.325000000000931877e-01,1.834135398063865552e-01,-9.165066396009383665e-01
-2.300000000000856915e-01,1.882621866532249444e-01,-9.228895371629701749e-01
-2.275000000000790834e-01,1.932390103853131036e-01,-9.293168876285859969e-01
-2.250000000000715872e-01,1.983473994354340852e-01,-9.357890005845612702e-01
-2.225000000000649791e-01,2.035908318116158300e-01,-9.423061877737399783e-01
-2.200000000000574829e-01,2.089728774651189447e-01,-9.488687631100705122e-01
-2.175000000000508749e-01,2.144972007209987042e-01,-9.554770426937052585e-01
-2.150000000000424905e-01,2.201675627729484663e-01,-9.621313448262507340e-01
-2.125000000000358824e-01,2.259878242440570562e-01,-9.688319900260684570e-01
-2.100000000000283862e-01,2.319619478153130132e-01,-9.755793010437479040e-01
-2.075000000000208900e-01,2.380940009235429367e-01,-9.823736028776235418e-01
-2.050000000000142819e-01,2.443881585307038362e-01,-9.892152227894431826e-01
-2.025000000000067857e-01,2.508487059663804808e-01,-9.961044903201362599e-01
-2.000000000000000111e-01,2.574800418454051276e-01,-1.003041737305666814e+00
-1.975000000000027844e-01,2.959983473212999816e-01,-1.042511572047758461e+00
-1.950000000000055578e-01,3.344193703982438204e-01,-1.080979426932328291e+00
-1.925000000000104960e-01,3.727304836769999574e-01,-1.118408329692763159e+00
-1.900000000000176270e-01,4.109190958811653194e-01,-1.154762306621283541e+00
-1.875000000000247302e-01,4.489726559953992613e-01,-1.190006417144023221e+00
-1.850000000000318612e-01,4.868786573903570725e-01,-1.224106787403089536e+00
-1.825000000000389644e-01,5.246246419331348498e-01,-1.257030642813484089e+00
-1.800000000000460676e-01,5.621982040817408155e-01,-1.288746339563434207e+00
-1.775000000000531708e-01,5.995869949622846251e-01,-1.319223395027941503e+00
-1.750000000000603018e-01,6.367787264275395209e-01,-1.348432517066263658e+00
-1.725000000000674050e-01,6.737611750955477818e-01,-1.376345632175216549e+00
-1.700000000000745359e-01,7.105221863669408666e-01,-1.402935912471208191e+00
-1.675000000000794742e-01,7.470496784196846152e-01,-1.428177801475099873e+00
-1.650000000000822475e-01,7.833316461798072172e-01,-1.452047038675039925e+00
-1.625000000000850209e-01,8.193561652669756334e-01,-1.474520682843753150e+00
-1.600000000000877942e-01,8.551113959136040776e-01,-1.495577134087876958e+00
-1.575000000000905676e-01,8.905855868560653699e-01,-1.515196154608062118e+00
-1.550000000000955336e-01,9.257670791968157786e-01,-1.533358888149919830e+00
-1.525000000001015543e-01,9.606443102362666187e-01,-1.550047878127223333e+00
-1.500000000001043277e-01,9.952058172729628671e-01,-1.565247084399774335e+00
-1.475000000001071010e-01,1.029440241370748188e+00,-1.578941898689863343e+00
-1.450000000001131495e-01,1.063336331092086029e+00,-1.591119158622651186e+00
-1.425000000001202527e-01,1.096882946196013453e+00,-1.601767160376825982e+00
-1.400000000001273559e-01,1.130069061299383781e+00,-1.610875669933346188e+00
-1.375000000001344869e-01,1.162883769500458797e+00,-1.618435932911589603e+00
-1.350000000001415901e-01,1.195316285963566427e+00,-1.624440682983367523e+00
-1.325000000001487210e-01,1.227355951463634076e+00,-1.628884148856754033e+00
-1.300000000001558242e-01,1.258992235889430988e+00,-1.631762059822984279e+00
-1.275000000001629274e-01,1.290214741704380330e+00,-1.633071649861140839e+00
-1.250000000001700307e-01,1.321013207363798569e+00,-1.632811660296616951e+00
-1.225000000001771616e-01,1.351377510687445493e+00,-1.630982341010868586e+00
-1.200000000001842787e-01,1.381297672186254655e+00,-1.627585450201238793e+00
-1.175000000001913819e-01,1.410763858342190202e+00,-1.622624252691120983e+00
-1.150000000001984990e-01,1.439766384840107882e+00,-1.616103516792070094e+00
-1.125000000002056022e-01,1.468295719750595474e+00,-1.608029509720876993e+00
-1.100000000002127193e-01,1.496342486662716409e+00,-1.598409991576008604e+00
-1.075000000002198364e-01,1.523897467765653158e+00,-1.587254207879223333e+00
-1.050000000002269535e-01,1.550951606878218758e+00,-1.574572880689494525e+00
-1.025000000002340705e-01,1.577496012425244398e+00,-1.560378198297822649e+00
-1.000000000002411876e-01,1.603521960359878706e+00,-1.544683803512809650e+00
-9.750000000024830471e-02,1.629020897030815984e+00,-1.527504780548259999e+00
-9.500000000025543567e-02,1.653984441993527010e+00,-1.508857640525438804e+00
-9.250000000026255276e-02,1.678404390764567822e+00,-1.488760305603871847e+00
-9.000000000026966984e-02,1.702272717518053424e+00,-1.467232091755986900e+00
-8.750000000027680080e-02,1.725581577723404925e+00,-1.444293690202122393e+00
-8.500000000028391789e-02,1.748323310723537194e+00,-1.419967147523762074e+00
-8.250000000029106273e-02,1.770490442252585117e+00,-1.394275844474100579e+00
-8.000000000029815206e-02,1.792075686892396158e+00,-1.367244473506303404e+00
-7.750000000030528302e-02,1.813071950466942805e+00,-1.338899015041074447e+00
-7.500000000031240011e-02,1.833472332373876634e+00,-1.309266712496326424e+00
-7.250000000031953107e-02,1.853270127852483462e+00,-1.278376046102951857e+00
-7.000000000032666203e-02,1.872458830187252454e+00,-1.246256705531878728e+00
-6.750000000033376524e-02,1.891032132846360181e+00,-1.212939561358697294e+00
-6.500000000034089620e-02,1.908983931554376845e+00,-1.178456635393300367e+00
-6.250000000034802716e-02,1.926308326298485918e+00,-1.142841069903047568e+00
-6.000000000035515813e-02,1.942999623267565257e+00,-1.106127095759029011e+00
-5.750000000036226133e-02,1.959052336723518639e+00,-1.068349999536063466e+00
-5.500000000036939229e-02,1.974461190804203570e+00,-1.029546089598010195e+00
-5.250000000037757797e-02,1.989221121257389147e+00,-9.897526612010723035e-01
-5.000000000038903880e-02,2.003327277105153570e+00,-9.490079606485244401e-01
-4.750000000040049963e-02,2.016775022238253889e+00,-9.073511485312834024e-01
-4.500000000040871306e-02,2.029559936939775877e+00,-8.648222620899262969e-01
-4.250000000041581627e-02,2.041677819337688771e+00,-8.214621767341405700e-01
-4.000000000042294723e-02,2.053124686785864128e+00,-7.773125667564041441e-01
-3.750000000043007820e-02,2.063896777173011010e+00,-7.324158652779430012e-01
-3.500000000043718140e-02,2.073990550159106050e+00,-6.868152234653776000e-01
-3.250000000044434012e-02,2.083402688338971132e+00,-6.405544690572306799e-01
-3.000000000045141557e-02,2.092130098332559474e+00,-5.936780642401600083e-01
-2.750000000045854653e-02,2.100169911801625489e+00,-5.462310629154182307e-01
-2.500000000046567750e-02,2.107519486392423147e+00,-4.982590673965915373e-01
-2.250000000047280846e-02,2.114176406604141523e+00,-4.498081845802592849e-01
-2.000000000047991167e-02,2.120138484582785310e+00,-4.009249816316799442e-01
-1.750000000048704263e-02,2.125403760840219647e+00,-3.516564412281111274e-01
-1.500000000049414584e-02,2.129970504898185624e+00,-3.020499164027624639e-01
-1.250000000050127680e-02,2.133837215857026237e+00,-2.521530850328015938e-01
-1.000000000050843552e-02,2.137002622888978021e+00,-2.020139040151367749e-01
-7.500000000515538723e-03,2.139465685655836058e+00,-1.516805631740321403e-01
-5.000000000522641930e-03,2.141225594650866260e+00,-1.012014389448557816e-01
-2.500000000528690425e-03,2.142281771464866313e+00,-5.062504787844150644e-02
-5.314915174636780648e-13,2.142633868976253186e+00,-1.080928816621784730e-11
2.499999999470065015e-03,2.142281771465151863e+00,5.062504785692150538e-02
4.999999999474924461e-03,2.141225594651430253e+00,1.012014389235870865e-01
7.499999999482975799e-03,2.139465685656667393e+00,1.516805631531204235e-01
9.999999999492109604e-03,2.137002622890067816e+00,2.020139039946217963e-01
1.249999999949799601e-02,2.133837215858366942e+00,2.521530850126371681e-01
1.499999999950391016e-02,2.129970504899771022e+00,3.020499163829645783e-01
1.749999999950985208e-02,2.125403760842042189e+00,3.516564412086959912e-01
1.999999999951568297e-02,2.120138484584837446e+00,4.009249816126614907e-01
2.249999999952270735e-02,2.114176406606415259e+00,4.498081845616743735e-01
2.499999999953289587e-02,2.107519486394898056e+00,4.982590673785152191e-01
2.749999999953883778e-02,2.100169911804310008e+00,5.462310628977808946e-01
2.999999999954475194e-02,2.092130098335444277e+00,5.936780642229718685e-01
3.249999999955061059e-02,2.083402688342046005e+00,6.405544690405002850e-01
3.499999999955649699e-02,2.073990550162364777e+00,6.868152234491164965e-01
3.749999999956243890e-02,2.063896777176443376e+00,7.324158652621604038e-01
3.999999999957265517e-02,2.053124686789446596e+00,7.773125667411843187e-01
4.249999999957965180e-02,2.041677819341423561e+00,8.214621767194316693e-01
4.499999999958551045e-02,2.029559936943659437e+00,8.648222620757141099e-01
4.749999999959139685e-02,2.016775022242275117e+00,9.073511485175916880e-01
4.999999999959733876e-02,2.003327277109281823e+00,9.490079606354095976e-01
5.249999999960325292e-02,1.989221121261614211e+00,9.897526611885342218e-01
5.499999999961235897e-02,1.974461190808515232e+00,1.029546089586047763e+00
5.749999999962257524e-02,1.959052336727905130e+00,1.068349999524672356e+00
5.999999999963068209e-02,1.942999623272031684e+00,1.106127095748177025e+00
6.249999999963223862e-02,1.926308326303066920e+00,1.142841069892635453e+00
6.499999999963379516e-02,1.908983931559067315e+00,1.178456635383332118e+00
6.749999999964184649e-02,1.891032132851105052e+00,1.212939561349260842e+00
6.999999999965206277e-02,1.872458830192027746e+00,1.246256705522999386e+00
7.249999999966239006e-02,1.853270127857279181e+00,1.278376046094621632e+00
7.499999999967255082e-02,1.833472332378685676e+00,1.309266712488536655e+00
7.749999999967410735e-02,1.813071950471822680e+00,1.338899015033715001e+00
7.999999999967566389e-02,1.792075686897346420e+00,1.367244473499372726e+00
8.249999999968160580e-02,1.770490442257558694e+00,1.394275844467642633e+00
8.499999999969187758e-02,1.748323310728490787e+00,1.419967147517814610e+00
8.749999999970203834e-02,1.725581577728330318e+00,1.444293690196668534e+00
8.999999999971225462e-02,1.702272717522939072e+00,1.467232091751015099e+00
9.249999999971603160e-02,1.678404390769471677e+00,1.488760305599315714e+00
9.499999999971764364e-02,1.653984441998460619e+00,1.508857640521272137e+00
9.749999999972136511e-02,1.629020897035754478e+00,1.527504780544495011e+00
9.999999999973152587e-02,1.603521960364753252e+00,1.544683803509478315e+00
1.024999999997417421e-01,1.577496012430043892e+00,1.560378198294908758e+00
1.049999999997455191e-01,1.550951606883002931e+00,1.574572880686947007e+00
1.074999999997471312e-01,1.523897467770442216e+00,1.587254207877021317e+00
1.099999999997508526e-01,1.496342486667481708e+00,1.598409991574153866e+00
1.124999999997610689e-01,1.468295719755257966e+00,1.608029509719380634e+00
1.149999999997712852e-01,1.439766384844660241e+00,1.616103516790913908e+00
1.174999999997815570e-01,1.410763858346621769e+00,1.622624252690280988e+00
1.199999999997874434e-01,1.381297672190613390e+00,1.627585450200689010e+00
1.224999999997889999e-01,1.351377510691774697e+00,1.630982341010590364e+00
1.249999999997905564e-01,1.321013207368097575e+00,1.632811660296601186e+00
1.274999999998007727e-01,1.290214741708533674e+00,1.633071649861371322e+00
1.299999999998110445e-01,1.258992235893432676e+00,1.631762059823441025e+00
1.324999999998212608e-01,1.227355951467477668e+00,1.628884148857413505e+00
1.349999999998293121e-01,1.195316285967272796e+00,1.624440682984217066e+00
1.374999999998309241e-01,1.162883769504106546e+00,1.618435932912622111e+00
1.399999999998324252e-01,1.130069061302970912e+00,1.610875669934551224e+00
1.424999999998405320e-01,1.096882946199448261e+00,1.601767160378167576e+00
1.449999999998507483e-01,1.063336331095334319e+00,1.591119158624100693e+00
1.474999999998609646e-01,1.029440241373817955e+00,1.578941898691400336e+00
1.499999999998712363e-01,9.952058172758937449e-01,1.565247084401397704e+00
1.524999999998727929e-01,9.606443102391755140e-01,1.550047878128971490e+00
1.549999999998742939e-01,9.257670791996559512e-01,1.533358888151765465e+00
1.574999999998802358e-01,8.905855868587870816e-01,1.515196154609967039e+00
1.599999999998905076e-01,8.551113959161732447e-01,1.495577134089813409e+00
1.624999999999007239e-01,8.193561652693901465e-01,1.474520682845703368e+00
1.649999999999109401e-01,7.833316461820626353e-01,1.452047038676988144e+00
1.674999999999146616e-01,7.470496784218728648e-01,1.428177801477091613e+00
1.699999999999162736e-01,7.105221863690593942e-01,1.402935912473235902e+00
1.724999999999199951e-01,6.737611750975310843e-01,1.376345632177224942e+00
1.749999999999302114e-01,6.367787264292894545e-01,1.348432517068164360e+00
1.774999999999404277e-01,5.995869949637973040e-01,1.319223395029714752e+00
1.799999999999506439e-01,5.621982040830127980e-01,1.288746339565061350e+00
1.824999999999565858e-01,5.246246419342283085e-01,1.257030642815001320e+00
1.849999999999581424e-01,4.868786573913362337e-01,1.224106787404544150e+00
1.874999999999596989e-01,4.489726559962629038e-01,1.190006417145403228e+00
1.899999999999699152e-01,4.109190958817796058e-01,1.154762306622459489e+00
1.924999999999801870e-01,3.727304836773623342e-01,1.118408329693714842e+00
1.949999999999904032e-01,3.344193703983863175e-01,1.080979426933073251e+00
1.974999999999984546e-01,2.959983473212882688e-01,1.042511572048350654e+00
2.000000000000000111e-01,2.574800418453383477e-01,1.003041737306203274e+00
2.024999999999953781e-01,2.508487059663456198e-01,9.961044903207040280e-01
2.049999999999907452e-01,2.443881585307010607e-01,9.892152227900469219e-01
2.074999999999861400e-01,2.380940009235684718e-01,9.823736028782593666e-01
2.099999999999815070e-01,2.319619478153675252e-01,9.755793010444164803e-01
2.124999999999768741e-01,2.259878242441392682e-01,9.688319900267726714e-01
2.149999999999722411e-01,2.201675627730546592e-01,9.621313448269858126e-01
2.174999999999676081e-01,2.144972007211315701e-01,9.554770426944753092e-01
2.199999999999630029e-01,2.089728774652732934e-01,9.488687631108702059e-01
2.224999999999583700e-01,2.035908318117921612e-01,9.423061877745709802e-01
2.249999999999537370e-01,1.983473994356296788e-01,9.357890005854208049e-01
2.274999999999491040e-01,1.932390103855280428e-01,9.293168876294768399e-01
2.299999999999444711e-01,1.882621866534567034e-01,9.228895371638886624e-01
2.324999999999398659e-01,1.834135398066358558e-01,9.165066396018866079e-01
2.349999999999352329e-01,1.786897686805483665e-01,9.101678874978708089e-01
2.374999999999306000e-01,1.740876571313666465e-01,9.038729755325948245e-01
2.399999999999259670e-01,1.696040718462655528e-01,8.976216004984646224e-01
2.424999999999213340e-01,1.652359602101298175e-01,8.914134612849384798e-01
2.449999999999167288e-01,1.609803482272040565e-01,8.852482588640124828e-01
2.474999999999120959e-01,1.568343384962713472e-01,8.791256962758261517e-01
2.499999999999074629e-01,1.527951082379776226e-01,8.730454786143552193e-01
2.524999999999028022e-01,1.488599073729656719e-01,8.670073130132049943e-01
2.549999999998981970e-01,1.450260566495034376e-01,8.610109086315120841e-01
2.574999999998935918e-01,1.412909458193352674e-01,8.550559766399228323e-01
2.599999999998889311e-01,1.376520318605152227e-01,8.491422302066916616e-01
2.624999999998843259e-01,1.341068372460092195e-01,8.432693844838607955e-01
2.649999999998796651e-01,1.306529482568896394e-01,8.374371565935410100e-01
2.674999999998750599e-01,1.272880133389727442e-01,8.316452656142845345e-01
2.699999999998704547e-01,1.240097415017813037e-01,8.258934325675554300e-01
2.724999999998657940e-01,1.208159007587411293e-01,8.201813804042947798e-01
2.749999999998611888e-01,1.177043166075488062e-01,8.145088339915687037e-01
2.774999999998565281e-01,1.146728705496800893e-01,8.088755200993239525e-01
2.799999999998519229e-01,1.117194986480243152e-01,8.032811673872204405e-01
2.824999999998473177e-01,1.088421901216698184e-01,7.977255063915680289e-01
2.849999999998426570e-01,1.060389859768781778e-01,7.922082695123415785e-01
2.874999999998380518e-01,1.033079776733186878e-01,7.867291910002944810e-01
2.899999999998333911e-01,1.006473058246526858e-01,7.812880069441590081e-01
2.924999999998287858e-01,9.805515893258454074e-02,7.758844552579302611e-01
2.949999999998241806e-01,9.552977215351696194e-02,7.705182756682471545e-01
2.974999999998195199e-01,9.306942609697048396e-02,7.651892097018543337e-01
2.999999999998149147e-01,9.067244565494916864e-02,7.598970006731502469e-01
3.024999999998102540e-01,8.833719886145655065e-02,7.546413936718240345e-01
3.049999999998056488e-01,8.606209578138331040e-02,7.494221355505796822e-01
3.074999999998010436e-01,8.384558742801277720e-02,7.442389749129418863e-01
3.099999999997963829e-01,8.168616470840409094e-02,7.390916621011434096e-01
3.124999999997917777e-01,7.958235739593863545e-02,7.339799491841045853e-01
3.149999999997871170e-01,7.753273312932638939e-02,7.289035899454858747e-01
3.174999999997825118e-01,7.553589643739477832e-02,7.238623398718371238e-01
3.199999999997779065e-01,7.359048778899136833e-02,7.188559561408093268e-01
3.224999999997732458e-01,7.169518266735847023e-02,7.138841976094666419e-01
3.249999999997686406e-01,6.984869066834528684e-02,7.089468248026660202e-01
3.274999999997639799e-01,6.804975462184621737e-02,7.040435999015276503e-01
3.299999999997593747e-01,6.629714973586608995e-02,6.991742867319751253e-01
3.324999999997547695e-01,6.458968276262982977e-02,6.943386507533609864e-01
3.349999999997501088e-01,6.292619118616862850e-02,6.895364590471717570e-01
3.374999999997454481e-01,6.130554243082997345e-02,6.847674803058066972e-01
3.399999999997408429e-01,5.972663309017170463e-02,6.800314848214349395e-01
3.424999999997362377e-01,5.818838817571653915e-02,6.753282444749358904e-01
3.449999999997316324e-01,5.668976038505397358e-02,6.706575327249070240e-01
3.474999999997269717e-01,5.522972938879243399e-02,6.660191245967539420e-01
3.499999999997223110e-01,5.380730113587581243e-02,6.614127966718549301e-01
3.524999999997177058e-01,5.242150717679128213e-02,6.568383270767961246e-01
3.549999999997131006e-01,5.107140400420772525e-02,6.522954954726896126e-01
3.574999999997084954e-01,4.975607241059602087e-02,6.477840830445540377e-01
3.599999999997038347e-01,4.847461686239339096e-02,6.433038724907802486e-01
3.624999999996991740e-01,4.722616489028633180e-02,6.388546480126628957e-01
3.649999999996945688e-01,4.600986649519633181e-02,6.344361953040056346e-01
3.674999999996899636e-01,4.482489356956455978e-02,6.300483015407970511e-01
3.699999999996853584e-01,4.367043933354092244e-02,6.256907553709627479e-01
3.724999999996806976e-01,4.254571778569440216e-02,6.213633469041844881e-01
3.749999999996760369e-01,4.144996316786950935e-02,6.170658677017872851e-01
3.774999999996714317e-01,4.038242944382603589e-02,6.127981107667024308e-01
3.799999999996668265e-01,3.934238979130569303e-02,6.085598705334973602e-01
3.824999999996622213e-01,3.832913610718084729e-02,6.043509428584716847e-01
3.849999999996575606e-01,3.734197852534772849e-02,6.001711250098271666e-01
3.874999999996528999e-01,3.638024494703621936e-02,5.960202156579004207e-01
3.899999999996482947e-01,3.544328058321674635e-02,5.918980148654656714e-01
3.924999999996436895e-01,3.453044750879198654e-02,5.878043240781061218e-01
3.949999999996390843e-01,3.364112422827039706e-02,5.837389461146476055e-01
3.974999999996344235e-01,3.277470525262573403e-02,5.797016851576635155e-01
3.999999999996297628e-01,3.193060068705442373e-02,5.756923467440421271e-01
4.024999999996251576e-01,3.110823582935003800e-02,5.717107377556159831e-01
4.049999999996205524e-01,3.030705077862191898e-02,5.677566664098678828e-01
4.074999999996159472e-01,2.952650005409060419e-02,5.638299422506862779e-01
4.099999999996112865e-01,2.876605222370154369e-02,5.599303761391930534e-01
4.124999999996066813e-01,2.802518954230354825e-02,5.560577802446373674e-01
4.149999999996020206e-01,2.730340759914585275e-02,5.522119680353426707e-01
4.174999999995974154e-01,2.660021497445407349e-02,5.483927542697246693e-01
4.199999999995928102e-01,2.591513290485050053e-02,5.445999549873703494e-01
4.224999999995881494e-01,2.524769495739193417e-02,5.408333875001741786e-01
4.249999999995835442e-01,2.459744671200215019e-02,5.370928703835397000e-01
4.274999999995788835e-01,2.396394545208357235e-02,5.333782234676419653e-01
4.299999999995742783e-01,2.334675986309691156e-02,5.296892678287492551e-01
4.324999999995696731e-01,2.274546973890399434e-02,5.260258257806010862e-01
4.349999999995650124e-01,2.215966569567359365e-02,5.223877208658534999e-01
4.374999999995604072e-01,2.158894889315545601e-02,5.187747778475793048e-01
4.399999999995557465e-01,2.103293076313309667e-02,5.151868227008262746e-01
4.424999999995511413e-01,2.049123274486993121e-02,5.116236826042351860e-01
4.449999999995465361e-01,1.996348602736911643e-02,5.080851859317165875e-01
4.474999999995418754e-01,1.944933129827137314e-02,5.045711622441803046e-01
4.499999999995372701e-01,1.894841849921987537e-02,5.010814422813317792e-01
4.524999999995312772e-01,1.846040658752591546e-02,4.976158579535161497e-01
4.549999999995253952e-01,1.798496330397181958e-02,4.941742423336178969e-01
4.574999999995194022e-01,1.752176494659554024e-02,4.907564296490279365e-01
4.599999999995135203e-01,1.707049615030035300e-02,4.873622552736545099e-01
4.624999999995075828e-01,1.663084967214095364e-02,4.839915557199931384e-01
4.649999999995017008e-01,1.620252618213937137e-02,4.806441686312558081e-01
4.674999999994957078e-01,1.578523405948846839e-02,4.773199327735461184e-01
4.699999999994898259e-01,1.537868919400404814e-02,4.740186880280951032e-01
4.724999999994838884e-01,1.498261479269072036e-02,4.707402753835502329e-01
4.749999999994778954e-01,1.459674119128930372e-02,4.674845369283130436e-01
4.774999999994720135e-01,1.422080567067811156e-02,4.642513158429364406e-01
4.799999999994660760e-01,1.385455227800251946e-02,4.610404563925678545e-01
4.824999999994601385e-01,1.349773165241151610e-02,4.578518039194514055e-01
4.849999999994542010e-01,1.315010085528209825e-02,4.546852048354753650e-01
4.874999999994483191e-01,1.281142320481649596e-02,4.515405066147760160e-01
4.899999999994423816e-01,1.248146811489908407e-02,4.484175577863900308e-01
4.924999999994363886e-01,1.216001093810357286e-02,4.453162079269605833e-01
4.949999999994305067e-01,1.184683281274350776e-02,4.422363076534878701e-01
4.974999999994245692e-01,1.154172051386200167e-02,4.391777086161388621e-01
4.999999999994186317e-01,1.124446630805906594e-02,4.361402634910968024e-01
5.024999999994126387e-01,1.095486781205792272e-02,4.331238259734695450e-01
5.049999999994068123e-01,1.067272785491387398e-02,4.301282507702379188e-01
5.074999999994007638e-01,1.039785434377202278e-02,4.271533935932617654e-01
5.099999999993949373e-01,1.013006013308215617e-02,4.241991111523265023e-01
5.124999999993889999e-01,9.869162897182285829e-03,4.212652611482434195e-01
5.149999999993817301e-01,9.614985006163647221e-03,4.183517022659967721e-01
5.174999999993745714e-01,9.367353404932235450e-03,4.154582941679305641e-01
5.199999999993673017e-01,9.126099495386182092e-03,4.125848974869966157e-01
5.224999999993600319e-01,8.891059021626653361e-03,4.097313738200377142e-01
5.249999999993528732e-01,8.662071958125580964e-03,4.068975857211215019e-01
5.274999999993456035e-01,8.438982400773476292e-03,4.040833966949219369e-01
5.299999999993383337e-01,8.221638460733276046e-03,4.012886711901413883e-01
5.324999999993311750e-01,8.009892161027980240e-03,3.985132745929849674e-01
5.349999999993239053e-01,7.803599335791693535e-03,3.957570732206742714e-01
5.374999999993166355e-01,7.602619532115290762e-03,3.930199343150092561e-01
5.399999999993094768e-01,7.406815914420205108e-03,3.903017260359725182e-01
5.424999999993022071e-01,7.216055171294957250e-03,3.876023174553819284e-01
5.449999999992950483e-01,7.030207424730990952e-03,3.849215785505804566e-01
5.474999999992877786e-01,6.849146141696335621e-03,3.822593801981752359e-01
5.499999999992806199e-01,6.672748047986469012e-03,3.796155941678178158e-01
5.524999999992733501e-01,6.500893044294093343e-03,3.769900931160287683e-01
5.549999999992660804e-01,6.333464124440281451e-03,3.743827505800613742e-01
5.574999999992589217e-01,6.170347295711865222e-03,3.717934409718128830e-01
5.599999999992516519e-01,6.011431501250255952e-03,3.692220395717736303e-01
5.624999999992443822e-01,5.856608544439281111e-03,3.666684225230208427e-01
5.649999999992372235e-01,5.705773015240299395e-03,3.641324668252509666e-01
5.674999999992299538e-01,5.558822218424600177e-03,3.616140503288584607e-01
5.699999999992226840e-01,5.415656103654114401e-03,3.591130517290476720e-01
5.724999999992155253e-01,5.276177197362857778e-03,3.566293505599932301e-01
5.749999999992082556e-01,5.140290536392934026e-03,3.541628271890381319e-01
5.774999999992009858e-01,5.007903603339437619e-03,3.517133628109274102e-01
5.799999999991938271e-01,4.878926263560681535e-03,3.492808394420898743e-01
5.824999999991866684e-01,4.753270703810896260e-03,3.468651399149528802e-01
5.849999999991792876e-01,4.630851372452989521e-03,3.444661478723000658e-01
5.874999999991721289e-01,4.511584921211509759e-03,3.420837477616644473e-01
5.899999999991649702e-01,4.395390148425612833e-03,3.397178248297652026e-01
5.924999999991575894e-01,4.282187943763459542e-03,3.373682651169794822e-01
5.949999999991504307e-01,4.171901234360579115e-03,3.350349554518519679e-01
5.974999999991432720e-01,4.064454932345370509e-03,3.327177834456465644e-01
5.999999999991358912e-01,3.959775883716151051e-03,3.304166374869289546e-01
6.024999999991287325e-01,3.857792818534716648e-03,3.281314067361949527e-01
6.049999999991215738e-01,3.758436302402859679e-03,3.258619811205291095e-01
6.074999999991143040e-01,3.661638689188309766e-03,3.236082513283020656e-01
6.099999999991070343e-01,3.567334074968603504e-03,3.213701088039082054e-01
6.124999999990998756e-01,3.475458253160718363e-03,3.191474457425349520e-01
6.149999999990927169e-01,3.385948670806585795e-03,3.169401550849696991e-01
6.174999999990853361e-01,3.298744385984349672e-03,3.147481305124443240e-01
6.199999999990781774e-01,3.213786026316526375e-03,3.125712664415136732e-01
6.224999999990710187e-01,3.131015748546818293e-03,3.104094580189691865e-01
6.249999999990637489e-01,3.050377199157888481e-03,3.082626011167903246e-01
6.274999999990564792e-01,2.971815476003577747e-03,3.061305923271265272e-01
6.299999999990493205e-01,2.895277090929110949e-03,3.040133289573184183e-01
6.324999999990420507e-01,2.820709933354175868e-03,3.019107090249500969e-01
6.349999999990347810e-01,2.748063234793754993e-03,2.998226312529371773e-01
6.374999999990276223e-01,2.677287534292841290e-03,2.977489950646496353e-01
6.399999999990220179e-01,2.608334644751235387e-03,2.956897005790650734e-01
6.424999999990166355e-01,2.541157620115901822e-03,2.936446486059611782e-01
6.449999999990110311e-01,2.475710723417922244e-03,2.916137406411354327e-01
6.474999999990056487e-01,2.411949395632904079e-03,2.895968788616600231e-01
6.499999999990000443e-01,2.349830225343280728e-03,2.875939661211722731e-01
6.524999999989946620e-01,2.289310919182003645e-03,2.856049059451933325e-01
6.549999999989890576e-01,2.230350273037429339e-03,2.836296025264825604e-01
6.574999999989836752e-01,2.172908143999741255e-03,2.816679607204214952e-01
6.599999999989780708e-01,2.116945423030047041e-03,2.797198860404327414e-01
6.624999999989726884e-01,2.062424008333228840e-03,2.777852846534273334e-01
6.649999999989670840e-01,2.009306779416648609e-03,2.758640633752856286e-01
6.674999999989615906e-01,1.957557571816906285e-03,2.739561296663698409e-01
6.699999999989560973e-01,1.907141152477593487e-03,2.720613916270634980e-01
6.724999999989507149e-01,1.858023195761091678e-03,2.701797579933489790e-01
6.749999999989451105e-01,1.810170260078229187e-03,2.683111381324100875e-01
6.774999999989396171e-01,1.763549765119822423e-03,2.664554420382646560e-01
6.799999999989341237e-01,1.718129969674685479e-03,2.646125803274322896e-01
6.824999999989287414e-01,1.673879950018716551e-03,2.627824642346254791e-01
6.849999999989231370e-01,1.630769578860910172e-03,2.609650056084785175e-01
6.874999999989177546e-01,1.588769504831232231e-03,2.591601169072971222e-01
6.899999999989121502e-01,1.547851132497125078e-03,2.573677111948446394e-01
6.924999999989067678e-01,1.507986602894361610e-03,2.555877021361535051e-01
6.949999999989011634e-01,1.469148774559619333e-03,2.538200039933667940e-01
6.974999999988957811e-01,1.431311205051359354e-03,2.520645316216084675e-01
6.999999999988901767e-01,1.394448132946700695e-03,2.503212004648821543e-01
7.024999999988863486e-01,1.358534460301872573e-03,2.485899265519985468e-01
7.049999999988827426e-01,1.323545735564652347e-03,2.468706264925306926e-01
7.074999999988789146e-01,1.289458136926587960e-03,2.451632174727989555e-01
7.099999999988750865e-01,1.256248456104035356e-03,2.434676172518782100e-01
7.124999999988712585e-01,1.223894082537099878e-03,2.417837441576403956e-01
7.149999999988676525e-01,1.192372987995341709e-03,2.401115170828172773e-01
7.174999999988638244e-01,1.161663711580096991e-03,2.384508554810973735e-01
7.199999999988599964e-01,1.131745345112872714e-03,2.368016793632431727e-01
7.224999999988563903e-01,1.102597518900209125e-03,2.351639092932396591e-01
7.249999999988525623e-01,1.074200387865240341e-03,2.335374663844684562e-01
7.274999999988487343e-01,1.046534618036136814e-03,2.319222722959070615e-01
7.299999999988451282e-01,1.019581373382858576e-03,2.303182492283562532e-01
7.324999999988413002e-01,9.933223029927361943e-04,2.287253199206920884e-01
7.349999999988374721e-01,9.677395285763758237e-04,2.271434076461454066e-01
7.374999999988338661e-01,9.428156322954168219e-04,2.255724362086041768e-01
7.399999999988300381e-01,9.185336449036556744e-04,2.240123299389458755e-01
7.424999999988262100e-01,8.948770341937296391e-04,2.224630136913911538e-01
7.449999999988226040e-01,8.718296937412024685e-04,2.209244128398843154e-01
7.474999999988187760e-01,8.493759319387592143e-04,2.193964532744996365e-01
7.499999999988149479e-01,8.275004613125705021e-04,2.178790613978710544e-01
7.524999999988113419e-01,8.061883881139567717e-04,2.163721641216464209e-01
7.549999999988075139e-01,7.854252021791694252e-04,2.148756888629693995e-01
7.574999999988036858e-01,7.651967670501925653e-04,2.133895635409806812e-01
7.599999999988000798e-01,7.454893103499747814e-04,2.119137165733483985e-01
7.624999999987962518e-01,7.262894144058205026e-04,2.104480768728183016e-01
7.649999999987924237e-01,7.075840071137966735e-04,2.089925738437905522e-01
7.674999999987888177e-01,6.893603530389193603e-04,2.075471373789193330e-01
7.699999999987849897e-01,6.716060447441743421e-04,2.061116978557364920e-01
7.724999999987811616e-01,6.543089943431482222e-04,2.046861861332967825e-01
7.749999999987773336e-01,6.374574252698971162e-04,2.032705335488488307e-01
7.774999999987737276e-01,6.210398642611665273e-04,2.018646719145260615e-01
7.799999999987698995e-01,6.050451335447747580e-04,2.004685335140652946e-01
7.824999999987660715e-01,5.894623432293424241e-04,1.990820510995417181e-01
7.849999999987624655e-01,5.742808838899763312e-04,1.977051578881316163e-01
7.874999999987586374e-01,5.594904193449780653e-04,1.963377875588960264e-01
7.899999999987548094e-01,5.450808796184533579e-04,1.949798742495846837e-01
7.924999999987509813e-01,5.310424540843392644e-04,1.936313525534647806e-01
7.949999999987473753e-01,5.173655847868110884e-04,1.922921575161697094e-01
7.974999999987435473e-01,5.040409599329251193e-04,1.909622246325720085e-01
7.999999999987397192e-01,4.910595075526425629e-04,1.896414898436740992e-01
8.024999999987361132e-01,4.784123893223542483e-04,1.883298895335241141e-01
8.049999999987322852e-01,4.660909945473267141e-04,1.870273605261520700e-01
8.074999999987284571e-01,4.540869342991302247e-04,1.857338400825254698e-01
8.099999999987248511e-01,4.423920357041991481e-04,1.844492658975286081e-01
8.124999999987210231e-01,4.309983363793190754e-04,1.831735760969607218e-01
8.149999999987171950e-01,4.198980790104749040e-04,1.819067092345557635e-01
8.174999999987135890e-01,4.090837060714726378e-04,1.806486042890238508e-01
8.199999999987097610e-01,3.985478546783377779e-04,1.793992006611104806e-01
8.224999999987061550e-01,3.882833515763329428e-04,1.781584381706780851e-01
8.249999999987023269e-01,3.782832082562073467e-04,1.769262570538079338e-01
8.274999999986984989e-01,3.685406161960456234e-04,1.757025979599216026e-01
8.299999999986948929e-01,3.590489422257843151e-04,1.744874019489202621e-01
8.324999999986910648e-01,3.498017240109994354e-04,1.732806104883488074e-01
8.349999999986872368e-01,3.407926656531369124e-04,1.720821654505735598e-01
8.374999999986834087e-01,3.320156334029977611e-04,1.708920091099845051e-01
8.399999999986798027e-01,3.234646514845806163e-04,1.697100841402137683e-01
8.424999999986759747e-01,3.151338980265401676e-04,1.685363336113747668e-01
8.449999999986721466e-01,3.070177010984579129e-04,1.673707009873197649e-01
8.474999999986685406e-01,2.991105348490316553e-04,1.662131301229172187e-01
8.499999999986647126e-01,2.914070157439544091e-04,1.650635652613468840e-01
8.524999999986608845e-01,2.839018989005476158e-04,1.639219510314139927e-01
8.549999999986570565e-01,2.765900745168022945e-04,1.627882324448834683e-01
8.574999999986534505e-01,2.694665643923974531e-04,1.616623548938292965e-01
8.599999999986496224e-01,2.625265185393891210e-04,1.605442641480066268e-01
8.624999999986457944e-01,2.557652118800259771e-04,1.594339063522371147e-01
8.649999999986421884e-01,2.491780410298790574e-04,1.583312280238167724e-01
8.674999999986383603e-01,2.427605211635119908e-04,1.572361760499391137e-01
8.699999999986345323e-01,2.365082829610497934e-04,1.561486976851368946e-01
8.724999999986309263e-01,2.304170696334708506e-04,1.550687405487418125e-01
8.749999999986270982e-01,2.244827340242034762e-04,1.539962526223607742e-01
8.774999999986232702e-01,2.187012357858086756e-04,1.529311822473712612e-01
8.799999999986196642e-01,2.130686386289459638e-04,1.518734781224322927e-01
8.824999999986158361e-01,2.075811076424700821e-04,1.508230893010142071e-01
8.849999999986120081e-01,2.022349066823897327e-04,1.497799651889435701e-01
8.874999999986084021e-01,1.970263958282989511e-04,1.487440555419670407e-01
8.899999999986045740e-01,1.919520289049157140e-04,1.477153104633318614e-01
8.924999999986007460e-01,1.870083510680046459e-04,1.466936804013801998e-01
8.949999999985971399e-01,1.821919964518505886e-04,1.456791161471653329e-01
8.974999999985933119e-01,1.774996858778820936e-04,1.446715688320792392e-01
8.999999999985894839e-01,1.729282246219181337e-04,1.436709899254992873e-01
9.024999999985858778e-01,1.684745002392495461e-04,1.426773312324509657e-01
9.049999999985820498e-01,1.641354804452082076e-04,1.416905448912864907e-01
9.074999999985782217e-01,1.599082110510707182e-04,1.407105833713792054e-01
9.099999999985746157e-01,1.557898139524764732e-04,1.397373994708341893e-01
9.124999999985707877e-01,1.517774851698583296e-04,1.387709463142146604e-01
9.149999999985669596e-01,1.478684929395358437e-04,1.378111773502842807e-01
9.174999999985631316e-01,1.440601758537962056e-04,1.368580463497647837e-01
9.199999999985595256e-01,1.403499410486931068e-04,1.359115074031090054e-01
9.224999999985556975e-01,1.367352624389509127e-04,1.349715149182905971e-01
9.249999999985518695e-01,1.332136789980086162e-04,1.340380236186065055e-01
9.274999999985482635e-01,1.297827930824289649e-04,1.331109885404971049e-01
9.299999999985444354e-01,1.264402687994658017e-04,1.321903650313803191e-01
9.324999999985406074e-01,1.231838304167826091e-04,1.312761087475001476e-01
9.349999999985367793e-01,1.200112608129305381e-04,1.303681756517920953e-01
9.374999999985331733e-01,1.169203999679409138e-04,1.294665220117606763e-01
9.399999999985293453e-01,1.139091434925315876e-04,1.285711043973735979e-01
9.424999999985255172e-01,1.109754411955493603e-04,1.276818796789698507e-01
9.449999999985219112e-01,1.081172956879743039e-04,1.267988050251825927e-01
9.474999999985180832e-01,1.053327610230779570e-04,1.259218379008748556e-01
9.499999999985142551e-01,1.026199413715195828e-04,1.250509360650924606e-01
9.524999999985106491e-01,9.997698973051423953e-05,1.241860575690276747e-01
9.549999999985068211e-01,9.740210666649349561e-05,1.233271607540001175e-01
9.574999999985032151e-01,9.489353908977195555e-05,1.224742042494495753e-01
9.599999999984993870e-01,9.244957906110688045e-05,1.216271469709430120e-01
9.624999999984955590e-01,9.006856262877929210e-05,1.207859481181961514e-01
9.649999999984919530e-01,8.774886869581149300e-05,1.199505671731079942e-01
9.674999999984881249e-01,8.548891791611740220e-05,1.191209638978091290e-01
9.699999999984842969e-01,8.328717161932316752e-05,1.182970983327237963e-01
9.724999999984806909e-01,8.114213076309650767e-05,1.174789307946449701e-01
9.749999999984768628e-01,7.905233491264212207e-05,1.166664218748231646e-01
9.774999999984730348e-01,7.701636124621712620e-05,1.158595324370678276e-01
9.799999999984692067e-01,7.503282358658178196e-05,1.150582236158625565e-01
9.824999999984656007e-01,7.310037145714999335e-05,1.142624568144930547e-01
9.849999999984617727e-01,7.121768916249266346e-05,1.134721937031884093e-01
9.874999999984579446e-01,6.938349489258879247e-05,1.126873962172736110e-01
9.899999999984543386e-01,6.759653985020920802e-05,1.119080265553374920e-01
9.924999999984505106e-01,6.585560740048013119e-05,1.111340471774111688e-01
9.949999999984466825e-01,6.415951224274062245e-05,1.103654208031604744e-01
9.974999999984428545e-01,6.250709960343285869e-05,1.096021104100892152e-01
9.999999999984392485e-01,6.089724444992551487e-05,1.088440792317567629e-01
1.002499999998435420e+00,5.932885072449154253e-05,1.080912907560069719e-01
1.004999999998431592e+00,5.780085059816556078e-05,1.073437087232096687e-01
1.007499999998427986e+00,5.631220374358236806e-05,1.066012971245134805e-01
1.009999999998424158e+00,5.486189662683346442e-05,1.058640202001120273e-01
1.012499999998420330e+00,5.344894181727443143e-05,1.051318424375210780e-01
1.014999999998416724e+00,5.207237731532371195e-05,1.044047285698683630e-01
1.017499999998412896e+00,5.073126589742786113e-05,1.036826435741947383e-01
1.019999999998409068e+00,4.942469447807774674e-05,1.029655526697669243e-01
1.022499999998405462e+00,4.815177348794321056e-05,1.022534213164025818e-01
1.024999999998401634e+00,4.691163626846003013e-05,1.015462152128068646e-01
1.027499999998397806e+00,4.570343848156481801e-05,1.008439002949193114e-01
1.029999999998394200e+00,4.452635753491208400e-05,1.001464427342740188e-01
1.032499999998390372e+00,4.337959202187959825e-05,9.945380893636970865e-02
1.034999999998386544e+00,4.226236117585621384e-05,9.876596553905209186e-02
1.037499999998382938e+00,4.117390433861839509e-05,9.808287941090552964e-02
1.039999999998379110e+00,4.011348044259486080e-05,9.740451764965929460e-02
1.042499999998375282e+00,3.908036750622050884e-05,9.673084758060139510e-02
1.044999999998371676e+00,3.807386214233077221e-05,9.606183675500444552e-02
1.047499999998367848e+00,3.709327907941016751e-05,9.539745294856384616e-02
1.049999999998364020e+00,3.613795069486795924e-05,9.473766415984495592e-02
1.052499999998360414e+00,3.520722656060415684e-05,9.408243860874153375e-02
1.054999999998356586e+00,3.430047300012671694e-05,9.343174473494540722e-02
1.057499999998352758e+00,3.341707265717466498e-05,9.278555119642592497e-02
1.059999999998348930e+00,3.255642407527130962e-05,9.214382686792096933e-02
1.062499999998345324e+00,3.171794128833934837e-05,9.150654083943653150e-02
1.064999999998341496e+00,3.090105342175246254e-05,9.087366241475923478e-02
1.067499999998337668e+00,3.010520430354751302e-05,9.024516110997692075e-02
1.069999999998333839e+00,2.932985208592536731e-05,8.962100665201051808e-02
1.072499999998330233e+00,2.857446887614175428e-05,8.900116897715559805e-02
1.074999999998326405e+00,2.783854037728846869e-05,8.838561822963550418e-02
1.077499999998322577e+00,2.712156553797507585e-05,8.777432476016168439e-02
1.079999999998318971e+00,2.642305621136582081e-05,8.716725912450615232e-02
1.082499999998315143e+00,2.574253682263837270e-05,8.656439208208405178e-02
1.084999999998311315e+00,2.507954404532488856e-05,8.596569459454407591e-02
1.087499999998307709e+00,2.443362648577166436e-05,8.537113782437008580e-02
1.089999999998303881e+00,2.380434437596752912e-05,8.478069313349280434e-02
1.092499999998300275e+00,2.319126927390528258e-05,8.419433208190946205e-02
1.094999999998296447e+00,2.259398377203204327e-05,8.361202642631421211e-02
1.097499999998292619e+00,2.201208121301671117e-05,8.303374811873832917e-02
1.099999999998289013e+00,2.144516541297750354e-05,8.245946930519816587e-02
1.102499999998285185e+00,2.089285039153757585e-05,8.188916232435440590e-02
1.104999999998281357e+00,2.035476010918770457e-05,8.132279970617917186e-02
1.107499999998277751e+00,1.983052821123799177e-05,8.076035417063327781e-02
1.109999999998273923e+00,1.931979777837043659e-05,8.020179862635203050e-02
1.112499999998270095e+00,1.882222108361549935e-05,7.964710616933955156e-02
1.114999999998266489e+00,1.833745935569013389e-05,7.909625008167482652e-02
1.117499999998262661e+00,1.786518254820246488e-05,7.854920383022252761e-02
1.119999999998258833e+00,1.740506911509842724e-05,7.800594106535707617e-02
1.122499999998255005e+00,1.695680579153537601e-05,7.746643561969149272e-02
1.124999999998251399e+00,1.652008738091753233e-05,7.693066150681796000e-02
1.127499999998247571e+00,1.609461654680842150e-05,7.639859292005726776e-02
1.129999999998243743e+00,1.568010361059351618e-05,7.587020423121322577e-02
1.132499999998239915e+00,1.527626635424540947e-05,7.534546998934033013e-02
1.134999999998236309e+00,1.488282982827084412e-05,7.482436491951703628e-02
1.137499999998232481e+00,1.449952616437048574e-05,7.430686392162849652e-02
1.139999999998228652e+00,1.412609439312807100e-05,7.379294206915744392e-02
1.142499999998225046e+00,1.376228026636498959e-05,7.328257460798361100e-02
1.144999999998221218e+00,1.340783608402402250e-05,7.277573695519144736e-02
1.147499999998217390e+00,1.306252052539873536e-05,7.227240469788605293e-02
1.149999999998213784e+00,1.272609848503919848e-05,7.177255359201717422e-02
1.152499999998209956e+00,1.239834091250581305e-05,7.127615956121138852e-02
1.154999999998206128e+00,1.207902465658603199e-05,7.078319869561300326e-02
1.157499999998202522e+00,1.176793231324930829e-05,7.029364725073111719e-02
1.159999999998198694e+00,1.146485207754534758e-05,6.980748164629724251e-02
1.162499999998194866e+00,1.116957759965875649e-05,6.932467846512888054e-02
1.164999999998191260e+00,1.088190784411309502e-05,6.884521445200172951e-02
1.167499999998187432e+00,1.060164695321346652e-05,6.836906651252944167e-02
1.169999999998183604e+00,1.032860411341067681e-05,6.789621171205099948e-02
1.172499999998179998e+00,1.006259342555894623e-05,6.742662727452687632e-02
1.174999999998176170e+00,9.803433778285478424e-06,6.696029058144102597e-02
1.177499999998172342e+00,9.550948724755799492e-06,6.649717917071173989e-02
1.179999999998168736e+00,9.304966362393395570e-06,6.603727073560984595e-02
1.182499999998164908e+00,9.065319215979753884e-06,6.558054312368467864e-02
1.184999999998161080e+00,8.831844123521501191e-06,6.512697433569594740e-02
1.187499999998157474e+00,8.604382125332186420e-06,6.467654252455479202e-02
1.189999999998153646e+00,8.382778355619764651e-06,6.422922599427166590e-02
1.192499999998149818e+00,8.166881937060412630e-06,6.378500319891096393e-02
1.194999999998145990e+00,7.956545878310655848e-06,6.334385274155319989e-02
1.197499999998142384e+00,7.751626973628399284e-06,6.290575337326430316e-02
1.199999999998138556e+00,7.551985705487370893e-06,6.247068399207270084e-02
1.202499999998132729e+00,7.357486149688618213e-06,6.203862364195261020e-02
1.204999999998127569e+00,7.167995882659271909e-06,6.160955151181351369e-02
1.207499999998121964e+00,6.983385891390967205e-06,6.118344693449980637e-02
1.209999999998116360e+00,6.803530485561732453e-06,6.076028938579362826e-02
1.212499999998110978e+00,6.628307211997137913e-06,6.034005848342734180e-02
1.214999999998105373e+00,6.457596771208761488e-06,5.992273398610090118e-02
1.217499999998099991e+00,6.291282936355140746e-06,5.950829579250788148e-02
1.219999999998094609e+00,6.129252473873259403e-06,5.909672394036618454e-02
1.222499999998089004e+00,5.971395066555021526e-06,5.868799860545741154e-02
1.224999999998083400e+00,5.817603238351888080e-06,5.828210010067159247e-02
1.227499999998078017e+00,5.667772281356193347e-06,5.787900887505856296e-02
1.229999999998072413e+00,5.521800184217114918e-06,5.747870551288707108e-02
1.232499999998067031e+00,5.379587562929786063e-06,5.708117073270920633e-02
1.234999999998061426e+00,5.241037593115573181e-06,5.668638538643090002e-02
1.237499999998056044e+00,5.106055944112555830e-06,5.629433045839092598e-02
1.239999999998050439e+00,4.974550714650945166e-06,5.590498706444418237e-02
1.242499999998044835e+00,4.846432370426765045e-06,5.551833645105253012e-02
1.244999999998039453e+00,4.721613682996107471e-06,5.513435999438057178e-02
1.247499999998034070e+00,4.600009670519745911e-06,5.475303919939998598e-02
1.249999999998028466e+00,4.481537539798693736e-06,5.437435569899767840e-02
1.252499999998023084e+00,4.366116630027692876e-06,5.399829125309105887e-02
1.254999999998017479e+00,4.253668357689386478e-06,5.362482774775027827e-02
1.257499999998011875e+00,4.144116163288515653e-06,5.325394719432492013e-02
1.259999999998006714e+00,4.037385459028861339e-06,5.288563172857776301e-02
1.262499999998001110e+00,3.933403578116277678e-06,5.251986360982486418e-02
1.264999999997993951e+00,3.832099725256799927e-06,5.215662522008024382e-02
1.267499999997986571e+00,3.733404928500436590e-06,5.179589906320741094e-02
1.269999999997979412e+00,3.637251992225287697e-06,5.143766776407705799e-02
1.272499999997972031e+00,3.543575451442234883e-06,5.108191406772987636e-02
1.274999999997965094e+00,3.452311527202503087e-06,5.072862083854559612e-02
1.277499999997957714e+00,3.363398083161374377e-06,5.037777105941718819e-02
1.279999999997950555e+00,3.276774583240061771e-06,5.002934783093185289e-02
1.282499999997943174e+00,3.192382050495651945e-06,4.968333437055630353e-02
1.284999999997936015e+00,3.110163026925644186e-06,4.933971401182939837e-02
1.287499999997928635e+00,3.030061534308831199e-06,4.899847020355768690e-02
1.289999999997921698e+00,2.952023036161183582e-06,4.865958650902050403e-02
1.292499999997914317e+00,2.875994400544245866e-06,4.832304660517603573e-02
1.294999999997907159e+00,2.801923863974119305e-06,4.798883428187628031e-02
1.297499999997899778e+00,2.729760996103013255e-06,4.765693344108636043e-02
1.299999999997892619e+00,2.659456665309027204e-06,4.732732809610852576e-02
1.302499999997885460e+00,2.590963005437766324e-06,4.700000237081233823e-02
1.304999999997878302e+00,2.524233383144564789e-06,4.667494049886987406e-02
1.307499999997870921e+00,2.459222366073206226e-06,4.635212682299696269e-02
1.309999999997863762e+00,2.395885691937352582e-06,4.603154579419790893e-02
1.312499999997856381e+00,2.334180238431562993e-06,4.571318197101741782e-02
1.314999999997849223e+00,2.274063993862141158e-06,4.539702001879659943e-02
1.317499999997842064e+00,2.215496028581385836e-06,4.508304470893401833e-02
1.319999999997834905e+00,2.158436466959959686e-06,4.477124091815266188e-02
1.322499999997827524e+00,2.102846460534717060e-06,4.446159362777133556e-02
1.324999999997820366e+00,2.048688161194208676e-06,4.415408792298099183e-02
1.327499999997813207e+00,1.995924695675104879e-06,4.384870899212647832e-02
1.329999999997805826e+00,1.944520140394201910e-06,4.354544212599368441e-02
1.332499999997798890e+00,1.894439496905728664e-06,4.324427271709948423e-02
1.334999999997791509e+00,1.845648668244738204e-06,4.294518625899034631e-02
1.337499999997784350e+00,1.798114435548277803e-06,4.264816834554163716e-02
1.339999999997776969e+00,1.751804435400526515e-06,4.235320467026472413e-02
1.342499999997769811e+00,1.706687138045931247e-06,4.206028102561778365e-02
1.344999999997762652e+00,1.662731825747548838e-06,4.176938330232093238e-02
1.347499999997755493e+00,1.619908571840557389e-06,4.148049748867764508e-02
1.349999999997748112e+00,1.578188220403270719e-06,4.119360966989862871e-02
1.352499999997740954e+00,1.537542366499821485e-06,4.090870602743249679e-02
1.354999999997733573e+00,1.497943336609060903e-06,4.062577283829980207e-02
1.357499999997726414e+00,1.459364170170191364e-06,4.034479647443209305e-02
1.359999999997719256e+00,1.421778600768782740e-06,4.006576340201553621e-02
1.362499999997712097e+00,1.385161038553687865e-06,3.978866018083884737e-02
1.364999999997704716e+00,1.349486552788762251e-06,3.951347346364646185e-02
1.367499999997697557e+00,1.314730854714973094e-06,3.924018999549463288e-02
1.369999999997690177e+00,1.280870281183734331e-06,3.896879661311409421e-02
1.372499999997683018e+00,1.247881778470476740e-06,3.869928024427522067e-02
1.374999999997675859e+00,1.215742886703243803e-06,3.843162790715867749e-02
1.377499999997668700e+00,1.184431724207041248e-06,3.816582670973054509e-02
1.379999999997661320e+00,1.153926973112818212e-06,3.790186384912006684e-02
1.382499999997654161e+00,1.124207864465935368e-06,3.763972661100472433e-02
1.384999999997646780e+00,1.095254164215795495e-06,3.737940236899639501e-02
1.387499999997639621e+00,1.067046159512653092e-06,3.712087858403391449e-02
1.389999999997632685e+00,1.039564645108502738e-06,3.686414280377846991e-02
1.392499999997625304e+00,1.012790910372901091e-06,3.660918266201489135e-02
1.394999999997618145e+00,9.867067266917525987e-07,3.635598587805508736e-02
1.397499999997610765e+00,9.612943348529958465e-07,3.610454025614645568e-02
1.399999999997603606e+00,9.365364329933283170e-07,3.585483368488530387e-02
1.402499999997596447e+00,9.124161648375731990e-07,3.560685413663246257e-02
1.404999999997589288e+00,8.889171083114285901e-07,3.536058966693490790e-02
1.407499999997581908e+00,8.660232643394156873e-07,3.511602841394957653e-02
1.409999999997574749e+00,8.437190457194882255e-07,3.487315859787247507e-02
1.412499999997567368e+00,8.219892668197792931e-07,3.463196852037146029e-02
1.414999999997560209e+00,8.008191330407642797e-07,3.439244656402218325e-02
1.417499999997553051e+00,7.801942309924177802e-07,3.415458119174891866e-02
1.419999999997545892e+00,7.601005182593300522e-07,3.391836094626876630e-02
1.422499999997538511e+00,7.405243142129338607e-07,3.368377444954008537e-02
1.424999999997531352e+00,7.214522905329865224e-07,3.345081040221373897e-02
1.427499999997523972e+00,7.028714621794526148e-07,3.321945758308965380e-02
1.429999999997516813e+00,6.847691785799728750e-07,3.298970484857530888e-02
1.432499999997509654e+00,6.671331148574928369e-07,3.276154113215047625e-02
1.434999999997502496e+00,6.499512636727797897e-07,3.253495544383239180e-02
1.437499999997495115e+00,6.332119268870116207e-07,3.230993686964825362e-02
1.439999999997487956e+00,6.169037076411510798e-07,3.208647457110782447e-02
1.442499999997480575e+00,6.010155026477105901e-07,3.186455778468237632e-02
1.444999999997473639e+00,5.855364945111386190e-07,3.164417582128625089e-02
1.447499999997466258e+00,5.704561444316045026e-07,3.142531806576141090e-02
1.449999999997459099e+00,5.557641851283507260e-07,3.120797397636650497e-02
1.452499999997451940e+00,5.414506136665183889e-07,3.099213308426931532e-02
1.454999999997444560e+00,5.275056847420005481e-07,3.077778499304222384e-02
1.457499999997437401e+00,5.139199040730698874e-07,3.056491937816094989e-02
1.459999999997430242e+00,5.006840219010563731e-07,3.035352598650863098e-02
1.462499999997423084e+00,4.877890266573007596e-07,3.014359463588062171e-02
1.464999999997415703e+00,4.752261388427159057e-07,2.993511521449447252e-02
1.467499999997408544e+00,4.629868051710824931e-07,2.972807768050322874e-02
1.469999999997401163e+00,4.510626925737444255e-07,2.952247206151141848e-02
1.472499999997394005e+00,4.394456825984372882e-07,2.931828845409438847e-02
1.474999999997386846e+00,4.281278658620467590e-07,2.911551702332214678e-02
1.477499999997379687e+00,4.171015367478486277e-07,2.891414800228457940e-02
1.479999999997372306e+00,4.063591880760379489e-07,2.871417169162211736e-02
1.482499999997365148e+00,3.958935060027980601e-07,2.851557845905773256e-02
1.484999999997357767e+00,3.856973650163776367e-07,2.831835873893327055e-02
1.487499999997350830e+00,3.757638231386169109e-07,2.812250303174872179e-02
1.489999999997343449e+00,3.660861172397107617e-07,2.792800190370456695e-02
1.492499999997336291e+00,3.566576582794241984e-07,2.773484598624724115e-02
1.494999999997328910e+00,3.474720270105388582e-07,2.754302597561837998e-02
1.497499999997321751e+00,3.385229694378328789e-07,2.735253263240641428e-02
1.499999999997314371e+00,3.298043926456429750e-07,2.716335678110082599e-02
1.502499999997307434e+00,3.213103606846622292e-07,2.697548930965187539e-02
1.504999999997300053e+00,3.130350904565689491e-07,2.678892116902979043e-02
1.507499999997292894e+00,3.049729478037183362e-07,2.660364337279015612e-02
1.509999999997285514e+00,2.971184436685728127e-07,2.641964699664065691e-02
1.512499999997278355e+00,2.894662304101652160e-07,2.623692317801125384e-02
1.514999999997271196e+00,2.820110980219767277e-07,2.605546311562743217e-02
1.517499999997264037e+00,2.747479707374077627e-07,2.587525806908569023e-02
1.519999999997256879e+00,2.676719035737752300e-07,2.569629935843359414e-02
1.522499999997249498e+00,2.607780787659121777e-07,2.551857836375054020e-02
1.524999999997242339e+00,2.540618027331499087e-07,2.534208652473361398e-02
1.527499999997234958e+00,2.475185027922716860e-07,2.516681534028421957e-02
1.529999999997228022e+00,2.411437239499110342e-07,2.499275636809955570e-02
1.532499999997220641e+00,2.349331259518516667e-07,2.481990122426543446e-02
1.534999999997213482e+00,2.288824803856202115e-07,2.464824158285239264e-02
1.537499999997206102e+00,2.229876677700933392e-07,2.447776917551520298e-02
1.539999999997198943e+00,2.172446745821396912e-07,2.430847579109379070e-02
1.542499999997191562e+00,2.116495908316369730e-07,2.414035327521878160e-02
1.544999999997184625e+00,2.061986070718330885e-07,2.397339352991723765e-02
1.547499999997177245e+00,2.008880120638720108e-07,2.380758851322471378e-02
1.549999999997170086e+00,1.957141901522884266e-07,2.364293023879567371e-02
1.552499999997162705e+00,1.906736187630361521e-07,2.347941077552011604e-02
1.554999999997155546e+00,1.857628660856636026e-07,2.331702224714136268e-02
1.557499999997148166e+00,1.809785886202891457e-07,2.315575683187653250e-02
1.559999999997141229e+00,1.763175290669627353e-07,2.299560676203992599e-02
1.562499999997133848e+00,1.717765139753126432e-07,2.283656432366840822e-02
1.564999999997126690e+00,1.673524515943625924e-07,2.267862185615063947e-02
1.567499999997119309e+00,1.630423299180980461e-07,2.252177175185767280e-02
1.569999999997112150e+00,1.588432143205162320e-07,2.236600645577619881e-02
1.572499999997104991e+00,1.547522459712787016e-07,2.221131846514533270e-02
1.574999999997097833e+00,1.507666394777267709e-07,2.205770032909448383e-02
1.577499999997090674e+00,1.468836813418217749e-07,2.190514464828524632e-02
1.579999999997083293e+00,1.431007278394453794e-07,2.175364407455413276e-02
1.582499999997076134e+00,1.394152033785100958e-07,2.160319131055942268e-02
1.584999999997068754e+00,1.358245987403956661e-07,2.145377910942947164e-02
1.587499999997061817e+00,1.323264691744645380e-07,2.130540027441293199e-02
1.589999999997054436e+00,1.289184331711213274e-07,2.115804765853350131e-02
1.592499999997047277e+00,1.255981702627913552e-07,2.101171416424418154e-02
1.594999999997039897e+00,1.223634199392234373e-07,2.086639274308632608e-02
1.597499999997032738e+00,1.192119797917099951e-07,2.072207639535011275e-02
1.599999999997025357e+00,1.161417042255534723e-07,2.057875816973674457e-02
1.602499999997018421e+00,1.131505028524300545e-07,2.043643116302450505e-02
1.604999999997011040e+00,1.102363391877266225e-07,2.029508851973567049e-02
1.607499999997003881e+00,1.073972290611926403e-07,2.015472343180622211e-02
1.609999999996996500e+00,1.046312395551503426e-07,2.001532913825846902e-02
1.612499999996989342e+00,1.019364874150570895e-07,1.987689892487487855e-02
1.614999999996981961e+00,9.931113795745928497e-08,1.973942612387473775e-02
1.617499999996975024e+00,9.675340374277347393e-08,1.960290411359334739e-02
1.619999999996967643e+00,9.426154334236477202e-08,1.946732631816261785e-02
1.622499999996960485e+00,9.183386020262426564e-08,1.933268620719474570e-02
1.624999999996953104e+00,8.946870145146197582e-08,1.919897729546746548e-02
1.627499999996945945e+00,8.716445682481417318e-08,1.906619314261129988e-02
1.629999999996938786e+00,8.491955742906520429e-08,1.893432735280019957e-02
1.632499999996931628e+00,8.273247486021901502e-08,1.880337357444267221e-02
1.634999999996924247e+00,8.060172008208927111e-08,1.867332549987626988e-02
1.637499999996917088e+00,7.852584238273684707e-08,1.854417686506381821e-02
1.639999999996909930e+00,7.650342839947075441e-08,1.841592144929105057e-02
1.642499999996902549e+00,7.453310120053452636e-08,1.828855307486790607e-02
1.644999999996895612e+00,7.261351929084989173e-08,1.816206560683061161e-02
1.647499999996888231e+00,7.074337577734481766e-08,1.803645295264566517e-02
1.649999999996881073e+00,6.892139731916779457e-08,1.791170906191703882e-02
1.652499999996873692e+00,6.714634348422058336e-08,1.778782792609467228e-02
1.654999999996866533e+00,6.541700572899181315e-08,1.766480357818447575e-02
1.657499999996859152e+00,6.373220667447372502e-08,1.754263009246178479e-02
1.659999999996852216e+00,6.209079917448654585e-08,1.742130158418514138e-02
1.662499999996844835e+00,6.049166573950494593e-08,1.730081220931345767e-02
1.664999999996837676e+00,5.893371756991706189e-08,1.718115616422397421e-02
1.667499999996830296e+00,5.741589402705342704e-08,1.706232768543340314e-02
1.669999999996823137e+00,5.593716163901888219e-08,1.694432104931959532e-02
1.672499999996815978e+00,5.449651362742994308e-08,1.682713057184617028e-02
1.674999999996808819e+00,5.309296915499796120e-08,1.671075060828904751e-02
1.677499999996801439e+00,5.172557267151472919e-08,1.659517555296382077e-02
1.679999999996794280e+00,5.039339310942007632e-08,1.648039983895652205e-02
1.682499999996786899e+00,4.909552353316645882e-08,1.636641793785482621e-02
1.684999999996779740e+00,4.783108025888665268e-08,1.625322435948211783e-02
1.687499999996772582e+00,4.659920241454442018e-08,1.614081365163362244e-02
1.689999999996765423e+00,4.539905126021010441e-08,1.602918039981199999e-02
1.692499999996758042e+00,4.422980973022167256e-08,1.591831922696871834e-02
1.694999999996750883e+00,4.309068175432622292e-08,1.580822479324363317e-02
1.697499999996743503e+00,4.198089169851006647e-08,1.569889179570811005e-02
1.699999999996736344e+00,4.089968409704101201e-08,1.559031496810987794e-02
1.702499999996729407e+00,3.984632265106533190e-08,1.548248908061894760e-02
1.704999999996722027e+00,3.882009027103159913e-08,1.537540893957628149e-02
1.707499999996714868e+00,3.782028828084631670e-08,1.526906938724287982e-02
1.709999999996707487e+00,3.684623598404001361e-08,1.516346530155211585e-02
1.712499999996700328e+00,3.589727013396043160e-08,1.505859159586247359e-02
1.714999999996693170e+00,3.497274462591825482e-08,1.495444321871242620e-02
1.717499999996686011e+00,3.407203011702237145e-08,1.485101515357804304e-02
1.719999999996678630e+00,3.319451325997957176e-08,1.474830241863007811e-02
1.722499999996671471e+00,3.233959665415397038e-08,1.464630006649508993e-02
1.724999999996664091e+00,3.150669818582402209e-08,1.454500318401657014e-02
1.727499999996656932e+00,3.069525081636263021e-08,1.444440689201851973e-02
1.729999999996649773e+00,2.990470215354991405e-08,1.434450634507025701e-02
1.732499999996642615e+00,2.913451377581823144e-08,1.424529673125294292e-02
1.734999999996635234e+00,2.838416146765135989e-08,1.414677327192835794e-02
1.737499999996628075e+00,2.765313429699703426e-08,1.404893122150820822e-02
1.739999999996620694e+00,2.694093452007417475e-08,1.395176586722548899e-02
1.742499999996613536e+00,2.624707731719897077e-08,1.385527252890770417e-02
1.744999999996606377e+00,2.557109020114883487e-08,1.375944655875164548e-02
1.747499999996599218e+00,2.491251301916822300e-08,1.366428334109927312e-02
1.749999999996591837e+00,2.427089729116692348e-08,1.356977829221513339e-02
1.752499999996584679e+00,2.364580623747639691e-08,1.347592686006607136e-02
1.754999999996577298e+00,2.303681424900577284e-08,1.338272452410175714e-02
1.757499999996570361e+00,2.244350667846865302e-08,1.329016679503662937e-02
1.759999999996562980e+00,2.186547962524217237e-08,1.319824921463445128e-02
1.762499999996555822e+00,2.130233951028310418e-08,1.310696735549283024e-02
1.764999999996548663e+00,2.075370294983524434e-08,1.301631682083009313e-02
1.767499999996541282e+00,2.021919637498995629e-08,1.292629324427389294e-02
1.769999999996534124e+00,1.969845588729580960e-08,1.283689228965027677e-02
1.772499999996526965e+00,1.919112693977986212e-08,1.274810965077566999e-02
1.774999999996519806e+00,1.869686415420793475e-08,1.265994105124848383e-02
1.777499999996512425e+00,1.821533091254447780e-08,1.257238224424395839e-02
1.779999999996505267e+00,1.774619950142354934e-08,1.248542901230901767e-02
1.782499999996497886e+00,1.728915046717795653e-08,1.239907716715978395e-02
1.784999999996490727e+00,1.684387261388819464e-08,1.231332254947871581e-02
1.787499999996483568e+00,1.641006276727241332e-08,1.222816102871569777e-02
1.789999999996476410e+00,1.598742556388558182e-08,1.214358850288794860e-02
1.792499999996469029e+00,1.557567331718395268e-08,1.205960089838311114e-02
1.794999999996461870e+00,1.517452564710209223e-08,1.197619416976276364e-02
1.797499999996454489e+00,1.478370943540136673e-08,1.189336429956709684e-02
1.799999999996447331e+00,1.440295859849415247e-08,1.181110729812254873e-02
1.802499999996440172e+00,1.403201388153430354e-08,1.172941920334868646e-02
1.804999999996433013e+00,1.367062276581528317e-08,1.164829608056757934e-02
1.807499999996425633e+00,1.331853921686390191e-08,1.156773402231464978e-02
1.809999999996418474e+00,1.297552347335170010e-08,1.148772914814977925e-02
1.812499999996411093e+00,1.264134200000456968e-08,1.140827760447108395e-02
1.814999999996404156e+00,1.231576731036309193e-08,1.132937556432890742e-02
1.817499999996396776e+00,1.199857771938470120e-08,1.125101922724132918e-02
1.819999999996389617e+00,1.168955728619579350e-08,1.117320481901195282e-02
1.822499999996382236e+00,1.138849554271139310e-08,1.109592859154693613e-02
1.824999999996375077e+00,1.109518765320854477e-08,1.101918682267535865e-02
1.827499999996367919e+00,1.080943376941262154e-08,1.094297581596938643e-02
1.829999999996360760e+00,1.053103942355728274e-08,1.086729190056671089e-02
1.832499999996353601e+00,1.025981504416242627e-08,1.079213143099323931e-02
1.834999999996346220e+00,9.995576039859530329e-09,1.071749078698810975e-02
1.837499999996339062e+00,9.738142375312157667e-09,1.064336637332824291e-02
1.839999999996331681e+00,9.487338892387521030e-09,1.056975461965664956e-02
1.842499999996324522e+00,9.242994820895775509e-09,1.049665198030940751e-02
1.844999999996317364e+00,9.004943697592999200e-09,1.042405493414485379e-02
1.847499999996310205e+00,8.773023593338075402e-09,1.035195998437459658e-02
1.849999999996302824e+00,8.547076479546989837e-09,1.028036365839489139e-02
1.852499999996295665e+00,8.326948618432873790e-09,1.020926250761874585e-02
1.854999999996288285e+00,8.112490084891252467e-09,1.013865310731084518e-02
1.857499999996281348e+00,7.903554860692198186e-09,1.006853205642158945e-02
1.859999999996273967e+00,7.700000736986222727e-09,9.998895977424208242e-03
1.862499999996266808e+00,7.501689062933962404e-09,9.929741516151372252e-03
1.864999999996259428e+00,7.308484917658595351e-09,9.861065341633799830e-03
1.867499999996252269e+00,7.120256627896342865e-09,9.792864145939965057e-03
1.869999999996244888e+00,6.936876153052994342e-09,9.725134644016912577e-03
1.872499999996237952e+00,6.758218595814443171e-09,9.657873573531573774e-03
1.874999999996230571e+00,6.584162316089734989e-09,9.591077694713843679e-03
1.877499999996223412e+00,6.414588837828918564e-09,9.524743790200537394e-03
1.879999999996216031e+00,6.249382659918945029e-09,9.458868664880659693e-03
1.882499999996208873e+00,6.088431311004644436e-09,9.393449145740912290e-03
1.884999999996201492e+00,5.931625279922252243e-09,9.328482081713520419e-03
1.887499999996194555e+00,5.778857687330985417e-09,9.263964343524061160e-03
1.889999999996187396e+00,5.630024601413110878e-09,9.199892823540908524e-03
1.892499999996180016e+00,5.485024721689271641e-09,9.136264435625263136e-03
1.894999999996172857e+00,5.343759206746133436e-09,9.073076114982685930e-03
1.897499999996165476e+00,5.206132025837421022e-09,9.010324818016017881e-03
1.899999999996158540e+00,5.072049332196849627e-09,8.948007522177480952e-03
1.902499999996151159e+00,4.941419944925052624e-09,8.886121225824418490e-03
1.904999999996144000e+00,4.814154871754109641e-09,8.824662948073994789e-03
1.907499999996136619e+00,4.690167497359221527e-09,8.763629728659893051e-03
1.909999999996129461e+00,4.569373363729923631e-09,8.703018627789506009e-03
1.912499999996122080e+00,4.451690257954098084e-09,8.642826726002337395e-03
1.914999999996115143e+00,4.337038043615457672e-09,8.583051124029876175e-03
1.917499999996107762e+00,4.225338708812784117e-09,8.523688942654995479e-03
1.919999999996100604e+00,4.116516131850908949e-09,8.464737322574359540e-03
1.922499999996093223e+00,4.010496267371914727e-09,8.406193424259900820e-03
1.924999999996086064e+00,3.907206888174765382e-09,8.348054427822401355e-03
1.927499999996078683e+00,3.806577713659105234e-09,8.290317532875629211e-03
1.929999999996071747e+00,3.708540235486998872e-09,8.232979958401212203e-03
1.932499999996064366e+00,3.613027706063470850e-09,8.176038942615109287e-03
1.934999999996057207e+00,3.519975060592568198e-09,8.119491742834361245e-03
1.937499999996049826e+00,3.429318961926922430e-09,8.063335635344859656e-03
1.939999999996042668e+00,3.340997652933451717e-09,8.007567915270160167e-03
1.942499999996035509e+00,3.254951076628696443e-09,7.952185896441628030e-03
1.944999999996028350e+00,3.171120617522999359e-09,7.897186911268358131e-03
1.947499999996020970e+00,3.089449147297085248e-09,7.842568310609598220e-03
1.949999999996013811e+00,3.009881120087990073e-09,7.788327463646043704e-03
1.952499999996006652e+00,2.932362385272350633e-09,7.734461757753906264e-03
1.954999999995999271e+00,2.856840101950118683e-09,7.680968598378959920e-03
1.957499999995992335e+00,2.783262904506158469e-09,7.627845408911418032e-03
1.959999999995984954e+00,2.711580613563724331e-09,7.575089630561842452e-03
1.962499999995977795e+00,2.641744524664270772e-09,7.522698722237656371e-03
1.964999999995970414e+00,2.573707051767491500e-09,7.470670160421488161e-03
1.967499999995963256e+00,2.507421856958736914e-09,7.419001439048858622e-03
1.969999999995955875e+00,2.442843791056698357e-09,7.367690069387844952e-03
1.972499999995948938e+00,2.379928982419344138e-09,7.316733579918960687e-03
1.974999999995941558e+00,2.318634483475058945e-09,7.266129516216470255e-03
1.977499999995934399e+00,2.258918610562596661e-09,7.215875440829753844e-03
1.979999999995927018e+00,2.200740689652232968e-09,7.165968933166394841e-03
1.982499999995919859e+00,2.144061166277646069e-09,7.116407589375118962e-03
1.984999999995912701e+00,2.088841352561814352e-09,7.067189022229992783e-03
1.987499999995905542e+00,2.035043802160588323e-09,7.018310861016082043e-03
1.989999999995898161e+00,1.982631739345845827e-09,6.969770751414435146e-03
1.992499999995891002e+00,1.931569502799246635e-09,6.921566355389372101e-03
1.994999999995883622e+00,1.881822403899338880e-09,6.873695351075211415e-03
1.997499999995876463e+00,1.833356495849782666e-09,6.826155432665130703e-03
1.999999999995869304e+00,1.786138916921846229e-09,6.778944310299491252e-03
2.002499999995862368e+00,1.740137298244171960e-09,6.732059709956000546e-03
2.004999999995854765e+00,1.695320499330650461e-09,6.685499373339805380e-03
2.007499999995847606e+00,1.651657923131736302e-09,6.639261057775010071e-03
2.009999999995840447e+00,1.609119882800942540e-09,6.593342536096453987e-03
2.012499999995833289e+00,1.567677380061332155e-09,6.547741596542650498e-03
2.014999999995826130e+00,1.527302239643678034e-09,6.502456042648955756e-03
2.017499999995818971e+00,1.487966908479526093e-09,6.457483693142064551e-03
2.019999999995811812e+00,1.449644714754384417e-09,6.412822381834743825e-03
2.022499999995804210e+00,1.412309459238322300e-09,6.368469957521480374e-03
2.024999999995797051e+00,1.375935778584334278e-09,6.324424283875188478e-03
2.027499999995789892e+00,1.340498885258376036e-09,6.280683239343922732e-03
2.029999999995782733e+00,1.305974651536582310e-09,6.237244717048709766e-03
2.032499999995775575e+00,1.272339591681131691e-09,6.194106624682518825e-03
2.034999999995768416e+00,1.239570814267589990e-09,6.151266884408748345e-03
2.037499999995760813e+00,1.207645982221042751e-09,6.108723432761970287e-03
2.039999999995753655e+00,1.176543356160128571e-09,6.066474220547786282e-03
2.042499999995746496e+00,1.146241740232581744e-09,6.024517212744607587e-03
2.044999999995739337e+00,1.116720541278955616e-09,5.982850388405473209e-03
2.047499999995732178e+00,1.087959721412280231e-09,5.941471740560744057e-03
2.049999999995725020e+00,1.059939593332587847e-09,5.900379276121137107e-03
2.052499999995717417e+00,1.032641079111990920e-09,5.859571015782476071e-03
2.054999999995710258e+00,1.006045663928738736e-09,5.819044993929533942e-03
2.057499999995703099e+00,9.801352094398747018e-10,5.778799258541723882e-03
2.059999999995695941e+00,9.548920347366621564e-10,5.738831871099061600e-03
2.062499999995688782e+00,9.302990525648155473e-10,5.699140906488753960e-03
2.064999999995681623e+00,9.063394218007655722e-10,5.659724452912595107e-03
2.067499999995674020e+00,8.829968404736162564e-10,5.620580611794761573e-03
2.069999999995666862e+00,8.602555155644928264e-10,5.581707497690190263e-03
2.072499999995659703e+00,8.380998078397003835e-10,5.543103238194280018e-03
2.074999999995652544e+00,8.165147313112574441e-10,5.504765973852010323e-03
2.077499999995645386e+00,7.954856465636216291e-10,5.466693858069021986e-03
2.079999999995638227e+00,7.749980941377720596e-10,5.428885057022172188e-03
2.082499999995631068e+00,7.550382219530730411e-10,5.391337749571592682e-03
2.084999999995623909e+00,7.355923593586711628e-10,5.354050127172686399e-03
2.087499999995616751e+00,7.166473761387764394e-10,5.317020393789354850e-03
2.089999999995609148e+00,6.981903013401349949e-10,5.280246765806777091e-03
2.092499999995601989e+00,6.802085394087627115e-10,5.243727471946504556e-03
2.094999999995594830e+00,6.626899396314200601e-10,5.207460753180425707e-03
2.097499999995587672e+00,6.456225432782205093e-10,5.171444862646250307e-03
2.099999999995580513e+00,6.289946965234219915e-10,5.135678065563155023e-03
2.102499999995573354e+00,6.127950559217083199e-10,5.100158639148690172e-03
2.104999999995565751e+00,5.970127008089455416e-10,5.064884872535630952e-03
2.107499999995558593e+00,5.816367777449209787e-10,5.029855066689003021e-03
2.109999999995551434e+00,5.666568385273398235e-10,4.995067534325148967e-03
2.112499999995544275e+00,5.520627959489842977e-10,4.960520599829826814e-03
2.114999999995537117e+00,5.378444885992992105e-10,4.926212599177589614e-03
2.117499999995529958e+00,5.239924339506669621e-10,4.892141879852067096e-03
2.119999999995522355e+00,5.104971661744567084e-10,4.858306800765798024e-03
2.122499999995515196e+00,4.973494336785527186e-10,4.824705732181427779e-03
2.124999999995508038e+00,4.845402735748773528e-10,4.791337055633337026e-03
2.127499999995500879e+00,4.720610880096017356e-10,4.758199163849279045e-03
2.129999999995493720e+00,4.599032458602678520e-10,4.725290460673639906e-03
2.132499999995486561e+00,4.480585585176223914e-10,4.692609360989885049e-03
2.134999999995478959e+00,4.365188945032080394e-10,4.660154290644554116e-03
2.137499999995471800e+00,4.252765207585139829e-10,4.627923686371288731e-03
2.139999999995464641e+00,4.143236271755424896e-10,4.595915995715654789e-03
2.142499999995457483e+00,4.036528107155200220e-10,4.564129676960357665e-03
2.144999999995450324e+00,3.932568189841657984e-10,4.532563199051037675e-03
2.147499999995443165e+00,3.831286207277497330e-10,4.501215041522062948e-03
2.149999999995436006e+00,3.732611956577610569e-10,4.470083694424101250e-03
2.152499999995428404e+00,3.636479502586951515e-10,4.439167658250722098e-03
2.154999999995421245e+00,3.542822791403239214e-10,4.408465443866198437e-03
2.157499999995414086e+00,3.451578175097168104e-10,4.377975572434404661e-03
2.159999999995406927e+00,3.362683447182957715e-10,4.347696575346979113e-03
2.162499999995399769e+00,3.276078615200454458e-10,4.317626994152738186e-03
2.164999999995392610e+00,3.191704233325051900e-10,4.287765380487422624e-03
2.167499999995385007e+00,3.109501757217341618e-10,4.258110296003893985e-03
2.169999999995378293e+00,3.029418532030896358e-10,4.228660312303113462e-03
2.172499999995370690e+00,2.951396001384855473e-10,4.199414010864994072e-03
2.174999999995363531e+00,2.875383674364448581e-10,4.170369982980499240e-03
2.177499999995356372e+00,2.801328636885693349e-10,4.141526829683024949e-03
2.179999999995349214e+00,2.729181011660375170e-10,4.112883161682056969e-03
2.182499999995341611e+00,2.658891567350798445e-10,4.084437599295272919e-03
2.184999999995334896e+00,2.590413113518824827e-10,4.056188772382836143e-03
2.187499999995327293e+00,2.523697349746474689e-10,4.028135320280882940e-03
2.189999999995320135e+00,2.458700266611495423e-10,4.000275891736123496e-03
2.192499999995312976e+00,2.395377004083998750e-10,3.972609144841258988e-03
2.194999999995305817e+00,2.333684880434479692e-10,3.945133746969367410e-03
2.197499999995298214e+00,2.273581216334102954e-10,3.917848374710569681e-03
2.199999999995291500e+00,2.215025550947495252e-10,3.890751713807871336e-03
2.202499999995283897e+00,2.157978193467509415e-10,3.863842459093820830e-03
2.204999999995276738e+00,2.102399765462278143e-10,3.837119314428168778e-03
2.207499999995269580e+00,2.048252882764402702e-10,3.810580992634533641e-03
2.209999999995262421e+00,1.995500306011602339e-10,3.784226215439386292e-03
2.212499999995255262e+00,1.944106339074759661e-10,3.758053713409719235e-03
2.214999999995248103e+00,1.894036738115548935e-10,3.732062225892215923e-03
2.217499999995240501e+00,1.845256485848060979e-10,3.706250500952680289e-03
2.219999999995233342e+00,1.797733146333612900e-10,3.680617295315356981e-03
2.222499999995226183e+00,1.751431790379286694e-10,3.655161374303331039e-03
2.224999999995219024e+00,1.706324438255025002e-10,3.629881511778869450e-03
2.227499999995211422e+00,1.662378593272019648e-10,3.604776490084619662e-03
2.229999999995204263e+00,1.619564584589912641e-10,3.579845099984796820e-03
2.232499999995197104e+00,1.577852496371652279e-10,3.555086140606780395e-03
2.234999999995190390e+00,1.537215237133458459e-10,3.530498419383578182e-03
2.237499999995182787e+00,1.497625279501637838e-10,3.506080751996290719e-03
2.239999999995175628e+00,1.459054256988694470e-10,3.481831962316766539e-03
2.242499999995168469e+00,1.421476455074848434e-10,3.457750882351504681e-03
2.244999999995161311e+00,1.384866956408342074e-10,3.433836352184929663e-03
2.247499999995153708e+00,1.349199897905415758e-10,3.410087219923614923e-03
2.249999999995146549e+00,1.314451573135767627e-10,3.386502341641104731e-03
2.252499999995139390e+00,1.280598407730669801e-10,3.363080581322308929e-03
2.254999999995132232e+00,1.247616638401691587e-10,3.339820810809201318e-03
2.257499999995124629e+00,1.215484339712825352e-10,3.316721909746470770e-03
2.259999999995117470e+00,1.184180097298500673e-10,3.293782765527103387e-03
2.262499999995110755e+00,1.153682178951941260e-10,3.271002273239338558e-03
2.264999999995103597e+00,1.123968915861301164e-10,3.248379335613055165e-03
2.267499999995096438e+00,1.095021669882602008e-10,3.225912862967366453e-03
2.269999999995088835e+00,1.066819194981581919e-10,3.203601773157471137e-03
2.272499999995081676e+00,1.039343651601021803e-10,3.181444991523244871e-03
2.274999999995074518e+00,1.012575724711193885e-10,3.159441450836787853e-03
2.277499999995067359e+00,9.864972662823155193e-11,3.137590091251770460e-03
2.279999999995059756e+00,9.610898674563509367e-11,3.115889860251718976e-03
2.282499999995052598e+00,9.363375169570731543e-11,3.094339712599585013e-03
2.284999999995045439e+00,9.122224206744628888e-11,3.072938610287599855e-03
2.287499999995038280e+00,8.887284520127335425e-11,3.051685522486783167e-03
2.289999999995030677e+00,8.658390076902762057e-11,3.030579425497844683e-03
2.292499999995023963e+00,8.435393893374450402e-11,3.009619302701427128e-03
2.294999999995016804e+00,8.218146418246428102e-11,2.988804144509524859e-03
2.297499999995009645e+00,8.006487825463530309e-11,2.968132948316438893e-03
2.299999999995002042e+00,7.800289566100505470e-11,2.947604718450844759e-03
2.302499999994994884e+00,7.599389176584403720e-11,2.927218466127545944e-03
2.304999999994987725e+00,7.403663778024550667e-11,2.906973209400228256e-03
2.307499999994980566e+00,7.212990391085129140e-11,2.886867973113642176e-03
2.309999999994972963e+00,7.027219863714277735e-11,2.866901788857179490e-03
2.312499999994965805e+00,6.846235803056723771e-11,2.847073694917737815e-03
2.314999999994958646e+00,6.669910908509004927e-11,2.827382736233803335e-03
2.317499999994951487e+00,6.498127850231237321e-11,2.807827964349204376e-03
2.319999999994944329e+00,6.330767751621617078e-11,2.788408437367414019e-03
2.322499999994937170e+00,6.167727386414936582e-11,2.769123219906373563e-03
2.324999999994930011e+00,6.008874958175269111e-11,2.749971383053270019e-03
2.327499999994922852e+00,5.854120037385512833e-11,2.730952004319814937e-03
2.329999999994915694e+00,5.703346038712315968e-11,2.712064167597947380e-03
2.332499999994908091e+00,5.556462267255672850e-11,2.693306963115427600e-03
2.334999999994900932e+00,5.413350910666828855e-11,2.674679487392316729e-03
2.337499999994893773e+00,5.273934310227907231e-11,2.656180843197371907e-03
2.339999999994886615e+00,5.138105128846809798e-11,2.637810139504799187e-03
2.342499999994879012e+00,5.005778176743583659e-11,2.619566491451064995e-03
2.344999999994871853e+00,4.876853203878701828e-11,2.601449020292816508e-03
2.347499999994864694e+00,4.751252747078463454e-11,2.583456853364238248e-03
2.349999999994857980e+00,4.628882443321123937e-11,2.565589124034931695e-03
2.352499999994850377e+00,4.509666327569615497e-11,2.547844971668429808e-03
2.354999999994843218e+00,4.393524341476782960e-11,2.530223541580441365e-03
2.357499999994836060e+00,4.280367120975302467e-11,2.512723984998124858e-03
2.359999999994828901e+00,4.170128199020386050e-11,2.495345459018590874e-03
2.362499999994821298e+00,4.062721812782799032e-11,2.478087126568915416e-03
2.364999999994814139e+00,3.958091650792705572e-11,2.460948156365400791e-03
2.367499999994806981e+00,3.856157781425837082e-11,2.443927722873693881e-03
2.369999999994799822e+00,3.756839501265650000e-11,2.427025006269070521e-03
2.372499999994792219e+00,3.660079928405418175e-11,2.410239192396934540e-03
2.374999999994785060e+00,3.565815622619067544e-11,2.393569472733359307e-03
2.377499999994778346e+00,3.473980624301096101e-11,2.377015044346451108e-03
2.379999999994771187e+00,3.384510672416453132e-11,2.360575109857600187e-03
2.382499999994763584e+00,3.297343461951753559e-11,2.344248877403068768e-03
2.384999999994756426e+00,3.212421326512413352e-11,2.328035560595637186e-03
2.387499999994749267e+00,3.129686795605447189e-11,2.311934378487172023e-03
2.389999999994742108e+00,3.049078061962716164e-11,2.295944555530306068e-03
2.392499999994734949e+00,2.970553943766642238e-11,2.280065321542080678e-03
2.394999999994727347e+00,2.894046208083322118e-11,2.264295911665711609e-03
2.397499999994720188e+00,2.819514287542029358e-11,2.248635566334803403e-03
2.399999999994713029e+00,2.746898204928206733e-11,2.233083531236153448e-03
2.402499999994705870e+00,2.676144977423829338e-11,2.217639057273359648e-03
2.404999999994698712e+00,2.607221786662472050e-11,2.202301400531183565e-03
2.407499999994691553e+00,2.540077971556092347e-11,2.187069822239024516e-03
2.409999999994684394e+00,2.474659424506337187e-11,2.171943588736407679e-03
2.412499999994677236e+00,2.410918576108261245e-11,2.156921971436438681e-03
2.414999999994669633e+00,2.348830494286084972e-11,2.142004246791762243e-03
2.417499999994662474e+00,2.288334538944524162e-11,2.127189696258858544e-03
2.419999999994655315e+00,2.229406599514447833e-11,2.112477606263762908e-03
2.422499999994648157e+00,2.171983487615012632e-11,2.097867268168269930e-03
2.424999999994640554e+00,2.116046168593952847e-11,2.083357978234663503e-03
2.427499999994633395e+00,2.061543446292823690e-11,2.068949037592624374e-03
2.429999999994626236e+00,2.008451456775616554e-11,2.054639752205681021e-03
2.432499999994619078e+00,1.956723500854838503e-11,2.040429432837022154e-03
2.434999999994611919e+00,1.906327483864522891e-11,2.026317395016844457e-03
2.437499999994604760e+00,1.857233346545725093e-11,2.012302959009460053e-03
2.439999999994597601e+00,1.809396751575088410e-11,1.998385449780139874e-03
2.442499999994590443e+00,1.762796497149202758e-11,1.984564196963117550e-03
2.444999999994582840e+00,1.717398771614280638e-11,1.970838534828855178e-03
2.447499999994575681e+00,1.673164624462885976e-11,1.957207802251935760e-03
2.449999999994568523e+00,1.630072477767520264e-11,1.943671342679861164e-03
2.452499999994561364e+00,1.588096548449732605e-11,1.930228504100657029e-03
2.454999999994554205e+00,1.547189931917984690e-11,1.916878639011836399e-03
2.457499999994546602e+00,1.507344010737336327e-11,1.903621104389548310e-03
2.459999999994539444e+00,1.468524896506401116e-11,1.890455261656574315e-03
2.462499999994532729e+00,1.430695226771380648e-11,1.877380476652749063e-03
2.464999999994525570e+00,1.393852858789486401e-11,1.864396119603632272e-03
2.467499999994517967e+00,1.357951479159166152e-11,1.851501565090671927e-03
2.469999999994510809e+00,1.322981880169602033e-11,1.838696192020632808e-03
2.472499999994503650e+00,1.288909141113782939e-11,1.825979383595922314e-03
2.474999999994496491e+00,1.255720009825939783e-11,1.813350527284755820e-03
2.477499999994488888e+00,1.223377570823868774e-11,1.800809014792216500e-03
2.479999999994481730e+00,1.191869283685524624e-11,1.788354242029819609e-03
2.482499999994474571e+00,1.161168989981909515e-11,1.775985609087560877e-03
2.484999999994467412e+00,1.131267768075427677e-11,1.763702520204270090e-03
2.487499999994459809e+00,1.102130402612130492e-11,1.751504383739440045e-03
2.489999999994453095e+00,1.073742335266393558e-11,1.739390612144327145e-03
2.492499999994445936e+00,1.046089839054083131e-11,1.727360621933549199e-03
2.494999999994438777e+00,1.019151154073543108e-11,1.715413833657834005e-03
2.497499999994431175e+00,9.928952379482787567e-12,1.703549671874850192e-03
2.499999999994424016e+00,9.673234535538697177e-12,1.691767565122653371e-03
2.502499999994416857e+00,9.424134127169225530e-12,1.680066945891299339e-03
2.504999999994409698e+00,9.181417892737296332e-12,1.668447250596133890e-03
2.507499999994402096e+00,8.944964683664249363e-12,1.656907919550220688e-03
2.509999999994394937e+00,8.714553458558850554e-12,1.645448396937500540e-03
2.512499999994387778e+00,8.490164064022699120e-12,1.634068130786180736e-03
2.514999999994380619e+00,8.271471098656339125e-12,1.622766572941864186e-03
2.517499999994373461e+00,8.058427591213401022e-12,1.611543179041450072e-03
2.519999999994366302e+00,7.850894360681535085e-12,1.600397408486797703e-03
2.522499999994359143e+00,7.648700455832271341e-12,1.589328724418475388e-03
2.524999999994351985e+00,7.451705210892553027e-12,1.578336593690150922e-03
2.527499999994344826e+00,7.259778238131891048e-12,1.567420486842912913e-03
2.529999999994337223e+00,7.072823461990504934e-12,1.556579878079696619e-03
2.532499999994330064e+00,6.890648292261989675e-12,1.545814245239888031e-03
2.534999999994322906e+00,6.713177617668436626e-12,1.535123069774268828e-03
2.537499999994315747e+00,6.540321187705951840e-12,1.524505836719987784e-03
2.539999999994308144e+00,6.371881686621635842e-12,1.513962034675818630e-03
2.542499999994300985e+00,6.207743631959013175e-12,1.503491155777534130e-03
2.544999999994293827e+00,6.047887774096067608e-12,1.493092695673357796e-03
2.547499999994287112e+00,5.892072855841803521e-12,1.482766153499847327e-03
2.549999999994279509e+00,5.740365286150207455e-12,1.472511031857405735e-03
2.552499999994272351e+00,5.592466124230820262e-12,1.462326836786524307e-03
2.554999999994265192e+00,5.448441933079262124e-12,1.452213077744415014e-03
2.557499999994258033e+00,5.308140662641449113e-12,1.442169267580540280e-03
2.559999999994250430e+00,5.171370811031340894e-12,1.432194922513889629e-03
2.562499999994243272e+00,5.038266115297747657e-12,1.422289562109355131e-03
2.564999999994236113e+00,4.908464159690385577e-12,1.412452709254390917e-03
2.567499999994228954e+00,4.782084190194922275e-12,1.402683890136423826e-03
2.569999999994221351e+00,4.658923919223056983e-12,1.392982634220082342e-03
2.572499999994214193e+00,4.538938437575825513e-12,1.383348474223876703e-03
2.574999999994207034e+00,4.422024858328275890e-12,1.373780946098506622e-03
2.577499999994200319e+00,4.308094169532081757e-12,1.364279589003714434e-03
2.579999999994193161e+00,4.197174549527469620e-12,1.354843945287116267e-03
2.582499999994185558e+00,4.089089979335585879e-12,1.345473560460951111e-03
2.584999999994178399e+00,3.983723024844468277e-12,1.336167983181131428e-03
2.587499999994171240e+00,3.881154847288075285e-12,1.326926765225142340e-03
2.589999999994164082e+00,3.781268335509781183e-12,1.317749461470373203e-03
2.592499999994156479e+00,3.683805466301362261e-12,1.308635629872635653e-03
2.594999999994149320e+00,3.588953776808453632e-12,1.299584831445477684e-03
2.597499999994142161e+00,3.496523787974709476e-12,1.290596630238144199e-03
2.599999999994135003e+00,3.406477592318588452e-12,1.281670593314902145e-03
2.602499999994127400e+00,3.318695183119140439e-12,1.272806290734896685e-03
2.604999999994120685e+00,3.233294366289830105e-12,1.264003295530299322e-03
2.607499999994113526e+00,3.149984057530047046e-12,1.255261183686449868e-03
2.609999999994106368e+00,3.068907525489460986e-12,1.246579534121295416e-03
2.612499999994098765e+00,2.989791979063769779e-12,1.237957928664964189e-03
2.614999999994091606e+00,2.912823990567586762e-12,1.229395952039829014e-03
2.617499999994084448e+00,2.837790201227104548e-12,1.220893191840438088e-03
2.619999999994077289e+00,2.764756613565264123e-12,1.212449238513610547e-03
2.622499999994069686e+00,2.693520563938068378e-12,1.204063685338530509e-03
2.624999999994062527e+00,2.624149962480387035e-12,1.195736128407809320e-03
2.627499999994055369e+00,2.556491260364403903e-12,1.187466166606861205e-03
2.629999999994048210e+00,2.490728379126803371e-12,1.179253401595971871e-03
2.632499999994041051e+00,2.426539715324242315e-12,1.171097437790063816e-03
2.634999999994033892e+00,2.364076702822857110e-12,1.162997882339960026e-03
2.637499999994026734e+00,2.303219666653713055e-12,1.154954345113810062e-03
2.639999999994019575e+00,2.243875692509331333e-12,1.146966438677875406e-03
2.642499999994012416e+00,2.186059336080920463e-12,1.139033778277739146e-03
2.644999999994004813e+00,2.129773645686323594e-12,1.131155981820349422e-03
2.647499999993997655e+00,2.074932114708973641e-12,1.123332669855267498e-03
2.649999999993990496e+00,2.021493719774712422e-12,1.115563465556038787e-03
2.652499999993983337e+00,1.969379676995613264e-12,1.107847994702961187e-03
2.654999999993975734e+00,1.918665013842232508e-12,1.100185885664312123e-03
2.657499999993968576e+00,1.869272269422692989e-12,1.092576769378365105e-03
2.659999999993961417e+00,1.821146173893779200e-12,1.085020279336279059e-03
2.662499999993954702e+00,1.774232272418309435e-12,1.077516051563821506e-03
2.664999999993947100e+00,1.728529798535495903e-12,1.070063724604257459e-03
2.667499999993939941e+00,1.683993123572810888e-12,1.062662939500507147e-03
2.669999999993932782e+00,1.640658043747953738e-12,1.055313339778594798e-03
2.672499999993925623e+00,1.598379594025926196e-12,1.048014571429419515e-03
2.674999999993918021e+00,1.557273225183426222e-12,1.040766282892605218e-03
2.677499999993910862e+00,1.517124371122883303e-12,1.033568125039344881e-03
2.679999999993903703e+00,1.478002727918507186e-12,1.026419751155096876e-03
2.682499999993896544e+00,1.440025374342160818e-12,1.019320816923672364e-03
2.684999999993888942e+00,1.402891527984073613e-12,1.012270980409830804e-03
2.687499999993881783e+00,1.366747897250184271e-12,1.005269902043761775e-03
2.689999999993875068e+00,1.331546154676378265e-12,9.983172446036321385e-04
2.692499999993867910e+00,1.297218837985021205e-12,9.914126732004017832e-04
2.694999999993860307e+00,1.263851800264409354e-12,9.845558552607658765e-04
2.697499999993853148e+00,1.231294883550837092e-12,9.777464605118621910e-04
2.699999999993845989e+00,1.199574790270879805e-12,9.709841609648850154e-04
2.702499999993838831e+00,1.168664655712645069e-12,9.642686308995850747e-04
2.704999999993831672e+00,1.138597020996265611e-12,9.575995468485350463e-04
2.707499999993824069e+00,1.109287467278817038e-12,9.509765875811567685e-04
2.709999999993816910e+00,1.080741432184363425e-12,9.443994340887713933e-04
2.712499999993809752e+00,1.052837499073744674e-12,9.378677695692076190e-04
2.714999999993802593e+00,1.025813304858590463e-12,9.313812794110419438e-04
2.717499999993795434e+00,9.993347642662689742e-13,9.249396511790583227e-04
2.719999999993788276e+00,9.735600649476922372e-13,9.185425745985804696e-04
2.722499999993781117e+00,9.485130090078715410e-13,9.121897415412606779e-04
2.724999999993773958e+00,9.240997550339006426e-13,9.058808460095295421e-04
2.727499999993766355e+00,9.002626293121630573e-13,8.996155841220128966e-04
2.729999999993759197e+00,8.771014267975293904e-13,8.933936540996164060e-04
2.732499999993752038e+00,8.545164985154839125e-13,8.872147562500277626e-04
2.734999999993744879e+00,8.324909430359208463e-13,8.810785929534583434e-04
2.737499999993737276e+00,8.110490523159996108e-13,8.749848686490721431e-04
2.739999999993730118e+00,7.901592633529098635e-13,8.689332898198642982e-04
2.742499999993722959e+00,7.698537939901068081e-13,8.629235649787162952e-04
2.744999999993715800e+00,7.500313545985794073e-13,8.569554046547364331e-04
2.747499999993708641e+00,7.306631121154101069e-13,8.510285213790776994e-04
2.749999999993701483e+00,7.118542578791926740e-13,8.451426296707999913e-04
2.752499999993694324e+00,6.935136474453495398e-13,8.392974460239588938e-04
2.754999999993687165e+00,6.756736842374976760e-13,8.334926888929436884e-04
2.757499999993679562e+00,6.582487636782694464e-13,8.277280786794033928e-04
2.759999999993672404e+00,6.413089046604392634e-13,8.220033377189203986e-04
2.762499999993665245e+00,6.247921768894018394e-13,8.163181902673842180e-04
2.764999999993658086e+00,6.087130158563276038e-13,8.106723624876984065e-04
2.767499999993650928e+00,5.930376681861943535e-13,8.050655824369043609e-04
2.769999999993643325e+00,5.777600605454320798e-13,7.994975800525986514e-04
2.772499999993636166e+00,5.628787846853543144e-13,7.939680871403289545e-04
2.774999999993629451e+00,5.483806905108340573e-13,7.884768373605116360e-04
2.777499999993622293e+00,5.342594437021999965e-13,7.830235662157217572e-04
2.779999999993614690e+00,5.204951169411225704e-13,7.776080110376832992e-04
2.782499999993607531e+00,5.070934598389522879e-13,7.722299109747816481e-04
2.784999999993600373e+00,4.940161712922127477e-13,7.668890069797059663e-04
2.787499999993593214e+00,4.813072128890744807e-13,7.615850417965240940e-04
2.789999999993585611e+00,4.689213590037660085e-13,7.563177599488222439e-04
2.792499999993578452e+00,4.568334774534062563e-13,7.510869077269261614e-04
2.794999999993571294e+00,4.450639265301846916e-13,7.458922331758354720e-04
2.797499999993564135e+00,4.336147266713693777e-13,7.407334860832075771e-04
2.799999999993556532e+00,4.224467201462629576e-13,7.356104179672431041e-04
2.802499999993549373e+00,4.115595771626075924e-13,7.305227820645713568e-04
2.804999999993542659e+00,4.009574806480411197e-13,7.254703333186192111e-04
2.807499999993535500e+00,3.906292675880182410e-13,7.204528283677768315e-04
2.809999999993527897e+00,3.805703068656802518e-13,7.154700255332739059e-04
2.812499999993520738e+00,3.707630734275634671e-13,7.105216848079577187e-04
2.814999999993513580e+00,3.612093473693319585e-13,7.056075678448129685e-04
2.817499999993506421e+00,3.518943388974262322e-13,7.007274379449829598e-04
2.819999999993498818e+00,3.428545208180371389e-13,6.958810600469476394e-04
2.822499999993491659e+00,3.340261542385400415e-13,6.910682007146653517e-04
2.824999999993484501e+00,3.254198614887345549e-13,6.862886281266785586e-04
2.827499999993477342e+00,3.170325527334115396e-13,6.815421120650103082e-04
2.829999999993470183e+00,3.088587472735885622e-13,6.768284239037845569e-04
2.832499999993463025e+00,3.009396722162089133e-13,6.721473365981979909e-04
2.834999999993455866e+00,2.931544223713289116e-13,6.674986246740329714e-04
2.837499999993448707e+00,2.855990927813572115e-13,6.628820642164254175e-04
2.839999999993441548e+00,2.782779460880295619e-13,6.582974328589555639e-04
2.842499999993433946e+00,2.711040590619078939e-13,6.537445097732641226e-04
2.844999999993426787e+00,2.641134354472459309e-13,6.492230756584703617e-04
2.847499999993419628e+00,2.573085529681222625e-13,6.447329127299858496e-04
2.849999999993412469e+00,2.506778553805820051e-13,6.402738047099490806e-04
2.852499999993404867e+00,2.442435302502200001e-13,6.358455368159691805e-04
2.854999999993397708e+00,2.379361923463434335e-13,6.314478957513742661e-04
2.857499999993390549e+00,2.317999923096604273e-13,6.270806696944547509e-04
2.859999999993383835e+00,2.258481742857598066e-13,6.227436482888310757e-04
2.862499999993376232e+00,2.200109800235625698e-13,6.184366226325147594e-04
2.864999999993369073e+00,2.143839872649317398e-13,6.141593852689328312e-04
2.867499999993361914e+00,2.088122937191327509e-13,6.099117301757433097e-04
2.869999999993354756e+00,2.034317268446153496e-13,6.056934527559462624e-04
2.872499999993347153e+00,1.982317116457751742e-13,6.015043498273886209e-04
2.874999999993339994e+00,1.930949841077092752e-13,5.973442196130150346e-04
2.877499999993332835e+00,1.881203224034576621e-13,5.932128617315104470e-04
2.879999999993325677e+00,1.832987488859186248e-13,5.891100771875543108e-04
2.882499999993318074e+00,1.785524263204202661e-13,5.850356683618087401e-04
2.884999999993310915e+00,1.740076747816318444e-13,5.809894390018501345e-04
2.887499999993303756e+00,1.694688361444371414e-13,5.769711942126658222e-04
2.889999999993297042e+00,1.651136325142616479e-13,5.729807404469707249e-04
2.892499999993289883e+00,1.608641374362893452e-13,5.690178854962610637e-04
2.894999999993282280e+00,1.567273675567389805e-13,5.650824384814082547e-04
2.897499999993275122e+00,1.526792988051035632e-13,5.611742098433008348e-04
2.899999999993267963e+00,1.487813753613146870e-13,5.572930113340079971e-04
2.902499999993260804e+00,1.449347847749667967e-13,5.534386560074613069e-04
2.904999999993253201e+00,1.411656709541498859e-13,5.496109582105432106e-04
2.907499999993246043e+00,1.375758504897875629e-13,5.458097335743428364e-04
2.909999999993238884e+00,1.339898199100965894e-13,5.420347990047799224e-04
2.912499999993231725e+00,1.305453020764050124e-13,5.382859726743418954e-04
2.914999999993224122e+00,1.272078102244328947e-13,5.345630740127891136e-04
2.917499999993217408e+00,1.239010463029787880e-13,5.308659236990795121e-04
2.919999999993210249e+00,1.207674043109110725e-13,5.271943436521902898e-04
2.922499999993203090e+00,1.176208472337052690e-13,5.235481570227565416e-04
2.924999999993195487e+00,1.146132809428524796e-13,5.199271881847296242e-04
2.927499999993188329e+00,1.116257403971887996e-13,5.163312627264245733e-04
2.929999999993181170e+00,1.087777884990651260e-13,5.127602074425489410e-04
2.932499999993174011e+00,1.059489427788409016e-13,5.092138503259270805e-04
2.934999999993166409e+00,1.032597426648893463e-13,5.056920205588516818e-04
2.937499999993159250e+00,1.005978094671567813e-13,5.021945485048104427e-04
2.939999999993152091e+00,9.801163108094015188e-14,4.987212657009247336e-04
2.942499999993144932e+00,9.549489424957831869e-14,4.952720048493267210e-04
2.944999999993137774e+00,9.301796732248806492e-14,4.918465998089707140e-04
2.947499999993130615e+00,9.058748948177970767e-14,4.884448855881773225e-04
2.949999999993123456e+00,8.826021014885957460e-14,4.850666983362121880e-04
2.952499999993116298e+00,8.602444497263525802e-14,4.817118753356304864e-04
2.954999999993109139e+00,8.377693083647650639e-14,4.783802549944749546e-04
2.957499999993101536e+00,8.162824249972680096e-14,4.750716768382192388e-04
2.959999999993094377e+00,7.955436216570814350e-14,4.717859815022144745e-04
2.962499999993087219e+00,7.747656569517180348e-14,4.685230107242186999e-04
2.964999999993080060e+00,7.552206493719429338e-14,4.652826073362995463e-04
2.967499999993072457e+00,7.355649640161998334e-14,4.620646152577731003e-04
2.969999999993065298e+00,7.165236254079399496e-14,4.588688794870876748e-04
2.972499999993058140e+00,6.982059060574504078e-14,4.556952460952417802e-04
2.974999999993051425e+00,6.802862273421332672e-14,4.525435622173656740e-04
2.977499999993043822e+00,6.627019221984516687e-14,4.494136760461341822e-04
2.979999999993036663e+00,6.454442005127009733e-14,4.463054368239668403e-04
2.982499999993029505e+00,6.291009131512588367e-14,4.432186948361052084e-04
2.984999999993022346e+00,6.125919296121311902e-14,4.401533014028806662e-04
2.987499999993014743e+00,5.970838111298979696e-14,4.371091088735224806e-04
2.989999999993007584e+00,5.814319383961941379e-14,4.340859706181504846e-04
2.992499999993000426e+00,5.664109456964481292e-14,4.310837410207490135e-04
2.994999999992993267e+00,5.517050354021960704e-14,4.281022754729459155e-04
2.997499999992985664e+00,5.376666418847777961e-14,4.251414303659287945e-04
2.999999999992978506e+00,5.238329261209629884e-14,4.222010630846148756e-04
3.002499999992971791e+00,5.103916872099529718e-14,4.192810319998914242e-04
3.004999999992964632e+00,4.974062292652643512e-14,4.163811964625837875e-04
3.007499999992957029e+00,4.844873844673575938e-14,4.135014167958051012e-04
3.009999999992949871e+00,4.718621938832369534e-14,4.106415542891908815e-04
3.012499999992942712e+00,4.598112509943099095e-14,4.078014711911550575e-04
3.014999999992935553e+00,4.479939714326320865e-14,4.049810307035671885e-04
3.017499999992928394e+00,4.365975838785636316e-14,4.021800969737656891e-04
3.019999999992920792e+00,4.252288736543252760e-14,3.993985350888889152e-04
3.022499999992913633e+00,4.143485026589518983e-14,3.966362110693581332e-04
3.024999999992906474e+00,4.032875046321928252e-14,3.938929918620144121e-04
3.027499999992899316e+00,3.930100115141428090e-14,3.911687453338686315e-04
3.029999999992891713e+00,3.834174663872758480e-14,3.884633402660738052e-04
3.032499999992884998e+00,3.730034483208125380e-14,3.857766463469654793e-04
3.034999999992877839e+00,3.636623926546493725e-14,3.831085341663081423e-04
3.037499999992870681e+00,3.542101257576988131e-14,3.804588752090407879e-04
3.039999999992863078e+00,3.449940797065267414e-14,3.778275418486993316e-04
3.042499999992855919e+00,3.360560827587978907e-14,3.752144073416988535e-04
3.044999999992848760e+00,3.276799420371153084e-14,3.726193458208917030e-04
3.047499999992841602e+00,3.189761573868590150e-14,3.700422322897416465e-04
3.049999999992833999e+00,3.108464316541798702e-14,3.674829426161421264e-04
3.052499999992826840e+00,3.027449137610674026e-14,3.649413535266129603e-04
3.054999999992819681e+00,2.951944821876113970e-14,3.624173426001652746e-04
3.057499999992812523e+00,2.872244174498165213e-14,3.599107882625993062e-04
3.059999999992805364e+00,2.799863409601142499e-14,3.574215697803676548e-04
3.062499999992798205e+00,2.726639983407605052e-14,3.549495672550872691e-04
3.064999999992791047e+00,2.657301597751971440e-14,3.524946616178035834e-04
3.067499999992783888e+00,2.588706062145764428e-14,3.500567346225265039e-04
3.069999999992776285e+00,2.522731165137919373e-14,3.476356688416311152e-04
3.072499999992769126e+00,2.456883009950132837e-14,3.452313476593916607e-04
3.074999999992761968e+00,2.394694456575902475e-14,3.428436552665196035e-04
3.077499999992754809e+00,2.329038778017122126e-14,3.404724766549814649e-04
3.079999999992747650e+00,2.271607796628794332e-14,3.381176976119519041e-04
3.082499999992740047e+00,2.212889043558961482e-14,3.357792047145446578e-04
3.084999999992732889e+00,2.156189974209777089e-14,3.334568853243319525e-04
3.087499999992726174e+00,2.102179999621447043e-14,3.311506275820752282e-04
3.089999999992719015e+00,2.044117102235201701e-14,3.288603204019912804e-04
3.092499999992711412e+00,1.993930423318332081e-14,3.265858534665258095e-04
3.094999999992704254e+00,1.943741209945422743e-14,3.243271172214000266e-04
3.097499999992697095e+00,1.893021174794475158e-14,3.220840028698402583e-04
3.099999999992689936e+00,1.843328315023421976e-14,3.198564023673646688e-04
3.102499999992682334e+00,1.799024377732397668e-14,3.176442084170937605e-04
3.104999999992675175e+00,1.749481043513976003e-14,3.154473144640529457e-04
3.107499999992668016e+00,1.706155044781235819e-14,3.132656146902445225e-04
3.109999999992660857e+00,1.662593363522002760e-14,3.110990040097142296e-04
3.112499999992653255e+00,1.618686627590458222e-14,3.089473780627809596e-04
3.114999999992646096e+00,1.574661786942653664e-14,3.068106332121103212e-04
3.117499999992639381e+00,1.536869743932221653e-14,3.046886665369321549e-04
3.119999999992632223e+00,1.497455306329934346e-14,3.025813758282227726e-04
3.122499999992624620e+00,1.456259618817438763e-14,3.004886595839251434e-04
3.124999999992617461e+00,1.419089211849140069e-14,2.984104170041388315e-04
3.127499999992610302e+00,1.384433355566018116e-14,2.963465479857172531e-04
3.129999999992603144e+00,1.350111606614613235e-14,2.942969531181527506e-04
3.132499999992595541e+00,1.312856524341795871e-14,2.922615336785268662e-04
3.134999999992588382e+00,1.278373079767738742e-14,2.902401916266418949e-04
3.137499999992581223e+00,1.246662436748624564e-14,2.882328296001750428e-04
3.139999999992574065e+00,1.216477012065151217e-14,2.862393509104073212e-04
3.142499999992566906e+00,1.183684696645302539e-14,2.842596595372833793e-04
3.144999999992559747e+00,1.151972793535430456e-14,2.822936601248228895e-04
3.147499999992552588e+00,1.122664114599199212e-14,2.803412579765337761e-04
3.149999999992545430e+00,1.096190959799396453e-14,2.784023590509282801e-04
3.152499999992538271e+00,1.066904180177709297e-14,2.764768699569168349e-04
3.154999999992530668e+00,1.034640101904023324e-14,2.745646979491339623e-04
3.157499999992523509e+00,1.013256276975466368e-14,2.726657509239368616e-04
3.159999999992516351e+00,9.862828685867266983e-15,2.707799374146135072e-04
3.162499999992509192e+00,9.595137608279489227e-15,2.689071665869452801e-04
3.164999999992501589e+00,9.326497694863602804e-15,2.670473482350114308e-04
3.167499999992494431e+00,9.101795876659400133e-15,2.652003927768192023e-04
3.169999999992487272e+00,8.871257828584103644e-15,2.633662112498270512e-04
3.172499999992480557e+00,8.646041894888950499e-15,2.615447153069819426e-04
3.174999999992472954e+00,8.437273637656030840e-15,2.597358172119058721e-04
3.177499999992465796e+00,8.209913725086335544e-15,2.579394298354200222e-04
3.179999999992458637e+00,8.019805314852632605e-15,2.561554666507385482e-04
3.182499999992451478e+00,7.790656144459878149e-15,2.543838417295018616e-04
3.184999999992443875e+00,7.610552650188795023e-15,2.526244697377323396e-04
3.187499999992436717e+00,7.392706746129505215e-15,2.508772659315864208e-04
3.189999999992429558e+00,7.189911912293481112e-15,2.491421461533600791e-04
3.192499999992422399e+00,7.008447098869621734e-15,2.474190268273175728e-04
3.194999999992414796e+00,6.850851228723281734e-15,2.457078249558282694e-04
3.197499999992407638e+00,6.678285014383969059e-15,2.440084581153581880e-04
3.199999999992400479e+00,6.511242904604633902e-15,2.423208444523096980e-04
3.202499999992393764e+00,6.301501266815839583e-15,2.406449026792941955e-04
3.204999999992386606e+00,6.146058804878796789e-15,2.389805520709214137e-04
3.207499999992379003e+00,5.999030751073752343e-15,2.373277124604108036e-04
3.209999999992371844e+00,5.837224280408712619e-15,2.356863042351556563e-04
3.212499999992364685e+00,5.706787165834738200e-15,2.340562483334105131e-04
3.214999999992357527e+00,5.531915177904133292e-15,2.324374662401231938e-04
3.217499999992349924e+00,5.410262109069909419e-15,2.308298799832205915e-04
3.219999999992342765e+00,5.261782861046141931e-15,2.292334121299434457e-04
3.222499999992335606e+00,5.133436721554347712e-15,2.276479857831080673e-04
3.224999999992328448e+00,5.000760125128576052e-15,2.260735245773468679e-04
3.227499999992320845e+00,4.878869653931223240e-15,2.245099526754472526e-04
3.229999999992314130e+00,4.739622202230561687e-15,2.229571947647600652e-04
3.232499999992306972e+00,4.599237109573150415e-15,2.214151760532476437e-04
3.234999999992299813e+00,4.487364689678190854e-15,2.198838222665485873e-04
3.237499999992292210e+00,4.396223212732822915e-15,2.183630596438195968e-04
3.239999999992285051e+00,4.289996858776063045e-15,2.168528149341977232e-04
3.242499999992277893e+00,4.163345524775385380e-15,2.153530153937846590e-04
3.244999999992270734e+00,4.044424887535874103e-15,2.138635887814153145e-04
3.247499999992263131e+00,3.958800424754184906e-15,2.123844633557899126e-04
3.249999999992255972e+00,3.843022958698515324e-15,2.109155678718194150e-04
3.252499999992248814e+00,3.752486299149746230e-15,2.094568315770383576e-04
3.254999999992241655e+00,3.663442665756230205e-15,2.080081842083220762e-04
3.257499999992234052e+00,3.550174777236690643e-15,2.065695559885299352e-04
3.259999999992227337e+00,3.452249772289022780e-15,2.051408776231833863e-04
3.262499999992220179e+00,3.368515260311255150e-15,2.037220802971319929e-04
3.264999999992213020e+00,3.294911836938053548e-15,2.023130956708466238e-04
3.267499999992205861e+00,3.180922615535917733e-15,2.009138558776686428e-04
3.269999999992198259e+00,3.117801296124313810e-15,1.995242935202899107e-04
3.272499999992191100e+00,3.043591580931110603e-15,1.981443416676263801e-04
3.274999999992183941e+00,2.955413835016466027e-15,1.967739338512388184e-04
3.277499999992176782e+00,2.896210000933287315e-15,1.954130040626382678e-04
3.279999999992169180e+00,2.809161500942302044e-15,1.940614867499812067e-04
3.282499999992162021e+00,2.760626484903704041e-15,1.927193168143741015e-04
3.284999999992154862e+00,2.679279527197944084e-15,1.913864296075406906e-04
3.287499999992148147e+00,2.596898216852081302e-15,1.900627609279778379e-04
3.289999999992140545e+00,2.559346206749526602e-15,1.887482470187055149e-04
3.292499999992133386e+00,2.464843029055674608e-15,1.874428245632279034e-04
3.294999999992126227e+00,2.407825764295890261e-15,1.861464306831928203e-04
3.297499999992119069e+00,2.328885436438092145e-15,1.848590029350352171e-04
3.299999999992111466e+00,2.289064214952798306e-15,1.835804793072051190e-04
3.302499999992104307e+00,2.207304194004053077e-15,1.823107982168197438e-04
3.304999999992097148e+00,2.171913707416753429e-15,1.810498985072419643e-04
3.307499999992089990e+00,2.125483813814440747e-15,1.797977194442853014e-04
3.309999999992082387e+00,2.047437608254827505e-15,1.785542007144008138e-04
3.312499999992075228e+00,1.995979004521196461e-15,1.773192824208963761e-04
3.314999999992068513e+00,1.921171003455771087e-15,1.760929050810515083e-04
3.317499999992061355e+00,1.901012045761923797e-15,1.748750096242654233e-04
3.319999999992053752e+00,1.852644371102216639e-15,1.736655373877596560e-04
3.322499999992046593e+00,1.787137535520318982e-15,1.724644301148682763e-04
3.324999999992039434e+00,1.739593065540791931e-15,1.712716299516220831e-04
3.327499999992032276e+00,1.707669958479295484e-15,1.700870794445188071e-04
3.329999999992025117e+00,1.679627808988158528e-15,1.689107215370046851e-04
3.332499999992017514e+00,1.625539995355790255e-15,1.677424995676883720e-04
3.334999999992010355e+00,1.596362683598537602e-15,1.665823572662742617e-04
3.337499999992003197e+00,1.508444049676229568e-15,1.654302387523357660e-04
3.339999999991996038e+00,1.505764590497585651e-15,1.642860885316737511e-04
3.342499999991988435e+00,1.482785692182328836e-15,1.631498514938084250e-04
3.344999999991981721e+00,1.423170114336971470e-15,1.620214729096774954e-04
3.347499999991974562e+00,1.385068101475136356e-15,1.609008984283054734e-04
3.349999999991967403e+00,1.360630190181218852e-15,1.597880740751679920e-04
3.352499999991959800e+00,1.304268754352907870e-15,1.586829462484491942e-04
3.354999999991952642e+00,1.272523129531490426e-15,1.575854617175756749e-04
3.357499999991945483e+00,1.238986272530935500e-15,1.564955676198148779e-04
3.359999999991938324e+00,1.197825074720164886e-15,1.554132114581964366e-04
3.362499999991930721e+00,1.175356293877610389e-15,1.543383410987002953e-04
3.364999999991923563e+00,1.140706713143865265e-15,1.532709047680833991e-04
3.367499999991916404e+00,1.120157679139766378e-15,1.522108510510071272e-04
3.369999999991909245e+00,1.080901834364357317e-15,1.511581288876854146e-04
3.372499999991902087e+00,1.063367626190389129e-15,1.501126875716433267e-04
3.374999999991894928e+00,1.032387222154332300e-15,1.490744767468073586e-04
3.377499999991887769e+00,1.012325519045002071e-15,1.480434464058196908e-04
3.379999999991880610e+00,9.884176075153163585e-16,1.470195468868651357e-04
3.382499999991873008e+00,9.397941950762862679e-16,1.460027288717312291e-04
3.384999999991865849e+00,9.456748248790443129e-16,1.449929433831694990e-04
3.387499999991858690e+00,8.901863670574378289e-16,1.439901417828005697e-04
3.389999999991851531e+00,8.784903004655223486e-16,1.429942757685477746e-04
3.392499999991844373e+00,8.530809179659035011e-16,1.420052973725232596e-04
3.394999999991836770e+00,8.138821299748884224e-16,1.410231589584469588e-04
3.397499999991829611e+00,8.189935368833815250e-16,1.400478132195736268e-04
3.399999999991822452e+00,7.803788838288786708e-16,1.390792131763809948e-04
3.402499999991815738e+00,7.661939020226774431e-16,1.381173121742697437e-04
3.404999999991808135e+00,7.552630001901607608e-16,1.371620638810174995e-04
3.407499999991800976e+00,7.175384184387462612e-16,1.362134222855016701e-04
3.409999999991793818e+00,7.211265896990970619e-16,1.352713416940574747e-04
3.412499999991786659e+00,6.915136776628313411e-16,1.343357767294969037e-04
3.414999999991779056e+00,6.741799936501920786e-16,1.334066823284984203e-04
3.417499999991771897e+00,6.438713353253950698e-16,1.324840137391783477e-04
3.419999999991764739e+00,6.344813589087417497e-16,1.315677265192227079e-04
3.422499999991757580e+00,6.413466395583812411e-16,1.306577765339631957e-04
3.424999999991749977e+00,6.219932129045472871e-16,1.297541199535204965e-04
3.427499999991742818e+00,6.014929438551901647e-16,1.288567132514359414e-04
3.429999999991736104e+00,5.560410668667998541e-16,1.279655132022498604e-04
3.432499999991728945e+00,5.514935393154043863e-16,1.270804768795537592e-04
3.434999999991721342e+00,5.558128178994245719e-16,1.262015616535789447e-04
3.437499999991714184e+00,5.593189338501166840e-16,1.253287251897027390e-04
3.439999999991707025e+00,5.254236642112147240e-16,1.244619254457658914e-04
3.442499999991699866e+00,5.165318844830935568e-16,1.236011206706389928e-04
3.444999999991692263e+00,5.197510225354464079e-16,1.227462694017840774e-04
3.447499999991685105e+00,4.625420549425801389e-16,1.218973304635971084e-04
3.449999999991677946e+00,4.571743230334272534e-16,1.210542629652488702e-04
3.452499999991670787e+00,4.682750483136658406e-16,1.202170262984300858e-04
3.454999999991663628e+00,4.715093233414828261e-16,1.193855801358402013e-04
3.457499999991656470e+00,4.318805332490777935e-16,1.185598844293573071e-04
3.459999999991649311e+00,4.206708520400781025e-16,1.177398994075153077e-04
3.462499999991642152e+00,4.371072465817695741e-16,1.169255855740619870e-04
3.464999999991634994e+00,3.969428682397977244e-16,1.161169037058405588e-04
3.467499999991627391e+00,3.860826858746662564e-16,1.153138148509061904e-04
3.469999999991620232e+00,3.738684616777628629e-16,1.145162803270422181e-04
3.472499999991613073e+00,3.743152975914473149e-16,1.137242617190663247e-04
3.474999999991605915e+00,3.836273408999903239e-16,1.129377208779349886e-04
3.477499999991598312e+00,3.567803410320690783e-16,1.121566199180733242e-04
3.479999999991591153e+00,3.449829976513102166e-16,1.113809212164151835e-04
3.482499999991583994e+00,3.090319215470419388e-16,1.106105874094987141e-04
3.484999999991576836e+00,3.605434114499298588e-16,1.098455813927582802e-04
3.487499999991569677e+00,3.053563882041860602e-16,1.090858663180574147e-04
3.489999999991562518e+00,3.100034117399262418e-16,1.083314055920991893e-04
3.492499999991555359e+00,3.037707207817486066e-16,1.075821628747021975e-04
3.494999999991548201e+00,2.973551960777106989e-16,1.068381020770932746e-04
3.497499999991540598e+00,2.842081204112179360e-16,1.060991873599745013e-04
3.499999999991533439e+00,2.788921068425765320e-16,1.053653831320106602e-04
3.502499999991526280e+00,2.885816607163688226e-16,1.046366540479440517e-04
3.504999999991519122e+00,2.569886179078812837e-16,1.039129650070478667e-04
3.507499999991511519e+00,2.559665590229401780e-16,1.031942811513013384e-04
3.509999999991504360e+00,2.375200430801225454e-16,1.024805678638821324e-04
3.512499999991497202e+00,2.667638742838520158e-16,1.017717907670628044e-04
3.514999999991490487e+00,2.463525081213058547e-16,1.010679157213663560e-04
3.517499999991483328e+00,2.448622174534387119e-16,1.003689088230724069e-04
3.519999999991475725e+00,2.201537523593903287e-16,9.967473640302655158e-05
3.522499999991468567e+00,2.380220082854141291e-16,9.898536502501141272e-05
3.524999999991461408e+00,2.075941990695218434e-16,9.830076148395520085e-05
3.527499999991454249e+00,2.156442573512693848e-16,9.762089280459822682e-05
3.529999999991446646e+00,1.841474043733306160e-16,9.694572623963745243e-05
3.532499999991439488e+00,1.795275595519005060e-16,9.627522926817030794e-05
3.534999999991432329e+00,1.925415362589901678e-16,9.560936959439627866e-05
3.537499999991425170e+00,1.783300182455457879e-16,9.494811514566146502e-05
3.539999999991417567e+00,1.784502622092890263e-16,9.429143407141838545e-05
3.542499999991410853e+00,1.839173057907452778e-16,9.363929474119170142e-05
3.544999999991403694e+00,1.759740559195357510e-16,9.299166574334394807e-05
3.547499999991396535e+00,1.831920020596705967e-16,9.234851588341564787e-05
3.549999999991388933e+00,1.438320797186712790e-16,9.170981418276427091e-05
3.552499999991381774e+00,1.614607124200609868e-16,9.107552987697299207e-05
3.554999999991374615e+00,1.506177888323865363e-16,9.044563241451912810e-05
3.557499999991367456e+00,1.277891750091260384e-16,8.982009145489400909e-05
3.559999999991359854e+00,1.497344966881436004e-16,8.919887686784750639e-05
3.562499999991352695e+00,1.574270650493051251e-16,8.858195873105434166e-05
3.564999999991345536e+00,1.331167649620632327e-16,8.796930732949663370e-05
3.567499999991338377e+00,1.349065830716587599e-16,8.736089315353462849e-05
3.569999999991330775e+00,1.029340816760316737e-16,8.675668689753450577e-05
3.572499999991324060e+00,1.310552448609628187e-16,8.615665945872314987e-05
3.574999999991316901e+00,1.171737122851881327e-16,8.556078193549848838e-05
3.577499999991309743e+00,1.276651001354504807e-16,8.496902562614959149e-05
3.579999999991302584e+00,1.031935951598139996e-16,8.438136202765175742e-05
3.582499999991294981e+00,1.149591968421723374e-16,8.379776283370795546e-05
3.584999999991287822e+00,1.059428096524870386e-16,8.321819993419123432e-05
3.587499999991280664e+00,1.049626277202284105e-16,8.264264541316079479e-05
3.589999999991273505e+00,1.066139277866497713e-16,8.207107154797055868e-05
3.592499999991265902e+00,9.814755535653075091e-17,8.150345080747700981e-05
3.594999999991258743e+00,1.306846296829354685e-16,8.093975585108958190e-05
3.597499999991251585e+00,1.201247453145281377e-16,8.037995952710761446e-05
3.599999999991244870e+00,1.112148514913923746e-16,7.982403487203443228e-05
3.602499999991237267e+00,8.388038626822529875e-17,7.927195510831602494e-05
3.604999999991230109e+00,9.061163942579595702e-17,7.872369364403028740e-05
3.607499999991222950e+00,7.741718178120327809e-17,7.817922407098481434e-05
3.609999999991215791e+00,9.785578459016523488e-17,7.763852016364977422e-05
3.612499999991208188e+00,1.035986076701010430e-16,7.710155587800006263e-05
3.614999999991201030e+00,5.532934973842230018e-17,7.656830534988922948e-05
3.617499999991193871e+00,8.808592466980576283e-17,7.603874289433482710e-05
3.619999999991186712e+00,8.052856330205597106e-17,7.551284300365645563e-05
3.622499999991179109e+00,6.511957174564060603e-17,7.499058034702197023e-05
3.624999999991171951e+00,5.145215877859250010e-17,7.447192976834927881e-05
3.627499999991164792e+00,7.776346808543040140e-17,7.395686628589462981e-05
3.629999999991158077e+00,6.346930896624796255e-17,7.344536509047815272e-05
3.632499999991150474e+00,4.672171201869152327e-17,7.293740154454690411e-05
3.634999999991143316e+00,3.129217711655702547e-17,7.243295118102638581e-05
3.637499999991136157e+00,5.996984206156441597e-17,7.193198970198614955e-05
3.639999999991128998e+00,6.089104742497368079e-17,7.143449297762060625e-05
3.642499999991121840e+00,4.160878756291700277e-17,7.094043704491393950e-05
3.644999999991114237e+00,5.801171548963544175e-17,7.044979810667050348e-05
3.647499999991107078e+00,4.470412136212078974e-17,6.996255253013670722e-05
3.649999999991099919e+00,3.680625377033433526e-17,6.947867684625291503e-05
3.652499999991092761e+00,4.269353749253868346e-17,6.899814774798941305e-05
3.654999999991085158e+00,3.350728233178217632e-17,6.852094208978690669e-05
3.657499999991078443e+00,6.402196072138161531e-17,6.804703688594943489e-05
3.659999999991071284e+00,4.121751938602353384e-17,6.757640930989663650e-05
3.662499999991064126e+00,5.503036964851241599e-17,6.710903669281732028e-05
3.664999999991056523e+00,4.211118515795117636e-17,6.664489652285659788e-05
3.667499999991049364e+00,4.963424321377693221e-17,6.618396644347436107e-05
3.669999999991042205e+00,1.957457056986078873e-17,6.572622425329202980e-05
3.672499999991035047e+00,4.198725159545230490e-17,6.527164790404378950e-05
3.674999999991027444e+00,5.117878873847446759e-17,6.482021550022059339e-05
3.677499999991020285e+00,1.959508596928985347e-17,6.437190529745269538e-05
3.679999999991013127e+00,3.462610237800099753e-17,6.392669570213443486e-05
3.682499999991005968e+00,4.092651334261190232e-17,6.348456526969656051e-05
3.684999999990998809e+00,5.205598070067588714e-17,6.304549270402318704e-05
3.687499999990991650e+00,1.718122931813744226e-17,6.260945685628497681e-05
3.689999999990984492e+00,3.836900494011445215e-17,6.217643672392664407e-05
3.692499999990977333e+00,3.974859300631970959e-17,6.174641144969334145e-05
3.694999999990969730e+00,1.888992021488872676e-17,6.131936032024462937e-05
3.697499999990962571e+00,1.458629714107539213e-17,6.089526276608159743e-05
3.699999999990955413e+00,4.932134381784138249e-17,6.047409835955599132e-05
3.702499999990948254e+00,3.051527919356776684e-17,6.005584681433127626e-05
3.704999999990941095e+00,3.673073245870750587e-17,5.964048798452716086e-05
3.707499999990933492e+00,1.407756877262487508e-17,5.922800186340888476e-05
3.709999999990926334e+00,3.350975414128535901e-17,5.881836858285892757e-05
3.712499999990919175e+00,2.668311296406769160e-17,5.841156841203442776e-05
3.714999999990912460e+00,9.851265663750350798e-18,5.800758175642190071e-05
3.717499999990904858e+00,5.263016844637424616e-17,5.760638915716653763e-05
3.719999999990897699e+00,4.898977444513656871e-17,5.720797129009693187e-05
3.722499999990890540e+00,2.492053210563953986e-17,5.681230896454472155e-05
3.724999999990883381e+00,2.295662892722745179e-17,5.641938312262561445e-05
3.727499999990875779e+00,1.937669345465650512e-17,5.602917483816965315e-05
3.729999999990868620e+00,1.866809982392091813e-17,5.564166531611284210e-05
3.732499999990861461e+00,3.422600606273689645e-17,5.525683589105939388e-05
3.734999999990854302e+00,4.132507368642742284e-17,5.487466802719725631e-05
3.737499999990846700e+00,2.407309544716667882e-17,5.449514331626147253e-05
3.739999999990839541e+00,3.878247597511503845e-18,5.411824347780239911e-05
3.742499999990832826e+00,1.368558521334269885e-17,5.374395035773914313e-05
3.744999999990825668e+00,2.389094550283680376e-17,5.337224592736173706e-05
3.747499999990818065e+00,1.850026547544204278e-17,5.300311228279260879e-05
3.749999999990810906e+00,2.869233486084202364e-17,5.263653164384928738e-05
3.752499999990803747e+00,1.297065761692123304e-17,5.227248635357768797e-05
3.754999999990796589e+00,1.304159694570493944e-17,5.191095887677432382e-05
3.757499999990788986e+00,1.772227136050715066e-17,5.155193179980751465e-05
3.759999999990781827e+00,1.975303234583693761e-17,5.119538782941841489e-05
3.762499999990774668e+00,1.212003204758391570e-17,5.084130979189522426e-05
3.764999999990767510e+00,1.594208439786202779e-17,5.048968063228935710e-05
3.767499999990760351e+00,6.786190905642604075e-19,5.014048341369379739e-05
3.769999999990753192e+00,5.329277046966170091e-18,4.979370131631308364e-05
3.772499999990746034e+00,2.037172042910313297e-17,4.944931763659301985e-05
3.774999999990738875e+00,9.630240508610043210e-18,4.910731578673896446e-05
3.777499999990731716e+00,1.563759355006950393e-17,4.876767929327054145e-05
3.779999999990724113e+00,1.411419672186026804e-17,4.843039179714619480e-05
3.782499999990716955e+00,6.106682051397554689e-18,4.809543705193166610e-05
3.784999999990709796e+00,2.321453360589075049e-17,4.776279892406765022e-05
3.787499999990702637e+00,1.358276133933446915e-17,4.743246139111614569e-05
3.789999999990695034e+00,1.731520711339556866e-17,4.710440854192035420e-05
3.792499999990687876e+00,1.830081205436285247e-17,4.677862457496632915e-05
3.794999999990680717e+00,6.670466038596309870e-18,4.645509379823593073e-05
3.797499999990673558e+00,1.080376424157882392e-17,4.613380062826115771e-05
3.799999999990666399e+00,1.609515587354051896e-17,4.581472958916912787e-05
3.802499999990659241e+00,1.040468925691086146e-17,4.549786531232785571e-05
3.804999999990652082e+00,-7.863011535514092940e-18,4.518319253524381526e-05
3.807499999990644923e+00,9.368227748467718478e-18,4.487069610111399522e-05
3.809999999990637320e+00,6.640640931331239721e-18,4.456036095776804291e-05
3.812499999990630162e+00,-5.269533125771900944e-18,4.425217215747406329e-05
3.814999999990623003e+00,2.147625557877588692e-17,4.394611485547697896e-05
3.817499999990615844e+00,2.069469613399006177e-17,4.364217430998398823e-05
3.819999999990608242e+00,1.416485361534016146e-17,4.334033588095733997e-05
3.822499999990601083e+00,3.913811677796122049e-19,4.304058502983319312e-05
3.824999999990593924e+00,6.157730892589731700e-18,4.274290731846683034e-05
3.827499999990587209e+00,3.073676366958560935e-18,4.244728840857957936e-05
3.829999999990580051e+00,-5.104695379944844416e-18,4.215371406103541295e-05
3.832499999990572448e+00,1.482225725238851498e-17,4.186217013531964420e-05
3.834999999990565289e+00,1.471788133693631552e-17,4.157264258846460412e-05
3.837499999990558130e+00,1.665797313051006429e-19,4.128511747486691296e-05
3.839999999990550972e+00,3.371861287904518233e-18,4.099958094518945441e-05
3.842499999990543369e+00,-9.996618493208241030e-18,4.071601924600762079e-05
3.844999999990536210e+00,2.078058733038340000e-17,4.043441871904295150e-05
3.847499999990529052e+00,1.360258367493289006e-17,4.015476580038702725e-05
3.849999999990521893e+00,-6.004945115268772917e-18,3.987704701992050030e-05
3.852499999990514290e+00,5.057460415068803726e-19,3.960124900083626236e-05
3.854999999990507131e+00,-1.111272470465882592e-17,3.932735845860387566e-05
3.857499999990500417e+00,-1.118105402466181093e-17,3.905536220082775253e-05
3.859999999990493258e+00,-5.710825067613196351e-18,3.878524712624414639e-05
3.862499999990485655e+00,-1.200922303737518232e-17,3.851700022406051355e-05
3.864999999990478496e+00,-1.065131946898325282e-17,3.825060857382427723e-05
3.867499999990471338e+00,1.395682056270048481e-19,3.798605934398062867e-05
3.869999999990464179e+00,1.900586049434623846e-18,3.772333979222592282e-05
3.872499999990456576e+00,-1.499551330215272549e-17,3.746243726389917629e-05
3.874999999990449417e+00,-1.477956501426893884e-17,3.720333919209435007e-05
3.877499999990442259e+00,1.275447197422309170e-18,3.694603309700531522e-05
3.879999999990435100e+00,-6.079276478710420254e-18,3.669050658480691558e-05
3.882499999990427497e+00,-8.079094986985130654e-18,3.643674734746732625e-05
3.884999999990420783e+00,-7.743227817438223181e-18,3.618474316233523006e-05
3.887499999990413624e+00,-7.053600054998658902e-18,3.593448189089465205e-05
3.889999999990406465e+00,-7.423600937899612888e-18,3.568595147893154030e-05
3.892499999990399306e+00,-8.822576713242420358e-18,3.543913995545889476e-05
3.894999999990391704e+00,-2.154422574299212398e-17,3.519403543217341926e-05
3.897499999990384545e+00,-9.555906691128229996e-18,3.495062610323050893e-05
3.899999999990377386e+00,-2.705618670656674997e-18,3.470890024416441194e-05
3.902499999990370227e+00,-2.210817756792272215e-17,3.446884621190695231e-05
3.904999999990362625e+00,-1.495092027511736902e-17,3.423045244365401687e-05
3.907499999990355466e+00,-6.856807843493366327e-18,3.399370745664069175e-05
3.909999999990348307e+00,2.266811320275800894e-18,3.375859984768022568e-05
3.912499999990341593e+00,3.960584373520636260e-18,3.352511829218817358e-05
3.914999999990333990e+00,6.723218652056226657e-18,3.329325154411254674e-05
3.917499999990326831e+00,-6.484440138593703700e-19,3.306298843504173134e-05
3.919999999990319672e+00,-2.159456439382686897e-17,3.283431787397280121e-05
3.922499999990312514e+00,8.488680951736181895e-18,3.260722884632605257e-05
3.924999999990304911e+00,2.740781896567316051e-18,3.238171041418564272e-05
3.927499999990297752e+00,4.941549929069388076e-18,3.215775171471845737e-05
3.929999999990290593e+00,-7.193642438637648725e-18,3.193534196053057593e-05
3.932499999990283435e+00,-1.063144302096030630e-17,3.171447043889285986e-05
3.934999999990275832e+00,8.453804137627986135e-18,3.149512651106683634e-05
3.937499999990268673e+00,1.046699350003422834e-17,3.127729961184532863e-05
3.939999999990261514e+00,1.099986282844166485e-17,3.106097924906119052e-05
3.942499999990254800e+00,1.261120620976926787e-17,3.084615500325255886e-05
3.944999999990247197e+00,9.967905922370131272e-18,3.063281652705984070e-05
3.947499999990240038e+00,1.477013251928405767e-17,3.042095354442337314e-05
3.949999999990232880e+00,1.995812677401146281e-17,3.021055585071471687e-05
3.952499999990225721e+00,3.195198764576763231e-18,3.000161331153122999e-05
3.954999999990218562e+00,1.752102737658255950e-17,2.979411586268466356e-05
3.957499999990210959e+00,1.621353034444991281e-17,2.958805350976812114e-05
3.959999999990203801e+00,1.847403790464941982e-17,2.938341632728026394e-05
3.962499999990196642e+00,5.067542540714696987e-18,2.918019445841242093e-05
3.964999999990189483e+00,1.676148586637016628e-17,2.897837811467966543e-05
3.967499999990181880e+00,1.411382613094128907e-17,2.877795757510523067e-05
3.969999999990175166e+00,-1.564122767109420332e-18,2.857892318597445022e-05
3.972499999990168007e+00,8.113209827591007746e-18,2.838126536048186368e-05
3.974999999990160848e+00,9.948248215745344427e-18,2.818497457786032113e-05
3.977499999990153245e+00,1.416557219271584040e-17,2.799004138346413125e-05
3.979999999990146087e+00,1.554100285485469720e-17,2.779645638789875198e-05
3.982499999990138928e+00,4.995871470698567271e-18,2.760421026674986185e-05
3.984999999990131769e+00,3.000345949901823986e-18,2.741329376019279655e-05
3.987499999990124167e+00,1.645995162873680731e-17,2.722369767208028765e-05
3.989999999990117008e+00,-1.100574523250277679e-17,2.703541287031285993e-05
3.992499999990109849e+00,3.261762332523075742e-18,2.684843028574596238e-05
3.994999999990102690e+00,-3.886878343028324224e-18,2.666274091200888271e-05
3.997499999990095532e+00,-1.980556639607753873e-17,2.647833580485669600e-05
3.999999999990088373e+00,-1.245159322823387767e-17,2.629520608208762818e-05
4.002499999990081214e+00,-1.657490048135918297e-17,2.611334292290192320e-05
4.004999999990073611e+00,-8.558038363520890322e-18,2.593273756741257315e-05
4.007499999990066009e+00,-1.537069846812914058e-17,2.575338131653034192e-05
4.009999999990059294e+00,-2.744281137068578182e-17,2.557526553103857490e-05
4.012499999990051691e+00,-1.444449862614449365e-17,2.539838163161343287e-05
4.014999999990044977e+00,-5.736902612716906022e-18,2.522272109837966051e-05
4.017499999990037374e+00,-2.432778210676874939e-17,2.504827547028200661e-05
4.019999999990029771e+00,-1.030765959967255225e-17,2.487503634476283319e-05
4.022499999990023056e+00,-1.351486738400346283e-17,2.470299537719590783e-05
4.024999999990015453e+00,-1.568559600106120086e-17,2.453214428105621688e-05
4.027499999990008739e+00,-1.324213396434857903e-18,2.436247482704732834e-05
4.029999999990001136e+00,1.103602500545433585e-17,2.419397884250469786e-05
4.032499999989994421e+00,-1.206439317609091395e-17,2.402664821147160353e-05
4.034999999989986819e+00,-1.363595562409434838e-17,2.386047487417865428e-05
4.037499999989980104e+00,-1.478168720082810205e-17,2.369545082657473355e-05
4.039999999989972501e+00,-2.439524686408676443e-17,2.353156811992330341e-05
4.042499999989964898e+00,-1.932983479299227045e-17,2.336881886031774578e-05
4.044999999989958184e+00,-1.310236170117600756e-17,2.320719520886237684e-05
4.047499999989950581e+00,-1.974130804167720162e-17,2.304668938039724230e-05
4.049999999989942978e+00,-1.479016482616977891e-17,2.288729364378389272e-05
4.052499999989936263e+00,-2.185153713378407653e-17,2.272900032160143425e-05
4.054999999989929549e+00,-2.281697406354549613e-17,2.257180178924948007e-05
4.057499999989921946e+00,-1.663789510420493335e-17,2.241569047493492651e-05
4.059999999989914343e+00,-7.508222530747405727e-18,2.226065885922714555e-05
4.062499999989907629e+00,-7.495892626247248655e-18,2.210669947457621283e-05
4.064999999989900026e+00,-2.857769461295021883e-17,2.195380490528836060e-05
4.067499999989893311e+00,-3.412972334372244034e-17,2.180196778707361812e-05
4.069999999989885708e+00,-1.501943830527697256e-17,2.165118080612322672e-05
4.072499999989878106e+00,-1.853492985457692708e-17,2.150143669956435424e-05
4.074999999989871391e+00,-1.868575799769389001e-17,2.135272825459744614e-05
4.077499999989863788e+00,-2.519254604009124055e-17,2.120504830843993849e-05
4.079999999989857074e+00,-2.075537398970429293e-17,2.105838974775073633e-05
4.082499999989849471e+00,-1.740116871188615969e-17,2.091274550845491516e-05
4.084999999989842756e+00,-8.494132517200106368e-18,2.076810857517544310e-05
4.087499999989835153e+00,-1.800428693271026106e-17,2.062447198138708343e-05
4.089999999989828439e+00,-2.305564799248284630e-17,2.048182880830458588e-05
4.092499999989820836e+00,-1.865626457373280221e-17,2.034017218525973491e-05
4.094999999989813233e+00,-8.376814012110314596e-18,2.019949528928802811e-05
4.097499999989806518e+00,-1.967056874492309784e-17,2.005979134413342604e-05
4.099999999989798916e+00,-1.535662373833318706e-17,1.992105362075196752e-05
4.102499999989791313e+00,-1.115062444286318923e-17,1.978327543660989783e-05
4.104999999989784598e+00,-1.280588392914595321e-17,1.964645015526684035e-05
4.107499999989776995e+00,-2.470034501299689846e-17,1.951057118630145087e-05
4.109999999989770281e+00,-9.330393099942504093e-18,1.937563198468611746e-05
4.112499999989762678e+00,-2.506665131395698915e-17,1.924162605101344356e-05
4.114999999989755963e+00,-1.310762315886589260e-17,1.910854693026558705e-05
4.117499999989748360e+00,-7.243394195806665232e-18,1.897638821272527125e-05
4.119999999989741646e+00,-1.099416704120382628e-17,1.884514353274397206e-05
4.122499999989734043e+00,-1.531095802323338667e-17,1.871480656831454235e-05
4.124999999989726440e+00,-2.178892100441276177e-17,1.858537104166236987e-05
4.127499999989719726e+00,-2.848323326247758154e-17,1.845683071832111515e-05
4.129999999989712123e+00,-1.988581228267317188e-17,1.832917940677507732e-05
4.132499999989704520e+00,-1.001094817756352796e-17,1.820241095846513346e-05
4.134999999989697805e+00,-2.209685139750989356e-17,1.807651926739590168e-05
4.137499999989690203e+00,-3.307985368295227243e-17,1.795149826952643305e-05
4.139999999989690593e+00,-5.486463459332207496e-18,1.782734194322941864e-05
4.142499999989690096e+00,-9.755664685885825558e-18,1.770404430814357847e-05
4.144999999989689599e+00,-2.346511472847439424e-17,1.758159942520964687e-05
4.147499999989689989e+00,-1.197047017258940510e-17,1.746000139677649892e-05
4.149999999989689492e+00,-3.458249815884268082e-17,1.733924436586368968e-05
4.152499999989688995e+00,-3.095063254324989648e-17,1.721932251598604722e-05
4.154999999989688497e+00,-2.212234137295456011e-17,1.710023007058188475e-05
4.157499999989688000e+00,-7.844020594829820700e-18,1.698196129353896398e-05
4.159999999989688391e+00,-3.621516738410450721e-17,1.686451048819656839e-05
4.162499999989687893e+00,-2.908924918265954081e-17,1.674787199732506938e-05
4.164999999989687396e+00,-3.031786738045147705e-17,1.663204020263148603e-05
4.167499999989686899e+00,-1.729635751888540848e-17,1.651700952501409985e-05
4.169999999989687289e+00,-1.065573837846951868e-18,1.640277442368508784e-05
4.172499999989686792e+00,-1.763308302375334720e-17,1.628932939616154057e-05
4.174999999989686295e+00,-2.008725583164582240e-17,1.617666897826307358e-05
4.177499999989685797e+00,-2.475764771000733525e-17,1.606478774346495504e-05
4.179999999989686188e+00,-2.300751138069471976e-17,1.595368030274209588e-05
4.182499999989685691e+00,-1.898438456224116965e-17,1.584334130433706777e-05
4.184999999989685193e+00,-1.391893540426644242e-17,1.573376543356674583e-05
4.187499999989684696e+00,-1.936297264169140216e-17,1.562494741258980824e-05
4.189999999989684198e+00,-1.950418677742464586e-17,1.551688199975295561e-05
4.192499999989684589e+00,-1.159138030019055154e-17,1.540956399011239518e-05
4.194999999989684092e+00,-1.867520457830468687e-17,1.530298821419665106e-05
4.197499999989684483e+00,-2.021804705034389346e-17,1.519714953869919316e-05
4.199999999989683985e+00,-1.333445179948420868e-17,1.509204286578281816e-05
4.202499999989690593e+00,-8.603082030761909499e-18,1.498766313258287998e-05
4.204999999989696313e+00,-1.110519496432727478e-17,1.488400531156846289e-05
4.207499999989703809e+00,-1.378699955156055134e-17,1.478106440971046645e-05
4.209999999989709529e+00,-1.290257893914640431e-17,1.467883546874251531e-05
4.212499999989717026e+00,-1.496976538703109950e-17,1.457731356457787535e-05
4.214999999989723634e+00,-1.388128223822937104e-17,1.447649380720276984e-05
4.217499999989730242e+00,-1.211533260362411301e-17,1.437637134038742093e-05
4.219999999989736850e+00,-1.004333722180388666e-17,1.427694134153128489e-05
4.222499999989743458e+00,-1.065552205288013069e-17,1.417819902146490059e-05
4.224999999989750066e+00,-7.774380677313728124e-18,1.408013962387278903e-05
4.227499999989756674e+00,-1.405070404832415521e-17,1.398275842567007129e-05
4.229999999989763282e+00,-8.318279970808823514e-18,1.388605073633979567e-05
4.232499999989769890e+00,-2.882418176306338824e-18,1.379001189761928480e-05
4.234999999989776498e+00,-2.392706850421139051e-18,1.369463728359688036e-05
4.237499999989783106e+00,-3.924824551358151062e-18,1.359992230035279771e-05
4.239999999989789714e+00,-4.387189105965985209e-18,1.350586238597881938e-05
4.242499999989797210e+00,-4.293552283772423247e-18,1.341245300958048356e-05
4.244999999989802930e+00,-4.687469848084355353e-18,1.331968967199974371e-05
4.247499999989810426e+00,-3.855177492210723781e-18,1.322756790516140481e-05
4.249999999989816146e+00,-6.497790208139727721e-18,1.313608327177981780e-05
4.252499999989823642e+00,-8.525230871526607732e-18,1.304523136532465948e-05
4.254999999989829362e+00,-5.685140042904499516e-18,1.295500780965895299e-05
4.257499999989836859e+00,-2.595965814861998354e-18,1.286540825900934541e-05
4.259999999989842578e+00,-4.852228852255153157e-18,1.277642839765160780e-05
4.262499999989850075e+00,-5.152567815783915715e-18,1.268806393978935028e-05
4.264999999989856683e+00,-4.451039528861299379e-18,1.260031062886192833e-05
4.267499999989863291e+00,-2.317824088323892139e-18,1.251316423830672501e-05
4.269999999989870787e+00,-4.605480097798038111e-18,1.242662057046958366e-05
4.272499999989876507e+00,5.878312595299638782e-18,1.234067545683603949e-05
4.274999999989884003e+00,-1.724067665243149312e-18,1.225532475761608870e-05
4.277499999989889723e+00,-9.613855283688747169e-18,1.217056436161684559e-05
4.279999999989897219e+00,2.379135103354428973e-18,1.208639018637635007e-05
4.282499999989902939e+00,1.281098865640734121e-18,1.200279817742098908e-05
4.284999999989910435e+00,6.702354738011096689e-19,1.191978430825063963e-05
4.287499999989916155e+00,6.883703534142048695e-19,1.183734458033972255e-05
4.289999999989923651e+00,3.746502466809750917e-18,1.175547502301145026e-05
4.292499999989929371e+00,-7.179692470842883017e-18,1.167417169259258106e-05
4.294999999989936867e+00,-2.026725127635860878e-18,1.159343067316644666e-05
4.297499999989943475e+00,3.057849421319188400e-19,1.151324807548207033e-05
4.299999999989950084e+00,-2.525399351692414088e-18,1.143362003743540357e-05
4.302499999989956692e+00,-2.787250494205006302e-18,1.135454272364902667e-05
4.304999999989963300e+00,-1.907969914718439039e-18,1.127601232514602746e-05
4.307499999989969908e+00,-7.406137699814209648e-19,1.119802505945092702e-05
4.309999999989976516e+00,-1.114969455023303394e-18,1.112057716996517749e-05
4.312499999989983124e+00,1.735479125984324415e-18,1.104366492633523686e-05
4.314999999989989732e+00,-1.768067910921594775e-18,1.096728462383863951e-05
4.317499999989996340e+00,1.830271072977522824e-18,1.089143258355665370e-05
4.319999999990002948e+00,5.343219810288118434e-19,1.081610515188761708e-05
4.322499999990009556e+00,-8.947872270953120203e-19,1.074129870049506272e-05
4.324999999990017052e+00,-1.000096899271076220e-18,1.066700962624846407e-05
4.327499999990023660e+00,-4.430737947574343780e-19,1.059323435081292372e-05
4.329999999990030268e+00,4.650622333638926676e-18,1.051996932077510519e-05
4.332499999990036876e+00,2.233131971781837078e-18,1.044721100687917532e-05
4.334999999990043484e+00,2.248049024950416514e-19,1.037495590478873580e-05
4.337499999990050092e+00,2.911285848272772984e-18,1.030320053411503249e-05
4.339999999990056700e+00,1.042512045644129031e-18,1.023194143867795839e-05
4.342499999990063309e+00,3.880059565104575333e-18,1.016117518608460567e-05
4.344999999990069917e+00,2.171918086462446289e-18,1.009089836766809631e-05
4.347499999990076525e+00,4.410161285666513002e-18,1.002110759854924613e-05
4.349999999990083133e+00,2.236597758732975303e-18,9.951799516870276055e-06
4.352499999990089741e+00,-7.393342757688438781e-19,9.882970784540704302e-06
4.354999999990096349e+00,4.333559306352701753e-18,9.814618086150245625e-06
4.357499999990103845e+00,7.226847058477196668e-18,9.746738129375402389e-06
4.359999999990109565e+00,4.932979004502313557e-18,9.679327644581909652e-06
4.362499999990117061e+00,5.340172488631562793e-18,9.612383384869799014e-06
4.364999999990122781e+00,7.465447520504491234e-18,9.545902125655099867e-06
4.367499999990130277e+00,3.886078375662818838e-18,9.479880664849681430e-06
4.369999999990135997e+00,2.231222322482705910e-18,9.414315822230731584e-06
4.372499999990143493e+00,8.229894841840715275e-18,9.349204439827466382e-06
4.374999999990149213e+00,2.710767797527776577e-18,9.284543381471292868e-06
4.377499999990156709e+00,2.437354364655575235e-18,9.220329532414850931e-06
4.379999999990162429e+00,9.919101941442980229e-18,9.156559799972893674e-06
4.382499999990169925e+00,9.976814996931977747e-18,9.093231112154457962e-06
4.384999999990176534e+00,-1.523098014638439823e-18,9.030340418930334022e-06
4.387499999990183142e+00,5.753844965215414643e-18,8.967884690920955508e-06
4.389999999990190638e+00,4.704712559951111666e-18,8.905860919828130501e-06
4.392499999990196358e+00,9.292927203543274332e-18,8.844266118134968226e-06
4.394999999990203854e+00,7.068399592979499981e-18,8.783097319013006974e-06
4.397499999990209574e+00,6.076635284181057038e-18,8.722351576123017362e-06
4.399999999990217070e+00,6.169132359629514382e-18,8.662025963513551505e-06
4.402499999990222790e+00,8.093769933449704971e-18,8.602117575515619548e-06
4.404999999990230286e+00,6.394390445263046885e-18,8.542623526443500693e-06
4.407499999990236006e+00,9.079062143207628350e-18,8.483540950724332457e-06
4.409999999990243502e+00,8.050779673275553807e-18,8.424867002490509955e-06
4.412499999990250110e+00,6.981590034559159783e-18,8.366598855619355836e-06
4.414999999990256718e+00,1.257024243194863167e-17,8.308733703435240819e-06
4.417499999990263326e+00,5.675062878147099112e-18,8.251268758814117726e-06
4.419999999990269934e+00,1.355828040299263510e-17,8.194201253776947356e-06
4.422499999990276542e+00,8.195432646030672731e-18,8.137528439580818908e-06
4.424999999990283150e+00,7.977418643081615598e-18,8.081247586440733533e-06
4.427499999990289759e+00,-3.595287562953201409e-18,8.025355983494577832e-06
4.429999999990296367e+00,-4.367723114516310077e-19,7.969850938581123293e-06
4.432499999990302975e+00,5.140571890407011880e-18,7.914729778248466132e-06
4.434999999990309583e+00,5.448126726822990001e-18,7.859989847321613581e-06
4.437499999990316191e+00,1.316069657523596696e-17,7.805628509292857658e-06
4.439999999990323687e+00,1.112644982335991607e-17,7.751643145690989732e-06
4.442499999990329407e+00,5.940968973138254580e-18,7.698031156156201951e-06
4.444999999990336903e+00,9.482325907755385530e-18,7.644789958352453215e-06
4.447499999990342623e+00,9.969916973326185147e-18,7.591916987916210974e-06
4.449999999990350119e+00,1.114238911050967311e-17,7.539409697973523022e-06
4.452499999990356727e+00,5.721089789361973940e-18,7.487265559470928699e-06
4.454999999990363335e+00,1.196912069828266810e-17,7.435482060677532273e-06
4.457499999990369943e+00,-4.206791813008525698e-18,7.384056707566609911e-06
4.459999999990376551e+00,8.646592264142916531e-18,7.332987022871658383e-06
4.462499999990383159e+00,2.228617342979926259e-17,7.282270546804666287e-06
4.464999999990389767e+00,8.176566809069148597e-18,7.231904836574955297e-06
4.467499999990397264e+00,1.464276138804217628e-17,7.181887466156263884e-06
4.469999999990402983e+00,2.663119451565906238e-18,7.132216026375642582e-06
4.472499999990410480e+00,1.259385726162729873e-18,7.082888124640373950e-06
4.474999999990416200e+00,6.961468288357598837e-18,7.033901385094595741e-06
4.477499999990423696e+00,-1.002963665080966933e-17,6.985253448047293626e-06
4.479999999990429416e+00,1.825512917712257903e-17,6.936941970351777882e-06
4.482499999990436912e+00,3.242205122574661759e-18,6.888964624924301859e-06
4.484999999990442632e+00,-6.542499550536291483e-18,6.841319100863467375e-06
4.487499999990450128e+00,9.991252317025264008e-18,6.794003103355804252e-06
4.489999999990455848e+00,-7.045885779564171949e-19,6.747014353154907739e-06
4.492499999990463344e+00,1.260553415183788555e-17,6.700350586995708772e-06
4.494999999990469064e+00,8.397457413366839467e-18,6.654009557213990161e-06
4.497499999990476560e+00,8.349016050852592362e-18,6.607989031744427405e-06
4.499999999990483168e+00,-4.068111680171511002e-18,6.562286793805169715e-06
4.502499999990489776e+00,1.063023775321788875e-17,6.516900642247364771e-06
4.504999999990496384e+00,-1.262784767390175097e-17,6.471828390802741899e-06
4.507499999990502992e+00,-2.713941000400364507e-18,6.427067868411360453e-06
4.509999999990509600e+00,2.661135605670219781e-18,6.382616919222680470e-06
4.512499999990516208e+00,1.121368944843437514e-18,6.338473402209665468e-06
4.514999999990523705e+00,-5.009705606858747719e-18,6.294635190815248683e-06
4.517499999990529425e+00,-3.760563173324749630e-18,6.251100173797870153e-06
4.519999999990536921e+00,2.604379341364576881e-18,6.207866254148668766e-06
4.522499999990542641e+00,-1.655210688794796870e-18,6.164931349288104862e-06
4.524999999990550137e+00,-5.199681861482310972e-18,6.122293391152564270e-06
4.527499999990556745e+00,-3.220989361522839166e-18,6.079950326154226736e-06
4.529999999990563353e+00,-4.409085426471844322e-18,6.037900114612638203e-06
4.532499999990569961e+00,-1.365355729291982872e-17,5.996140731235070822e-06
4.534999999990576569e+00,-6.674870009410075047e-18,5.954670164526053739e-06
4.537499999990583177e+00,-5.749605125983311859e-18,5.913486416903651240e-06
4.539999999990589785e+00,3.264974038446183479e-18,5.872587504675447674e-06
4.542499999990596393e+00,-1.357711254383776705e-17,5.831971457874909153e-06
4.544999999990603001e+00,-4.928533719826941374e-18,5.791636320240583817e-06
4.547499999990609609e+00,-2.131184361847766240e-18,5.751580148833308158e-06
4.549999999990616217e+00,-2.564047345734797091e-18,5.711801014332934524e-06
4.552499999990622825e+00,8.181922864228216013e-19,5.672297000631367361e-06
4.554999999990630322e+00,6.734329274852482759e-19,5.633066205043444770e-06
4.557499999990636042e+00,2.916015819481488162e-18,5.594106737876915977e-06
4.559999999990643538e+00,-6.311505077530797201e-18,5.555416722429437749e-06
4.562499999990649258e+00,-7.063073346946346385e-19,5.516994295359324109e-06
4.564999999990656754e+00,-3.289363808758879201e-18,5.478837605784601429e-06
4.567499999990662474e+00,4.706771336592976758e-19,5.440944815981166026e-06
4.569999999990669970e+00,5.504387363344132116e-18,5.403314100516941996e-06
4.572499999990675690e+00,-5.071634875240772597e-18,5.365943647044189907e-06
4.574999999990683186e+00,-6.257891310658438441e-19,5.328831655520876843e-06
4.577499999990689794e+00,-3.353479216499322247e-18,5.291976338170549913e-06
4.579999999990696402e+00,2.551789223390312099e-19,5.255375920067221815e-06
4.582499999990703898e+00,-9.541162442724876020e-18,5.219028638038269205e-06
4.584999999990709618e+00,-1.181814070638622870e-17,5.182932741378382363e-06
4.587499999990717114e+00,-9.752802595524345060e-19,5.147086491675249204e-06
4.589999999990722834e+00,3.474071117160746664e-18,5.111488162000104334e-06
4.592499999990730331e+00,8.746028150404230702e-18,5.076136037877096425e-06
4.594999999990736050e+00,-6.599818699927976001e-18,5.041028416448333110e-06
4.597499999990743547e+00,-3.614755638374987691e-18,5.006163606753116409e-06
4.599999999990749266e+00,9.181380543839375375e-18,4.971539929406073591e-06
4.602499999990756763e+00,-1.276141706942984992e-17,4.937155716567578789e-06
4.604999999990762483e+00,2.278900066873056525e-18,4.903009312228348443e-06
4.607499999990769979e+00,-2.550171411623845154e-18,4.869099071560285417e-06
4.609999999990776587e+00,2.085717631328481014e-19,4.835423361201854562e-06
4.612499999990783195e+00,-3.340387589316183976e-18,4.801980559161653941e-06
4.614999999990789803e+00,2.654161214010733523e-18,4.768769054528138339e-06
4.617499999990796411e+00,1.009392149599772285e-17,4.735787247628908884e-06
4.619999999990803019e+00,7.623199994114995577e-18,4.703033549821601792e-06
4.622499999990809627e+00,6.353987660161937499e-18,4.670506383437424304e-06
4.624999999990816235e+00,-1.002513521787071457e-17,4.638204181806847733e-06
4.627499999990822843e+00,4.965691923589822368e-18,4.606125388923750434e-06
4.629999999990829451e+00,-5.688624958382099058e-20,4.574268459769435855e-06
4.632499999990836059e+00,-5.337536317222335925e-18,4.542631859697376606e-06
4.634999999990842667e+00,-3.160783029196691571e-18,4.511214065062392225e-06
4.637499999990850164e+00,-1.382553001522195875e-17,4.480013562433282078e-06
4.639999999990856772e+00,-9.046480224232190931e-18,4.449028849005861497e-06
4.642499999990863380e+00,-2.730730529428566788e-18,4.418258432423040966e-06
4.644999999990869988e+00,-1.237677803724885969e-17,4.387700830512250145e-06
4.647499999990876596e+00,-9.480550992381741706e-18,4.357354571257891512e-06
4.649999999990883204e+00,-1.478235915176733100e-17,4.327218193280483183e-06
4.652499999990889812e+00,-1.759045613449344079e-18,4.297290244675852777e-06
4.654999999990896420e+00,-1.195075703000633577e-17,4.267569284059470588e-06
4.657499999990903028e+00,-1.814990822157803282e-18,4.238053879848939841e-06
4.659999999990909636e+00,-6.124686127723316054e-18,4.208742610309791525e-06
4.662499999990916244e+00,-1.415714099455559632e-17,4.179634063792606184e-06
4.664999999990922852e+00,-6.190772659521192526e-18,4.150726837951316010e-06
4.667499999990929460e+00,-2.018420179570838999e-18,4.122019540629728160e-06
4.669999999990936956e+00,-2.071817549226398350e-19,4.093510788946506404e-06
4.672499999990942676e+00,-1.931915692675726075e-18,4.065199209722637313e-06
4.674999999990950172e+00,-7.607530714697519783e-18,4.037083439447462542e-06
4.677499999990955892e+00,1.007388099028645679e-17,4.009162123571002287e-06
4.679999999990963389e+00,-4.840795961497236986e-18,3.981433917534934988e-06
4.682499999990969108e+00,-1.927190281231591303e-19,3.953897485524912714e-06
4.684999999990976605e+00,-1.449187113636916384e-17,3.926551501140333835e-06
4.687499999990982325e+00,-9.727729681393401834e-18,3.899394647478499977e-06
4.689999999990989821e+00,-2.079377627616181916e-18,3.872425616277553360e-06
4.692499999990995541e+00,-1.099266630017054898e-17,3.845643108478171449e-06
4.694999999991003037e+00,-1.738729378759999914e-18,3.819045834114287844e-06
4.697499999991009645e+00,9.227205669724181143e-18,3.792632512085587704e-06
4.699999999991016253e+00,4.736381405984140741e-18,3.766401870219420349e-06
4.702499999991023749e+00,-2.355656049593960362e-19,3.740352644903064138e-06
4.704999999991029469e+00,-2.124676516835368102e-17,3.714483581521787773e-06
4.707499999991036965e+00,-1.748903806245770150e-17,3.688793433946663025e-06
4.709999999991042685e+00,-9.742582925071219316e-18,3.663280964923138984e-06
4.712499999991050181e+00,-4.213818671466531999e-19,3.637944945364441664e-06
4.714999999991055901e+00,2.638364211412398394e-18,3.612784155139008026e-06
4.717499999991063397e+00,-3.913392148126312264e-18,3.587797382153182320e-06
4.719999999991069117e+00,-1.247810048079423257e-17,3.562983422872861759e-06
4.722499999991076614e+00,-1.384557903842276073e-17,3.538341082175177232e-06
4.724999999991083222e+00,7.121645054327633642e-18,3.513869173080346391e-06
4.727499999991089830e+00,7.783696035385195672e-18,3.489566516886330293e-06
4.729999999991096438e+00,7.815962090617871897e-18,3.465431942939890978e-06
4.732499999991103046e+00,-1.984939444791914774e-18,3.441464288661054632e-06
4.734999999991109654e+00,4.618759284854913033e-18,3.417662399788757067e-06
4.737499999991116262e+00,1.060686209656045615e-17,3.394025129819838978e-06
4.739999999991122870e+00,8.134256498265868389e-18,3.370551340153123287e-06
4.742499999991129478e+00,3.794046748916626557e-18,3.347239900054442416e-06
4.744999999991136086e+00,-7.196817503073449881e-18,3.324089686792695500e-06
4.747499999991142694e+00,-1.489109432262894229e-17,3.301099585276117616e-06
4.749999999991149302e+00,-1.245997146727729237e-17,3.278268488105770758e-06
4.752499999991156798e+00,3.971919954732356227e-18,3.255595295675589020e-06
4.754999999991162518e+00,7.404715475796315801e-18,3.233078915757700483e-06
4.757499999991170014e+00,1.999203795024195393e-17,3.210718263734271996e-06
4.759999999991175734e+00,1.019099830181617951e-17,3.188512262777571013e-06
4.762499999991183230e+00,8.600055006693318184e-18,3.166459843100730223e-06
4.764999999991189839e+00,3.761890060700062011e-18,3.144559942622888644e-06
4.767499999991196447e+00,1.396252219428251985e-17,3.122811506381411319e-06
4.769999999991203055e+00,-3.425561607433112410e-18,3.101213486884171167e-06
4.772499999991209663e+00,-9.035987142215316000e-19,3.079764843933560946e-06
4.774999999991216271e+00,-1.401781136857532255e-17,3.058464544221074909e-06
4.777499999991222879e+00,4.057678712316388386e-18,3.037311561856706092e-06
4.779999999991230375e+00,9.001116142824814274e-18,3.016304877969912480e-06
4.782499999991236095e+00,5.300672145436450715e-18,2.995443480740324489e-06
4.784999999991243591e+00,-6.185986523611903913e-18,2.974726365281826396e-06
4.787499999991249311e+00,-9.505489588405751655e-18,2.954152533659987846e-06
4.789999999991256807e+00,4.776087786992484068e-18,2.933720995105225630e-06
4.792499999991262527e+00,-1.989193225759852443e-18,2.913430765257164317e-06
4.794999999991270023e+00,-6.732718962607632917e-18,2.893280867001329471e-06
4.797499999991275743e+00,1.853130482398084223e-17,2.873270329547436045e-06
4.799999999991283239e+00,9.399332222502162922e-18,2.853398189134506889e-06
4.802499999991288959e+00,8.810066230926983176e-18,2.833663488632022717e-06
4.804999999991296455e+00,1.176730349435933445e-17,2.814065277546935122e-06
4.807499999991302175e+00,5.019401153636884292e-18,2.794602611799856751e-06
4.809999999991309672e+00,1.133415184626590055e-17,2.775274553945082775e-06
4.812499999991316280e+00,5.774898652119783065e-18,2.756080172812073603e-06
4.814999999991322888e+00,-1.876554590000962684e-18,2.737018544172597938e-06
4.817499999991329496e+00,-7.491820097274737065e-18,2.718088749720520977e-06
4.819999999991336104e+00,-3.263236922871972806e-18,2.699289877771526898e-06
4.822499999991342712e+00,4.491310436511495601e-18,2.680621022660332095e-06
4.824999999991349320e+00,-3.941693121284501414e-18,2.662081285291413720e-06
4.827499999991356816e+00,-1.521405793694750522e-17,2.643669772573234022e-06
4.829999999991362536e+00,9.427034551212927099e-18,2.625385597864237505e-06
4.832499999991370032e+00,4.781404610572662236e-19,2.607227880247072437e-06
4.834999999991375752e+00,8.305443929739501639e-18,2.589195745255338764e-06
4.837499999991383248e+00,6.205591702385762957e-19,2.571288324303421442e-06
4.839999999991389856e+00,4.653782837689690577e-18,2.553504754725497989e-06
4.842499999991396464e+00,-8.999684713593652154e-19,2.535844180145065930e-06
4.844999999991403072e+00,4.405265838949556092e-18,2.518305749728501368e-06
4.847499999991409680e+00,-6.633885039830614206e-18,2.500888618903239578e-06
4.849999999991416288e+00,5.359398193584732395e-18,2.483591948501204475e-06
4.852499999991422897e+00,6.463428957343229704e-18,2.466414905531738458e-06
4.854999999991429505e+00,6.126953079986971002e-18,2.449356662752089367e-06
4.857499999991436113e+00,-5.437947433735548460e-18,2.432416398067924607e-06
4.859999999991442721e+00,2.339785687635318552e-18,2.415593295911336864e-06
4.862499999991449329e+00,-3.068303427555559951e-18,2.398886546024551382e-06
4.864999999991455937e+00,5.806872274049463501e-18,2.382295343286929220e-06
4.867499999991463433e+00,3.230267471787275882e-19,2.365818888878138731e-06
4.869999999991469153e+00,-1.734010640956985938e-18,2.349456388975011892e-06
4.872499999991476649e+00,-2.821243201373244209e-18,2.333207055585605364e-06
4.874999999991482369e+00,-4.684597923860281642e-18,2.317070106007003264e-06
4.877499999991489865e+00,1.692081606720447032e-17,2.301044762922545120e-06
4.879999999991495585e+00,1.935766752825892309e-17,2.285130254521005939e-06
4.882499999991503081e+00,9.361675370914043637e-18,2.269325814211750046e-06
4.884999999991508801e+00,1.233734940129720231e-17,2.253630680770392370e-06
4.887499999991516297e+00,-5.863301559326352432e-18,2.238044098106456885e-06
4.889999999991522905e+00,8.787449441154364224e-18,2.222565315537222787e-06
4.892499999991529513e+00,4.231298935088645585e-18,2.207193587433210708e-06
4.894999999991537010e+00,1.452909968019400559e-17,2.191928173388587539e-06
4.897499999991542730e+00,-2.610312656978501030e-18,2.176768338228154448e-06
4.899999999991550226e+00,1.223248528977978418e-17,2.161713351565177895e-06
4.902499999991555946e+00,6.615644152305183689e-18,2.146762488497695185e-06
4.904999999991563442e+00,2.920056057381658078e-17,2.131915028656273674e-06
4.907499999991569162e+00,1.579712527314930593e-17,2.117170256916781373e-06
4.909999999991576658e+00,2.033359943431427072e-17,2.102527462997250508e-06
4.912499999991582378e+00,-7.971444629655922337e-18,2.087985941929499113e-06
4.914999999991589874e+00,8.514953219662993268e-18,2.073544992982314989e-06
4.917499999991595594e+00,7.340383813309481608e-18,2.059203920548745578e-06
4.919999999991603090e+00,2.914187991142589434e-17,2.044962034135169977e-06
4.922499999991609698e+00,1.134389656624596688e-17,2.030818647478214141e-06
4.924999999991616306e+00,3.043738398414055819e-17,2.016773079598139276e-06
4.927499999991622914e+00,-3.005296762406977976e-18,2.002824653673757615e-06
4.929999999991629522e+00,2.590552040481469481e-17,1.988972698150103763e-06
4.932499999991636130e+00,6.064905689435236230e-18,1.975216545489036102e-06
4.934999999991642738e+00,-4.432473302855115534e-18,1.961555533282275787e-06
4.937499999991649346e+00,7.788965303311684449e-19,1.947989003578181141e-06
4.939999999991655955e+00,1.307906888493985422e-17,1.934516302843461347e-06
4.942499999991662563e+00,1.821809389969191165e-18,1.921136782070802143e-06
4.944999999991669171e+00,5.666228385293920441e-18,1.907849796827809087e-06
4.947499999991675779e+00,3.070539975627704449e-18,1.894654707180870297e-06
4.949999999991682387e+00,7.184683989915736921e-18,1.881550877578777734e-06
4.952499999991689883e+00,1.402873945091262009e-17,1.868537676848656142e-06
4.954999999991696491e+00,4.245747484667459925e-17,1.855614478093517595e-06
4.957499999991703099e+00,1.724975146814304205e-17,1.842780658899009740e-06
4.959999999991709707e+00,4.723875118396138720e-18,1.830035600988128964e-06
4.962499999991716315e+00,1.653266057491713398e-17,1.817378690698993768e-06
4.964999999991722923e+00,1.656033861669016948e-17,1.804809318253311119e-06
4.967499999991729531e+00,2.475591957426876887e-17,1.792326878059897789e-06
4.969999999991736139e+00,1.012941486724106657e-17,1.779930769059049646e-06
4.972499999991742747e+00,2.346725566479240454e-18,1.767620394395667190e-06
4.974999999991749355e+00,1.889093497093272668e-17,1.755395160587611930e-06
4.977499999991755963e+00,1.202691429254467830e-17,1.743254479199210547e-06
4.979999999991762571e+00,5.887476275309860380e-18,1.731197765177770282e-06
4.982499999991770068e+00,7.165629739818579387e-18,1.719224437982017825e-06
4.984999999991775788e+00,6.069780346212994544e-19,1.707333920855483538e-06
4.987499999991783284e+00,4.534967183294825062e-18,1.695525641007009680e-06
4.989999999991789004e+00,2.815523450601489371e-17,1.683799029774588815e-06
4.992499999991796500e+00,-1.857204345301148767e-18,1.672153522204668166e-06
4.994999999991802220e+00,3.927788070988778127e-17,1.660588557453714603e-06
4.997499999991809716e+00,1.133067337726416775e-17,1.649103578316507068e-06
4.999999999991815436e+00,9.077682313147055564e-18,1.637698031684035603e-06
5.002499999991822932e+00,6.543491264984256431e-18,1.626371368365547137e-06
5.004999999991828652e+00,6.302382108278713506e-18,1.615123042408887523e-06
5.007499999991836148e+00,1.174578821785768936e-17,1.603952512331919515e-06
5.009999999991842756e+00,2.128777442026719615e-17,1.592859240086803281e-06
5.012499999991849364e+00,1.426143578557061579e-17,1.581842691089775754e-06
5.014999999991856861e+00,-6.990530705021450266e-19,1.570902334888755316e-06
5.017499999991862580e+00,2.160856009262010825e-17,1.560037644491453666e-06
5.019999999991870077e+00,1.043919248425312578e-17,1.549248096452299402e-06
5.022499999991875796e+00,3.855669717521982505e-18,1.538533171323746277e-06
5.024999999991883293e+00,1.546823894747882122e-17,1.527892352848740368e-06
5.027499999991889013e+00,-3.477798590510661193e-19,1.517325128494862222e-06
5.029999999991896509e+00,4.810735583517379410e-18,1.506830989245660931e-06
5.032499999991902229e+00,1.831037413083394740e-17,1.496409429728301358e-06
5.034999999991909725e+00,1.545195157248594383e-17,1.486059947867603487e-06
5.037499999991916333e+00,2.703485069178774734e-17,1.475782045229078900e-06
5.039999999991922941e+00,1.763345075957361900e-17,1.465575226634404508e-06
5.042499999991929549e+00,-9.952534577226443615e-18,1.455439000515236259e-06
5.044999999991936157e+00,3.835717400303718682e-17,1.445372878739557849e-06
5.047499999991942765e+00,2.019703843414208461e-17,1.435376376350741218e-06
5.049999999991949373e+00,1.006774727733222579e-17,1.425449011795270719e-06
5.052499999991955981e+00,2.752036115045316820e-18,1.415590307030583330e-06
5.054999999991962589e+00,3.667597626920434344e-18,1.405799787098040593e-06
5.057499999991969197e+00,2.486572461416837186e-17,1.396076980464263412e-06
5.059999999991975805e+00,1.850021721907641605e-17,1.386421418807063109e-06
5.062499999991982413e+00,-1.228003234442625072e-17,1.376832637135667796e-06
5.064999999991989910e+00,-1.609738795727431850e-18,1.367310173358855432e-06
5.067499999991995630e+00,1.139821460301610512e-17,1.357853569008146103e-06
5.069999999992003126e+00,1.099728886160900511e-17,1.348462368543785576e-06
5.072499999992008846e+00,1.576322960361551140e-17,1.339136119432577042e-06
5.074999999992016342e+00,-1.143535365406277719e-17,1.329874372754197461e-06
5.077499999992022950e+00,1.204803881030226450e-18,1.320676682095329349e-06
5.079999999992029558e+00,5.936252515121777759e-18,1.311542604735470476e-06
5.082499999992036166e+00,1.493755401649089753e-17,1.302471700516413398e-06
5.084999999992042774e+00,1.204986693814031506e-17,1.293463532522397661e-06
5.087499999992049382e+00,1.431456696919946061e-17,1.284517667028671825e-06
5.089999999992055990e+00,1.952467483261078222e-17,1.275633673032396659e-06
5.092499999992063486e+00,2.675558043329153742e-17,1.266811122452346080e-06
5.094999999992069206e+00,5.014724097594100812e-18,1.258049590457023999e-06
5.097499999992076702e+00,3.409130403026447698e-17,1.249348655181265307e-06
5.099999999992082422e+00,2.363179565339885865e-17,1.240707897344271028e-06
5.102499999992089919e+00,8.857271910699419850e-18,1.232126900740735170e-06
5.104999999992095638e+00,1.027518176507558785e-17,1.223605252216833041e-06
5.107499999992103135e+00,-8.686001995538246275e-18,1.215142541034038939e-06
5.109999999992108854e+00,3.343625741729027269e-17,1.206738359854170200e-06
5.112499999992116351e+00,1.170517003829937484e-17,1.198392303734098431e-06
5.114999999992122071e+00,9.799869707287348424e-18,1.190103970688275730e-06
5.117499999992129567e+00,2.418821951563221040e-17,1.181872961414352558e-06
5.119999999992135287e+00,3.963258724157344960e-17,1.173698879643931114e-06
5.122499999992142783e+00,1.272905736666288051e-17,1.165581331498709543e-06
5.124999999992149391e+00,2.173942732097328200e-17,1.157519925924326077e-06
5.127499999992155999e+00,3.223375293038339033e-17,1.149514274707901930e-06
5.129999999992162607e+00,6.078606241633419612e-18,1.141563992441674360e-06
5.132499999992169215e+00,1.419115624201457119e-17,1.133668695821117647e-06
5.134999999992175823e+00,3.137492352556004340e-17,1.125828004822750659e-06
5.137499999992182431e+00,6.087986148458656715e-18,1.118041541631211655e-06
5.139999999992189927e+00,2.404069985532502570e-17,1.110308931258955423e-06
5.142499999992195647e+00,-6.603347736854000806e-18,1.102629801139824427e-06
5.144999999992203144e+00,2.180813253150561373e-17,1.095003781675085420e-06
5.147499999992208863e+00,4.138260744842333631e-17,1.087430505232646674e-06
5.149999999992216360e+00,-2.105841954023194169e-18,1.079909607209967864e-06
5.152499999992222968e+00,1.459165265351553230e-17,1.072440725242475168e-06
5.154999999992229576e+00,3.050639216318899358e-17,1.065023499581113707e-06
5.157499999992236184e+00,7.987064538330168258e-18,1.057657573079139552e-06
5.159999999992242792e+00,-3.234709406564064762e-18,1.050342590787838095e-06
5.162499999992249400e+00,2.606544441992644331e-17,1.043078200470749495e-06
5.164999999992256008e+00,1.406650137954948462e-17,1.035864052285484561e-06
5.167499999992262616e+00,1.828276285937904849e-17,1.028699798563385650e-06
5.169999999992269224e+00,7.444159844346882996e-18,1.021585094236052434e-06
5.172499999992275832e+00,1.806132588109899011e-17,1.014519596852001350e-06
5.174999999992282440e+00,2.814142719106448810e-17,1.007502965875714486e-06
5.177499999992289048e+00,2.627302242780611634e-17,1.000534863460614755e-06
5.179999999992296544e+00,1.848465217326095366e-17,9.936149538246101144e-07
5.182499999992302264e+00,2.210852692232921729e-17,9.867429037781131610e-07
5.184999999992309760e+00,3.971334667068482566e-17,9.799183821922666419e-07
5.187499999992315480e+00,2.962851134307961202e-17,9.731410604333421860e-07
5.189999999992322977e+00,1.450695565325770657e-17,9.664106121009575717e-07
5.192499999992328696e+00,9.603364932352321815e-18,9.597267129260467374e-07
5.194999999992336193e+00,3.996193198904826845e-17,9.530890409976920290e-07
5.197499999992341913e+00,1.216515202596288315e-17,9.464972766236247553e-07
5.199999999992349409e+00,6.223827651800006735e-18,9.399511022401868561e-07
5.202499999992356017e+00,2.981587388274514386e-17,9.334502024973856104e-07
5.204999999992362625e+00,-2.972566505672230443e-18,9.269942643642814749e-07
5.207499999992370121e+00,1.019607158754323195e-17,9.205829769566080916e-07
5.209999999992375841e+00,5.978244693791296624e-18,9.142160312974196237e-07
5.212499999992383337e+00,2.965021547961144050e-17,9.078931207177101282e-07
5.214999999992389057e+00,4.367053883658283686e-19,9.016139406666126367e-07
5.217499999992396553e+00,5.554363692699403983e-18,8.953781888621891255e-07
5.219999999992402273e+00,-8.822277889703986959e-18,8.891855647665858199e-07
5.222499999992409769e+00,2.783337718166418228e-17,8.830357700864812230e-07
5.224999999992415489e+00,6.965002021228103766e-18,8.769285087854161632e-07
5.227499999992422985e+00,1.283210768733871847e-17,8.708634865465198423e-07
5.229999999992428705e+00,1.896905544505956771e-18,8.648404112211296132e-07
5.232499999992436202e+00,9.205661795455438063e-18,8.588589928309513373e-07
5.234999999992442810e+00,2.721256194302447759e-17,8.529189431146151192e-07
5.237499999992449418e+00,2.103252404068513470e-17,8.470199760132096270e-07
5.239999999992456026e+00,2.189160286487199264e-17,8.411618073829264826e-07
5.242499999992462634e+00,6.634815832785198812e-18,8.353441550140954210e-07
5.244999999992469242e+00,1.978905886304751503e-17,8.295667388789170760e-07
5.247499999992475850e+00,8.311194134660654210e-18,8.238292805227099292e-07
5.249999999992482458e+00,5.905183888981674034e-17,8.181315035461997534e-07
5.252499999992489066e+00,2.325417741230758872e-17,8.124731336467924575e-07
5.254999999992495674e+00,1.435621835810458929e-17,8.068538981419174128e-07
5.257499999992502282e+00,-4.072408831803387472e-18,8.012735265783330860e-07
5.259999999992508890e+00,9.003858243309642418e-18,7.957317499739989880e-07
5.262499999992515498e+00,2.030960982913569761e-18,7.902283013971174548e-07
5.264999999992522994e+00,2.469229044647918797e-17,7.847629159387032271e-07
5.267499999992529602e+00,1.592688856807574848e-17,7.793353301369217537e-07
5.269999999992536210e+00,2.665464634025829474e-17,7.739452826736040664e-07
5.272499999992542818e+00,2.565494946508315843e-17,7.685925137929169511e-07
5.274999999992549427e+00,1.607847214446134984e-17,7.632767660016092147e-07
5.277499999992556035e+00,3.450560029222453283e-17,7.579977828513897529e-07
5.279999999992562643e+00,3.743147351638012331e-17,7.527553102963313061e-07
5.282499999992569251e+00,7.025562811938982342e-18,7.475490956889077181e-07
5.284999999992575859e+00,2.258882182925158976e-17,7.423788885018674950e-07
5.287499999992582467e+00,2.150416506466544606e-17,7.372444394133966119e-07
5.289999999992589075e+00,2.183942747467072631e-17,7.321455013072530886e-07
5.292499999992595683e+00,2.533929269495607067e-17,7.270818284866561459e-07
5.294999999992603179e+00,2.657141866194233827e-17,7.220531771404507886e-07
5.297499999992608899e+00,8.303440118050294037e-18,7.170593049684126162e-07
5.299999999992616395e+00,1.778208035353964812e-17,7.120999715512890954e-07
5.302499999992622115e+00,-5.948718556412153614e-18,7.071749378001051127e-07
5.304999999992629611e+00,2.272900256491128949e-17,7.022839666279817564e-07
5.307499999992635331e+00,3.130986236283960569e-17,6.974268225470727246e-07
5.309999999992642827e+00,3.171647244087143722e-17,6.926032713359171221e-07
5.312499999992648547e+00,-7.854788548716260257e-18,6.878130808810823137e-07
5.314999999992656043e+00,6.472813417018523741e-18,6.830560202502468764e-07
5.317499999992661763e+00,1.800326401053046051e-17,6.783318605591371263e-07
5.319999999992669260e+00,1.843463700162112549e-17,6.736403741647861528e-07
5.322499999992675868e+00,-8.105338596156545289e-18,6.689813350551193167e-07
5.324999999992682476e+00,8.213441495267836353e-18,6.643545187352560649e-07
5.327499999992689972e+00,2.948648364353980430e-17,6.597597025650777589e-07
5.329999999992695692e+00,-1.610334004421139143e-19,6.551966650088925386e-07
5.332499999992703188e+00,1.649916169826576593e-17,6.506651864231010004e-07
5.334999999992708908e+00,1.887294080542607794e-17,6.461650484865414472e-07
5.337499999992716404e+00,5.974990841639495840e-18,6.416960344007050775e-07
5.339999999992722124e+00,2.035683510815764266e-17,6.372579289781646371e-07
5.342499999992729620e+00,2.092746672873745244e-19,6.328505183425861601e-07
5.344999999992735340e+00,1.714710431942706286e-17,6.284735903489606485e-07
5.347499999992742836e+00,8.435017252461777432e-18,6.241269341557352259e-07
5.349999999992749444e+00,3.009174549417722355e-17,6.198103402545329823e-07
5.352499999992756052e+00,-2.494775877474825407e-18,6.155236008541803483e-07
5.354999999992762660e+00,2.061497645337090952e-17,6.112665093652820412e-07
5.357499999992769268e+00,2.370278008739327175e-17,6.070388608828772727e-07
5.359999999992775876e+00,4.669152603235123924e-17,6.028404516166226860e-07
5.362499999992782485e+00,3.873940691961278129e-17,5.986710794775920064e-07
5.364999999992789093e+00,1.511844558261163072e-17,5.945305435627580245e-07
5.367499999992795701e+00,1.711444337551745483e-17,5.904186445034262700e-07
5.369999999992802309e+00,1.040812347703996550e-17,5.863351840820999867e-07
5.372499999992808917e+00,2.613166650819974646e-17,5.822799658365031388e-07
5.374999999992815525e+00,2.323357428327120555e-17,5.782527942952646777e-07
5.377499999992823021e+00,1.848575080393338438e-17,5.742534754306676052e-07
5.379999999992828741e+00,3.805086911671682080e-17,5.702818167697827666e-07
5.382499999992836237e+00,1.238792629212514312e-17,5.663376268828825500e-07
5.384999999992841957e+00,2.622553747842535585e-17,5.624207157917809642e-07
5.387499999992849453e+00,1.832753914167613521e-17,5.585308948984092803e-07
5.389999999992856061e+00,1.998075784880700800e-17,5.546679768445399636e-07
5.392499999992862669e+00,2.356217061317848021e-17,5.508317755362005983e-07
5.394999999992869277e+00,2.701800948845756886e-17,5.470221062229107494e-07
5.397499999992875885e+00,3.567127048802865250e-18,5.432387852325466744e-07
5.399999999992882493e+00,5.832075102884221321e-18,5.394816306409292319e-07
5.402499999992889101e+00,1.814586902458599294e-17,5.357504612062517760e-07
5.404999999992895710e+00,7.412508228223162545e-18,5.320450974113371508e-07
5.407499999992902318e+00,9.002841509163266648e-18,5.283653606273373920e-07
5.409999999992909814e+00,5.165082187734506327e-18,5.247110736229772406e-07
5.412499999992915534e+00,6.713690954377874014e-18,5.210820605316474420e-07
5.414999999992923030e+00,2.234541901751778395e-17,5.174781463565845093e-07
5.417499999992928750e+00,3.818654952013203754e-17,5.138991576072351424e-07
5.419999999992936246e+00,1.198348294953259898e-17,5.103449218869495994e-07
5.422499999992941966e+00,3.225139479948400265e-17,5.068152679734088516e-07
5.424999999992949462e+00,2.768154282598470222e-17,5.033100258032146191e-07
5.427499999992955182e+00,1.357712635599327547e-17,4.998290268486838246e-07
5.429999999992962678e+00,8.890588892311085081e-18,4.963721030947077555e-07
5.432499999992968398e+00,-3.309243897342648684e-20,4.929390880900674412e-07
5.434999999992975894e+00,-5.562034621772370591e-18,4.895298166129641647e-07
5.437499999992982502e+00,2.667285906964908940e-17,4.861441242719122554e-07
5.439999999992989110e+00,8.485801632685459764e-18,4.827818480605679042e-07
5.442499999992995718e+00,-8.723239517282707817e-19,4.794428260699777771e-07
5.444999999993002326e+00,3.767658239709170396e-18,4.761268974904626584e-07
5.447499999993008934e+00,-2.087024903318450667e-19,4.728339025677084267e-07
5.449999999993015543e+00,1.278603663503127547e-18,4.695636826568832022e-07
5.452499999993023039e+00,3.609993272813386252e-17,4.663160802233919999e-07
5.454999999993028759e+00,2.913012910814253643e-17,4.630909388903458852e-07
5.457499999993036255e+00,2.539984295256071089e-18,4.598881033330270685e-07
5.459999999993041975e+00,6.873207321162662004e-18,4.567074193028424681e-07
5.462499999993049471e+00,2.149879777508211357e-17,4.535487334252987811e-07
5.464999999993056079e+00,2.678324154393844144e-17,4.504118937990447778e-07
5.467499999993062687e+00,2.438095094216099033e-17,4.472967490767844377e-07
5.469999999993069295e+00,1.626237326619476453e-17,4.442031493052849762e-07
5.472499999993075903e+00,2.719666003119690712e-17,4.411309456736293353e-07
5.474999999993082511e+00,2.156382069871380241e-17,4.380799899172794301e-07
5.477499999993089119e+00,-3.829329127006878270e-18,4.350501352236552725e-07
5.479999999993095727e+00,2.874783195986661231e-17,4.320412355816465426e-07
5.482499999993102335e+00,3.152051629820709704e-17,4.290531461721089132e-07
5.484999999993108943e+00,1.592131040755839221e-17,4.260857230028992571e-07
5.487499999993115551e+00,-4.778337575094755310e-18,4.231388231083736647e-07
5.489999999993122159e+00,2.145313237310898916e-17,4.202123046665818112e-07
5.492499999993129656e+00,2.705081407275060799e-17,4.173060265652201686e-07
5.494999999993135376e+00,2.547181513767424611e-17,4.144198489042263116e-07
5.497499999993142872e+00,1.883157182474786520e-17,4.115536325700361227e-07
5.499999999993148592e+00,4.075243781896347775e-17,4.087072397122573544e-07
5.502499999993156088e+00,1.746386646119346702e-17,4.058805328965126975e-07
5.504999999993161808e+00,8.627285691527015779e-18,4.030733762414072880e-07
5.507499999993169304e+00,1.230490072307820870e-17,4.002856344564972740e-07
5.509999999993175024e+00,2.467275279820213895e-17,3.975171733655512471e-07
5.512499999993182520e+00,2.957812424255539781e-18,3.947678593370126479e-07
5.514999999993189128e+00,2.126635710636256627e-17,3.920375603119714973e-07
5.517499999993195736e+00,2.394454358156710241e-17,3.893261445365151632e-07
5.519999999993203232e+00,1.002986373089093662e-17,3.866334814861215685e-07
5.522499999993208952e+00,1.204777152527363275e-17,3.839594414576813777e-07
5.524999999993216449e+00,1.489146755976020809e-17,3.813038954916640865e-07
5.527499999993222168e+00,2.362763396197616569e-17,3.786667159942001941e-07
5.529999999993229665e+00,1.515955656865742831e-17,3.760477757018620991e-07
5.532499999993235384e+00,2.641439674604386705e-17,3.734469485606638055e-07
5.534999999993242881e+00,1.344189465270889089e-17,3.708641092336409126e-07
5.537499999993248601e+00,2.806055644035209805e-17,3.682991334407795484e-07
5.539999999993256097e+00,3.432946759809700315e-17,3.657518974251268441e-07
5.542499999993261817e+00,2.847929717488730939e-17,3.632222786853788244e-07
5.544999999993269313e+00,3.389825071439056287e-17,3.607101553127564190e-07
5.547499999993275033e+00,1.933325673486814805e-17,3.582154062187903562e-07
5.549999999993282529e+00,2.048932178804401338e-17,3.557379113601588065e-07
5.552499999993289137e+00,2.422063541738820492e-17,3.532775514963598855e-07
5.554999999993295745e+00,3.302826817095295472e-17,3.508342078583518352e-07
5.557499999993302353e+00,1.672304472495544007e-17,3.484077628592366429e-07
5.559999999993308961e+00,2.172278430045539257e-17,3.459980996140120005e-07
5.562499999993315569e+00,4.081430863755665876e-18,3.436051021116842701e-07
5.564999999993322177e+00,1.359674756712715746e-17,3.412286551418298804e-07
5.567499999993328785e+00,2.062406366577517763e-17,3.388686440821758750e-07
5.569999999993335393e+00,3.449180971873407998e-17,3.365249554418515338e-07
5.572499999993342001e+00,1.780273158355246246e-17,3.341974761601739478e-07
5.574999999993348609e+00,2.107814597302592848e-17,3.318860941437171472e-07
5.577499999993356106e+00,1.118910154959803944e-17,3.295906981929451779e-07
5.579999999993362714e+00,3.140238021605464752e-17,3.273111775877388165e-07
5.582499999993369322e+00,1.924984659540949733e-17,3.250474227196961891e-07
5.584999999993375930e+00,2.141010960524614324e-17,3.227993243729028552e-07
5.587499999993382538e+00,2.446143152371316567e-17,3.205667742884414681e-07
5.589999999993389146e+00,1.547113607721561150e-17,3.183496650325892660e-07
5.592499999993395754e+00,4.074328000774415972e-17,3.161478897519542938e-07
5.594999999993402362e+00,7.126809019762571062e-18,3.139613424731290839e-07
5.597499999993408970e+00,1.020366675743090903e-17,3.117899176834655694e-07
5.599999999993415578e+00,2.975339070873533722e-18,3.096335109418971179e-07
5.602499999993422186e+00,3.536555064023035457e-17,3.074920183777447428e-07
5.604999999993428794e+00,3.039052314552648495e-17,3.053653368113320004e-07
5.607499999993436290e+00,2.272573102129626256e-17,3.032533637802048955e-07
5.609999999993442010e+00,4.231271805816748957e-17,3.011559974683467670e-07
5.612499999993449507e+00,2.477387144302305550e-17,2.990731371381467737e-07
5.614999999993455226e+00,3.431487609004668666e-17,2.970046821569839144e-07
5.617499999993462723e+00,4.668198086316621824e-17,2.949505331611726403e-07
5.619999999993468442e+00,2.565446723020774752e-17,2.929105909842146611e-07
5.622499999993475939e+00,3.074896537989295599e-17,2.908847575004089788e-07
5.624999999993481659e+00,1.540342177445172578e-17,2.888729350838470216e-07
5.627499999993489155e+00,3.837259948484321303e-18,2.868750268754731319e-07
5.629999999993494875e+00,2.774149660008018770e-17,2.848909365999596959e-07
5.632499999993502371e+00,5.186028398995743384e-17,2.829205686751183369e-07
5.634999999993508979e+00,1.505406290375820712e-17,2.809638281298048464e-07
5.637499999993515587e+00,4.041418187461881883e-17,2.790206208455316265e-07
5.639999999993523083e+00,2.153124938890650712e-17,2.770908531838823550e-07
5.642499999993528803e+00,1.720439909808542076e-17,2.751744321720295643e-07
5.644999999993536299e+00,2.274679469213158493e-17,2.732712654646718399e-07
5.647499999993542019e+00,1.963358882782871084e-17,2.713812614480117206e-07
5.649999999993549515e+00,1.220062870007769781e-17,2.695043290454209289e-07
5.652499999993555235e+00,4.099181549370872210e-17,2.676403779819908366e-07
5.654999999993562732e+00,5.632581645487755684e-18,2.657893183431630246e-07
5.657499999993568451e+00,3.367319264763425093e-17,2.639510609923425725e-07
5.659999999993575948e+00,3.311554169171483480e-17,2.621255173839053706e-07
5.662499999993582556e+00,2.339657436954584264e-17,2.603125996547183361e-07
5.664999999993589164e+00,2.800039884599299024e-17,2.585122203331073098e-07
5.667499999993595772e+00,6.135146199898707392e-18,2.567242929493569528e-07
5.669999999993602380e+00,1.962117403106753840e-17,2.549487310636682298e-07
5.672499999993608988e+00,4.282585994195416993e-17,2.531854493772907237e-07
5.674999999993615596e+00,3.072420106807981748e-17,2.514343629865871472e-07
5.677499999993622204e+00,1.905994104018745704e-17,2.496953873606402265e-07
5.679999999993628812e+00,5.719188605641477042e-17,2.479684388039053793e-07
5.682499999993635420e+00,3.319773205310069267e-17,2.462534342379491714e-07
5.684999999993642028e+00,2.719154455297313101e-17,2.445502909388555498e-07
5.687499999993648636e+00,2.538086886963560012e-17,2.428589269166652104e-07
5.689999999993656132e+00,1.013292147323941963e-17,2.411792607167437244e-07
5.692499999993661852e+00,5.424442147052413711e-17,2.395112113989726394e-07
5.694999999993669348e+00,1.474733091293437752e-17,2.378546986866840759e-07
5.697499999993675068e+00,3.243035367850900771e-17,2.362096426740056300e-07
5.699999999993682565e+00,3.240028079417869575e-17,2.345759642684116623e-07
5.702499999993689173e+00,1.041155778873172340e-17,2.329535846389253785e-07
5.704999999993695781e+00,1.534915415639495554e-17,2.313424258196213872e-07
5.707499999993702389e+00,4.843945730903648112e-17,2.297424100023715848e-07
5.709999999993708997e+00,4.427045686248427835e-17,2.281534602727966942e-07
5.712499999993715605e+00,-3.837243577684774994e-18,2.265754998445465739e-07
5.714999999993722213e+00,2.172765649780805676e-17,2.250084530731072294e-07
5.717499999993728821e+00,1.026260517953134705e-17,2.234522443275754006e-07
5.719999999993735429e+00,7.321799337846749020e-18,2.219067985085298733e-07
5.722499999993742925e+00,1.194712973043905745e-17,2.203720413742763567e-07
5.724999999993748645e+00,1.181756079006377682e-17,2.188478989226027677e-07
5.727499999993756141e+00,-1.828249173232247159e-17,2.173342976800529198e-07
5.729999999993761861e+00,1.385508524298786724e-17,2.158311648586927874e-07
5.732499999993769357e+00,3.045882519304879751e-17,2.143384279315233559e-07
5.734999999993775077e+00,9.571865439896467088e-18,2.128560149741909443e-07
5.737499999993782573e+00,3.095940130262584629e-17,2.113838547795392529e-07
5.739999999993788293e+00,2.602550641387898860e-18,2.099218764278374986e-07
5.742499999993795790e+00,4.447329734844630100e-17,2.084700093476699601e-07
5.744999999993801509e+00,1.653193892933101290e-17,2.070281835768085472e-07
5.747499999993809006e+00,4.584001486401418491e-17,2.055963297946398955e-07
5.749999999993815614e+00,6.483701163790886912e-18,2.041743790301282315e-07
5.752499999993822222e+00,1.341927981764412408e-19,2.027622627484475735e-07
5.754999999993828830e+00,1.534024738799187931e-18,2.013599128835701861e-07
5.757499999993835438e+00,4.872400403460881791e-17,1.999672619225497994e-07
5.759999999993842046e+00,4.430041887466287391e-17,1.985842428473772175e-07
5.762499999993848654e+00,2.322119806751364864e-17,1.972107889467781212e-07
5.764999999993856150e+00,2.343776457146749755e-17,1.958468340968500913e-07
5.767499999993861870e+00,1.773549443564508144e-17,1.944923128244604844e-07
5.769999999993869366e+00,4.514861974773824281e-18,1.931471595508690651e-07
5.772499999993875086e+00,3.243612298699013893e-17,1.918113095994143848e-07
5.774999999993882582e+00,1.204647982795067681e-18,1.904846985480891239e-07
5.777499999993889190e+00,-1.042352366554368135e-17,1.891672627669662975e-07
5.779999999993895798e+00,3.392501464996182097e-17,1.878589385030955648e-07
5.782499999993902406e+00,3.202292697085066509e-17,1.865596628916127834e-07
5.784999999993909015e+00,-3.240582449171666944e-18,1.852693732806273021e-07
5.787499999993915623e+00,3.316596579123274257e-17,1.839880075472891549e-07
5.789999999993922231e+00,2.706719752957046720e-17,1.827155040929608143e-07
5.792499999993928839e+00,4.132200120010937404e-18,1.814518014497787784e-07
5.794999999993935447e+00,1.005495750408535269e-17,1.801968389000396637e-07
5.797499999993942055e+00,3.351762871006667357e-17,1.789505557022757305e-07
5.799999999993948663e+00,3.360644652355111240e-18,1.777128921497854715e-07
5.802499999993955271e+00,1.435029986936397448e-17,1.764837885347183000e-07
5.804999999993962767e+00,2.865897357302389992e-17,1.752631855250062758e-07
5.807499999993968487e+00,-1.506472235701252547e-17,1.740510245685550458e-07
5.809999999993975983e+00,6.052022461782673671e-17,1.728472470812476205e-07
5.812499999993981703e+00,4.505361348223040655e-17,1.716517951145478702e-07
5.814999999993989199e+00,4.655167073095381180e-18,1.704646111314274617e-07
5.817499999993994919e+00,4.304984511608178344e-17,1.692856379166334110e-07
5.819999999994002415e+00,5.073904951400164079e-17,1.681148187928351952e-07
5.822499999994008135e+00,3.511828538908161377e-18,1.669520971350277252e-07
5.824999999994015631e+00,4.209422411375731667e-17,1.657974171210105310e-07
5.827499999994022239e+00,4.905464895539544100e-17,1.646507231299136626e-07
5.829999999994028848e+00,8.741480414131578676e-18,1.635119598977958424e-07
5.832499999994036344e+00,2.745546954305549383e-17,1.623810725033174326e-07
5.834999999994042064e+00,3.289108694749476090e-18,1.612580065422975672e-07
5.837499999994049560e+00,1.411615071951699811e-17,1.601427079958426627e-07
5.839999999994055280e+00,5.108627253570448649e-17,1.590351229167966059e-07
5.842499999994062776e+00,2.849179204612127869e-17,1.579351982146814481e-07
5.844999999994068496e+00,2.213666000759212805e-17,1.568428807706778092e-07
5.847499999994075992e+00,2.298641232304030634e-17,1.557581179782545355e-07
5.849999999994081712e+00,3.597566646176543776e-17,1.546808575531159734e-07
5.852499999994089208e+00,4.246729518320204588e-17,1.536110477573626215e-07
5.854999999994094928e+00,5.009349151471661421e-18,1.525486368564369467e-07
5.857499999994102424e+00,1.761007858905862494e-17,1.514935738437497741e-07
5.859999999994108144e+00,3.995525508083052398e-18,1.504458077615348021e-07
5.862499999994115640e+00,-1.453118553011780639e-18,1.494052883644238215e-07
5.864999999994122248e+00,4.763516484669647325e-17,1.483719651868033017e-07
5.867499999994128856e+00,1.898200929226783146e-17,1.473457888352482307e-07
5.869999999994135464e+00,-4.882930013829951577e-18,1.463267094779703033e-07
5.872499999994142073e+00,4.923971534971113776e-17,1.453146784237075303e-07
5.874999999994148681e+00,2.973820321742094109e-17,1.443096466850596670e-07
5.877499999994155289e+00,7.628552857974181561e-18,1.433115659836707338e-07
5.879999999994161897e+00,3.464684263424946558e-17,1.423203881376032794e-07
5.882499999994168505e+00,1.210427340638195309e-17,1.413360655624723213e-07
5.884999999994175113e+00,3.370904474991842455e-17,1.403585505272826702e-07
5.887499999994181721e+00,-3.953847839851864829e-18,1.393877962866986612e-07
5.889999999994189217e+00,3.068121529616310670e-17,1.384237559542629581e-07
5.892499999994195825e+00,4.493705146713571193e-17,1.374663830302911501e-07
5.894999999994202433e+00,6.277268388953797417e-17,1.365156314974943869e-07
5.897499999994209041e+00,1.927516522691625601e-17,1.355714555272935205e-07
5.899999999994215649e+00,2.979145636376294917e-18,1.346338096444339507e-07
5.902499999994222257e+00,1.832456171399609874e-17,1.337026486804855538e-07
5.904999999994228865e+00,2.765468185802629702e-17,1.327779277470324487e-07
5.907499999994235473e+00,4.969631657806389560e-17,1.318596023714809134e-07
5.909999999994242081e+00,5.774661210220322815e-18,1.309476283116562599e-07
5.912499999994248689e+00,3.400604796748195517e-17,1.300419615627811953e-07
5.914999999994255298e+00,4.316938202652524799e-17,1.291425586232550401e-07
5.917499999994261906e+00,3.493298736417363316e-17,1.282493760757949565e-07
5.919999999994269402e+00,7.991161995157299572e-18,1.273623709607926928e-07
5.922499999994275122e+00,2.131248884610337742e-17,1.264815005111197114e-07
5.924999999994282618e+00,3.714847399420812117e-17,1.256067222952902886e-07
5.927499999994288338e+00,2.856959787097881947e-17,1.247379942104654194e-07
5.929999999994295834e+00,2.293329930467202226e-17,1.238752743400296014e-07
5.932499999994301554e+00,4.580831943443372304e-17,1.230185211700814968e-07
5.934999999994309050e+00,3.033298505944801231e-17,1.221676934967937279e-07
5.937499999994314770e+00,1.261823910342352177e-17,1.213227503084630093e-07
5.939999999994322266e+00,6.054227966533302325e-17,1.204836508372507587e-07
5.942499999994327986e+00,3.195473672675621505e-17,1.196503547609584416e-07
5.944999999994335482e+00,2.681138046757541939e-17,1.188228218039270209e-07
5.947499999994342090e+00,5.283344709130238346e-17,1.180010122533727036e-07
5.949999999994348698e+00,4.362969423996470621e-17,1.171848864999582691e-07
5.952499999994356195e+00,-3.197934977273032493e-18,1.163744050727919406e-07
5.954999999994361914e+00,-2.109593913431744177e-17,1.155695291473864400e-07
5.957499999994369411e+00,4.295167361786144976e-18,1.147702198010874466e-07
5.959999999994375131e+00,8.628414701313479451e-17,1.139764386705201898e-07
5.962499999994382627e+00,1.884768869096766874e-17,1.131881473396840062e-07
5.964999999994388347e+00,3.474608581096915729e-17,1.124053080876283231e-07
5.967499999994395843e+00,-2.612259057233394663e-17,1.116278830178651138e-07
5.969999999994401563e+00,-2.732429888140069553e-17,1.108558347516187127e-07
5.972499999994409059e+00,6.624996940440466741e-18,1.100891261417205709e-07
5.974999999994415667e+00,4.640874201606125706e-17,1.093277201456731776e-07
5.977499999994422275e+00,3.213210071223616637e-17,1.085715802645065646e-07
5.979999999994428883e+00,1.080538713704160642e-17,1.078206699586698649e-07
5.982499999994435491e+00,2.450018678928913875e-18,1.070749528781981701e-07
5.984999999994442099e+00,1.097981614201344475e-17,1.063343934605634455e-07
5.987499999994448707e+00,2.652879717078497177e-17,1.055989557131138226e-07
5.989999999994455315e+00,2.719878838597307806e-17,1.048686044924270413e-07
5.992499999994461923e+00,5.002202363700541556e-17,1.041433043415811097e-07
5.994999999994468531e+00,-1.159154624699161236e-17,1.034230205523383451e-07
5.997499999994475139e+00,5.125429657039629804e-17,1.027077183538898674e-07
5.999999999994481747e+00,8.313830409650432086e-17,1.019973632753475048e-07
6.002499999994488356e+00,1.877148141266240928e-17,1.012919210957695247e-07
6.004999999994494964e+00,2.238495061082212221e-17,1.005913578373748015e-07
6.007499999994502460e+00,2.339927289865735762e-17,9.989563981892366660e-08
6.009999999994508180e+00,-1.649044836003607185e-17,9.920473355514632489e-08
6.012499999994515676e+00,5.048853546638577195e-17,9.851860555019081347e-08
6.014999999994522284e+00,4.017964653733014410e-17,9.783722299076753226e-08
6.017499999994528892e+00,6.799251207435941214e-17,9.716055292296176987e-08
6.019999999994535500e+00,2.158767016142625595e-17,9.648856276656601897e-08
6.022499999994542108e+00,3.028796137717969773e-17,9.582122030725314044e-08
6.024999999994548716e+00,6.484009275822303436e-17,9.515849321071973387e-08
6.027499999994555324e+00,-5.977400116648395466e-18,9.450034956554963290e-08
6.029999999994561932e+00,1.090465256339548884e-17,9.384675776761583808e-08
6.032499999994568540e+00,1.458479947480223487e-17,9.319768635848234039e-08
6.034999999994576036e+00,1.089060372465138823e-17,9.255310392466436199e-08
6.037499999994581756e+00,-3.301188945616625016e-18,9.191297946194465162e-08
6.039999999994589253e+00,1.475744841033675984e-17,9.127728227898537034e-08
6.042499999994594972e+00,6.520555437641806650e-17,9.064598160779060930e-08
6.044999999994602469e+00,4.357057657495703761e-17,9.001904709902482724e-08
6.047499999994608189e+00,-6.196435752847897542e-18,8.939644851334876373e-08
6.049999999994615685e+00,-1.250402374592824304e-17,8.877815595647564813e-08
6.052499999994621405e+00,6.591673928551962054e-17,8.816413956163624268e-08
6.054999999994628901e+00,7.010990764626698552e-18,8.755436980485343902e-08
6.057499999994634621e+00,8.996574832049457219e-17,8.694881718635449232e-08
6.059999999994642117e+00,3.112918717415078940e-17,8.634745270086795988e-08
6.062499999994648725e+00,1.090846194522116308e-17,8.575024733579338026e-08
6.064999999994655333e+00,3.591685907302149238e-17,8.515717233099024867e-08
6.067499999994661941e+00,1.407923819306660498e-17,8.456819898122281534e-08
6.069999999994668549e+00,4.096573714340877695e-17,8.398329917411187505e-08
6.072499999994675157e+00,5.413406277416457062e-17,8.340244454491599235e-08
6.074999999994681765e+00,-4.845039897291604124e-18,8.282560715302043974e-08
6.077499999994689261e+00,5.128840655205672124e-17,8.225275929627683999e-08
6.079999999994694981e+00,3.234548126349811083e-17,8.168387322017124064e-08
6.082499999994702478e+00,2.745101966149211191e-17,8.111892168537548300e-08
6.084999999994708197e+00,4.932364769905861774e-17,8.055787741604614889e-08
6.087499999994715694e+00,2.174404245616863175e-17,8.000071338514535899e-08
6.089999999994722302e+00,6.296273011948946937e-17,7.944740268900525190e-08
6.092499999994728910e+00,2.320207283015024763e-17,7.889791866660141979e-08
6.094999999994735518e+00,5.682814067955396480e-17,7.835223511037437972e-08
6.097499999994742126e+00,1.702108913925329869e-17,7.781032550091211829e-08
6.099999999994748734e+00,2.908785771928591415e-17,7.727216380791344628e-08
6.102499999994755342e+00,5.435005685292279103e-17,7.673772404174902315e-08
6.104999999994761950e+00,-9.825163028446436981e-18,7.620698052233656071e-08
6.107499999994768558e+00,-9.761838583802849860e-18,7.567990766480869147e-08
6.109999999994775166e+00,-9.633842273829022852e-18,7.515648013940048263e-08
6.112499999994781774e+00,2.372789146915232328e-17,7.463667261835734150e-08
6.114999999994788382e+00,2.559774107978415067e-17,7.412046019824793462e-08
6.117499999994795878e+00,3.877892964485107354e-17,7.360781784001549533e-08
6.119999999994801598e+00,3.714780734620206076e-17,7.309872102101118698e-08
6.122499999994809095e+00,5.707379184001712547e-18,7.259314513558833928e-08
6.124999999994814814e+00,7.539546739141988345e-17,7.209106589659791827e-08
6.127499999994822311e+00,1.951468783092841834e-17,7.159245905268265098e-08
6.129999999994828030e+00,-5.936626377258002338e-18,7.109730051968813883e-08
6.132499999994835527e+00,-1.442241726923693021e-17,7.060556668676179776e-08
6.134999999994841247e+00,5.383717055803860314e-17,7.011723354490025547e-08
6.137499999994848743e+00,2.396179963282519844e-17,6.963227783001216102e-08
6.139999999994855351e+00,-9.805817006502216855e-18,6.915067612398359821e-08
6.142499999994861959e+00,-2.786032487469597920e-17,6.867240514283363842e-08
6.144999999994869455e+00,2.800014513638670171e-17,6.819744199376304537e-08
6.147499999994875175e+00,3.561040852149254862e-17,6.772576371734286679e-08
6.149999999994882671e+00,2.324654812312898921e-17,6.725734752477360399e-08
6.152499999994888391e+00,4.605618956129500509e-17,6.679217106235403102e-08
6.154999999994895887e+00,-3.537531863676841842e-18,6.633021170930500304e-08
6.157499999994901607e+00,3.415839414115501850e-17,6.587144733454638435e-08
6.159999999994909103e+00,-1.081801097449939155e-18,6.541585569301059208e-08
6.162499999994914823e+00,4.403568556429245416e-17,6.496341501454988930e-08
6.164999999994922320e+00,2.179528767032022074e-17,6.451410336960807509e-08
6.167499999994928039e+00,1.496620055119266034e-17,6.406789917885077447e-08
6.169999999994935536e+00,-1.490228148962262745e-17,6.362478093023414649e-08
6.172499999994941255e+00,3.655745386359972249e-17,6.318472745896171410e-08
6.174999999994948752e+00,-2.385844462340851249e-17,6.274771722831228435e-08
6.177499999994955360e+00,4.090726539382287689e-17,6.231372943854578384e-08
6.179999999994961968e+00,5.104602644971585612e-18,6.188274312296105297e-08
6.182499999994968576e+00,4.215574687774074220e-17,6.145473768263761872e-08
6.184999999994975184e+00,4.478759248029042605e-17,6.102969210127956305e-08
6.187499999994981792e+00,5.220299820968005722e-17,6.060758620196099337e-08
6.189999999994988400e+00,1.391846987180031411e-17,6.018839968189386943e-08
6.192499999994995008e+00,-5.266337508389898226e-18,5.977211217312435944e-08
6.194999999995001616e+00,4.591144812243811987e-17,5.935870368457646527e-08
6.197499999995008224e+00,4.949317763563989838e-17,5.894815436495813027e-08
6.199999999995014832e+00,5.022067224376634379e-17,5.854044438656960720e-08
6.202499999995022328e+00,2.720438240305609751e-17,5.813555427443261534e-08
6.204999999995028936e+00,3.551825741013674504e-17,5.773346425785416740e-08
6.207499999995035544e+00,3.013421198715931485e-17,5.733415512755173570e-08
6.209999999995042153e+00,4.879104586324723744e-17,5.693760756970436848e-08
6.212499999995048761e+00,2.502450390283499694e-17,5.654380252019261516e-08
6.214999999995055369e+00,6.651475660320083618e-17,5.615272107109563138e-08
6.217499999995061977e+00,2.736496826213203754e-17,5.576434434469265236e-08
6.219999999995068585e+00,4.170648247105314580e-17,5.537865351036873165e-08
6.222499999995075193e+00,1.382906493152719852e-17,5.499563017759463801e-08
6.224999999995081801e+00,3.594483336248588235e-17,5.461525593400334046e-08
6.227499999995088409e+00,3.708821138099928721e-17,5.423751218952727706e-08
6.229999999995095017e+00,-1.686556563487806547e-19,5.386238097032719361e-08
6.232499999995102513e+00,1.110130452811358183e-17,5.348984415550693870e-08
6.234999999995108233e+00,2.167790407926665621e-17,5.311988389808450406e-08
6.237499999995115729e+00,8.944380832591054063e-18,5.275248215182345893e-08
6.239999999995121449e+00,-4.048380151297203979e-17,5.238762144277308670e-08
6.242499999995128945e+00,4.162040971457508583e-17,5.202528408581005794e-08
6.244999999995134665e+00,3.166384911621797928e-17,5.166545250429043369e-08
6.247499999995142161e+00,-1.173918428155891080e-17,5.130810950257077023e-08
6.249999999995147881e+00,2.044135972152244383e-17,5.095323794406842544e-08
6.252499999995155378e+00,2.498455926801053319e-17,5.060082063910607188e-08
6.254999999995161097e+00,-3.860660947441352911e-18,5.025084058257627743e-08
6.257499999995168594e+00,4.312284861763926926e-17,4.990328100218615282e-08
6.259999999995175202e+00,2.043223801167239398e-17,4.955812514292956005e-08
6.262499999995181810e+00,4.129709176326429954e-17,4.921535626058482435e-08
6.264999999995189306e+00,8.635015134584175066e-18,4.887495796278825353e-08
6.267499999995195026e+00,5.233763633047108226e-17,4.853691381811600528e-08
6.269999999995202522e+00,3.315821905557267896e-17,4.820120763258019848e-08
6.272499999995208242e+00,9.393852941878036956e-18,4.786782309520639942e-08
6.274999999995215738e+00,1.435054346159541344e-17,4.753674427428837476e-08
6.277499999995221458e+00,-3.904919633730252542e-17,4.720795512991953851e-08
6.279999999995228954e+00,6.990064704528160141e-18,4.688143982942587094e-08
6.282499999995234674e+00,-3.808950566247304499e-18,4.655718264568748139e-08
6.284999999995242170e+00,-2.941897202362043240e-17,4.623516809079273109e-08
6.287499999995248778e+00,2.758412452541155075e-17,4.591538049879519661e-08
6.289999999995255386e+00,-1.186078040671012939e-17,4.559780449330767338e-08
6.292499999995261994e+00,-1.300591844538361013e-17,4.528242479949702573e-08
6.294999999995268603e+00,4.017299904900534834e-17,4.496922628989441540e-08
6.297499999995275211e+00,1.260349683419158575e-17,4.465819367111440878e-08
6.299999999995281819e+00,4.541809215269567730e-17,4.434931232658205207e-08
6.302499999995288427e+00,5.672066972602027808e-17,4.404256696132383737e-08
6.304999999995295035e+00,5.094807712756145668e-17,4.373794304740096560e-08
6.307499999995301643e+00,3.767348320030565331e-17,4.343542593471857019e-08
6.309999999995308251e+00,2.367963588060567328e-17,4.313500097983715405e-08
6.312499999995314859e+00,6.321694713793862787e-18,4.283665372629478672e-08
6.314999999995321467e+00,3.163451981488621597e-17,4.254036968844434920e-08
6.317499999995328075e+00,1.572906433230621688e-17,4.224613474653170350e-08
6.319999999995335571e+00,6.972813406213771983e-17,4.195393461133950337e-08
6.322499999995341291e+00,9.335893064773580103e-18,4.166375535647374277e-08
6.324999999995348787e+00,3.901575176014135708e-17,4.137558294250719084e-08
6.327499999995355395e+00,3.940311097500093505e-17,4.108940341058252301e-08
6.329999999995362003e+00,-1.718911149612077982e-17,4.080520305821247393e-08
6.332499999995368611e+00,3.300215181518424681e-17,4.052296822074677312e-08
6.334999999995375219e+00,1.498159761894485188e-17,4.024268517883666741e-08
6.337499999995381827e+00,-2.642152784991006940e-17,3.996434060146586903e-08
6.339999999995388436e+00,3.726197508709899773e-17,3.968792096019329197e-08
6.342499999995395044e+00,7.209214244517622579e-17,3.941341297241606725e-08
6.344999999995401652e+00,3.821605466916074353e-17,3.914080332237751666e-08
6.347499999995409148e+00,-1.750945596940807640e-18,3.887007903307552356e-08
6.349999999995414868e+00,8.851306533866968189e-17,3.860122704741403796e-08
6.352499999995422364e+00,4.202985193941603752e-17,3.833423430028944498e-08
6.354999999995428084e+00,-1.123678866759871821e-17,3.806908801657708648e-08
6.357499999995435580e+00,1.803646094564322200e-17,3.780577540738066697e-08
6.359999999995441300e+00,-2.263272106157480788e-17,3.754428386067421710e-08
6.362499999995448796e+00,3.832472777990401964e-17,3.728460059487703993e-08
6.364999999995454516e+00,8.697550522021237962e-18,3.702671328269301342e-08
6.367499999995462012e+00,5.284639752023896830e-19,3.677060943253061474e-08
6.369999999995467732e+00,4.982399451991189660e-17,3.651627678920003522e-08
6.372499999995475228e+00,1.846561951686286665e-17,3.626370289623947738e-08
6.374999999995481836e+00,6.704924295769660487e-17,3.601287579772601074e-08
6.377499999995488444e+00,5.758045389655663297e-17,3.576378329723647617e-08
6.379999999995495052e+00,5.039100551033559916e-17,3.551641343302768201e-08
6.382499999995501661e+00,6.753517775611641522e-17,3.527075427333149662e-08
6.384999999995508269e+00,-3.115079599772137328e-17,3.502679409002329071e-08
6.387499999995514877e+00,-3.012451696080808329e-17,3.478452094605992909e-08
6.389999999995522373e+00,3.021474862727093437e-17,3.454392343866567122e-08
6.392499999995528093e+00,2.553613196741259417e-17,3.430498961516817480e-08
6.394999999995535589e+00,-2.245328457026188680e-17,3.406770831692142440e-08
6.397499999995541309e+00,1.251316152519390475e-17,3.383206790309414016e-08
6.399999999995548805e+00,5.772360077142377276e-17,3.359805706550383958e-08
6.402499999995555413e+00,5.435024739733549381e-17,3.336566452596005409e-08
6.404999999995562021e+00,-5.093534895005143947e-18,3.313487914125906561e-08
6.407499999995568629e+00,-1.628299547550202341e-17,3.290568984286448680e-08
6.409999999995575237e+00,8.642667671326354381e-18,3.267808542269330367e-08
6.412499999995581845e+00,2.364219002429955124e-18,3.245205501025390228e-08
6.414999999995588453e+00,1.053678299683793413e-17,3.222758765712278033e-08
6.417499999995595061e+00,3.087734775796335744e-17,3.200467270535545277e-08
6.419999999995601669e+00,3.318784209887271301e-17,3.178329938236521105e-08
6.422499999995608277e+00,2.690870343885465455e-17,3.156345686697569204e-08
6.424999999995614886e+00,1.386401968756441299e-17,3.134513465555994859e-08
6.427499999995621494e+00,3.399164136811970450e-17,3.112832228371653378e-08
6.429999999995628990e+00,-3.776843193828421570e-17,3.091300932348091624e-08
6.432499999995634710e+00,5.754688743616337790e-17,3.069918526567879108e-08
6.434999999995642206e+00,5.638997287580456682e-17,3.048683991154381553e-08
6.437499999995647926e+00,2.214218061854797402e-17,3.027596317758704576e-08
6.439999999995655422e+00,8.772054002678964231e-17,3.006654459417304620e-08
6.442499999995661142e+00,2.030034265257000525e-17,2.985857432535021167e-08
6.444999999995668638e+00,-3.677690987057833212e-17,2.965204215367758127e-08
6.447499999995674358e+00,-2.358286047062583929e-17,2.944693829660712757e-08
6.449999999995681854e+00,2.608019256162355740e-17,2.924325276126059120e-08
6.452499999995688462e+00,1.142499285831491998e-17,2.904097581896977005e-08
6.454999999995695070e+00,4.484372972365215070e-17,2.884009774691076436e-08
6.457499999995701678e+00,3.910188287467151146e-17,2.864060870072816462e-08
6.459999999995708286e+00,5.732636772293291762e-17,2.844249923672169183e-08
6.462499999995715783e+00,3.806609154770039894e-17,2.824575976905065007e-08
6.464999999995721502e+00,-5.711830800983277501e-18,2.805038086757966872e-08
6.467499999995728999e+00,3.035429718952935630e-17,2.785635305953939984e-08
6.469999999995734719e+00,1.672702273177160436e-17,2.766366701267116471e-08
6.472499999995742215e+00,1.554421808432948783e-17,2.747231347025115579e-08
6.474999999995747935e+00,2.114863127996992187e-17,2.728228311895604311e-08
6.477499999995755431e+00,2.018922129420647055e-17,2.709356692787752209e-08
6.479999999995761151e+00,6.267732215435220411e-17,2.690615570783854003e-08
6.482499999995768647e+00,1.743266522015498233e-17,2.672004051134563084e-08
6.484999999995774367e+00,3.335396381536350798e-17,2.653521234841267323e-08
6.487499999995781863e+00,2.684201021859914145e-17,2.635166231162210586e-08
6.489999999995788471e+00,-7.793105560405578766e-18,2.616938152344076178e-08
6.492499999995795079e+00,6.152908759403606811e-17,2.598836120812019401e-08
6.494999999995801687e+00,-9.479816531039416199e-18,2.580859277266559721e-08
6.497499999995808295e+00,5.574537085164124018e-18,2.563006736202942229e-08
6.499999999995814903e+00,3.806818085112978514e-17,2.545277651574375133e-08
6.502499999995821511e+00,1.010763019855670974e-17,2.527671165466122912e-08
6.504999999995828119e+00,3.482626136143779344e-17,2.510186428826272745e-08
6.507499999995834727e+00,1.792372744626419805e-17,2.492822608541456668e-08
6.509999999995841335e+00,2.505147023927867523e-17,2.475578848585623115e-08
6.512499999995847944e+00,5.461370764170364780e-18,2.458454335717547150e-08
6.514999999995855440e+00,2.275982028134723327e-17,2.441448235808537633e-08
6.517499999995862048e+00,-4.916486625419179051e-17,2.424559727194908107e-08
6.519999999995868656e+00,-8.384613349757414260e-18,2.407788015919139898e-08
6.522499999995875264e+00,2.963440501299521605e-17,2.391132278797418869e-08
6.524999999995881872e+00,8.543947484274571273e-18,2.374591711075845139e-08
6.527499999995888480e+00,-4.102929225125436018e-18,2.358165523693082669e-08
6.529999999995895088e+00,7.928340522246147245e-19,2.341852920503003396e-08
6.532499999995901696e+00,7.337740316528179704e-17,2.325653121864984622e-08
6.534999999995908304e+00,6.263554510356914958e-18,2.309565341450003195e-08
6.537499999995914912e+00,-1.765953631102144508e-17,2.293588803186836567e-08
6.539999999995921520e+00,3.757934189317708724e-17,2.277722750906341215e-08
6.542499999995928128e+00,-2.525960613779825775e-17,2.261966403093464791e-08
6.544999999995935624e+00,3.181952020959192882e-17,2.246319007783487170e-08
6.547499999995941344e+00,5.136728678907127228e-17,2.230779809735746612e-08
6.549999999995948841e+00,-2.424332730621820983e-17,2.215348061022081331e-08
6.552499999995954560e+00,-1.682942715570624513e-17,2.200023021520019059e-08
6.554999999995962057e+00,-1.008720295338870957e-17,2.184803950682542376e-08
6.557499999995967777e+00,-9.079392471053293936e-18,2.169690112308349961e-08
6.559999999995975273e+00,-1.460338191934517429e-18,2.154680772684236248e-08
6.562499999995980993e+00,5.271988642596886516e-17,2.139775223929952744e-08
6.564999999995988489e+00,5.089132511876024814e-18,2.124972748022757676e-08
6.567499999995994209e+00,-8.563510725569435049e-18,2.110272612538790427e-08
6.569999999996001705e+00,-1.736188540986695950e-17,2.095674140899617541e-08
6.572499999996008313e+00,4.241521192791973544e-17,2.081176598306781423e-08
6.574999999996014921e+00,6.295248426651451833e-17,2.066779307433248839e-08
6.577499999996022417e+00,-5.345295465547738970e-18,2.052481563868543162e-08
6.579999999996028137e+00,2.375102938481006805e-17,2.038282680904229077e-08
6.582499999996035633e+00,1.155499888767956174e-17,2.024181988130177155e-08
6.584999999996041353e+00,2.432308705674860569e-17,2.010178779498399873e-08
6.587499999996048849e+00,-5.184452543248630940e-18,1.996272405296539985e-08
6.589999999996054569e+00,-5.709867967089967346e-18,1.982462183574118624e-08
6.592499999996062066e+00,6.398643560344232352e-17,1.968747449832361285e-08
6.594999999996067785e+00,4.182676181826768969e-18,1.955127549426776506e-08
6.597499999996075282e+00,3.973010423788967625e-17,1.941601812434705624e-08
6.599999999996081002e+00,1.125891305643822845e-17,1.928169598437178808e-08
6.602499999996088498e+00,-1.169115878341138662e-17,1.914830265075080719e-08
6.604999999996095106e+00,1.212945104512756548e-17,1.901583157199572651e-08
6.607499999996101714e+00,-1.152009231115287522e-17,1.888427648531922762e-08
6.609999999996108322e+00,-2.452691258776524320e-17,1.875363098383880183e-08
6.612499999996114930e+00,2.621747447461262129e-17,1.862388872420389811e-08
6.614999999996121538e+00,1.689194926546527568e-17,1.849504362598684031e-08
6.617499999996128146e+00,3.029870802404866772e-17,1.836708928639089564e-08
6.619999999996134754e+00,2.257430430794020259e-18,1.824001968681610212e-08
6.622499999996141362e+00,-3.107337261914365487e-17,1.811382869148930007e-08
6.624999999996147970e+00,1.568957569168545206e-17,1.798851011638397713e-08
6.627499999996154578e+00,5.010064025802992356e-17,1.786405800675993071e-08
6.629999999996161186e+00,6.899923963112618864e-17,1.774046627340690774e-08
6.632499999996168683e+00,1.439005109336753317e-17,1.761772919600171567e-08
6.634999999996174402e+00,-1.766884241356668111e-18,1.749584062437796435e-08
6.637499999996181899e+00,-1.910435781679195154e-17,1.737479480878840938e-08
6.639999999996188507e+00,-1.510672752129302094e-17,1.725458590293086304e-08
6.642499999996195115e+00,8.938202468291163019e-18,1.713520813109237199e-08
6.644999999996201723e+00,1.879541025067296707e-17,1.701665574520617540e-08
6.647499999996208331e+00,2.549805600629194364e-17,1.689892291330348447e-08
6.649999999996214939e+00,3.376348022554443052e-17,1.678200404800807940e-08
6.652499999996221547e+00,2.464419012154123146e-17,1.666589353088722445e-08
6.654999999996228155e+00,3.264323238919573066e-17,1.655058576806360617e-08
6.657499999996234763e+00,-2.162932550907733156e-18,1.643607524008764068e-08
6.659999999996242259e+00,-5.958842633932616016e-18,1.632235636779943036e-08
6.662499999996247979e+00,2.901374424449303934e-17,1.620942374803652966e-08
6.664999999996255475e+00,3.753506245181239203e-17,1.609727172135884639e-08
6.667499999996261195e+00,8.375520038349284320e-18,1.598589522966036877e-08
6.669999999996268691e+00,-9.718541764171105364e-18,1.587528870913043872e-08
6.672499999996274411e+00,4.103590307282071685e-17,1.576544680159373488e-08
6.674999999996281907e+00,1.902780423542063291e-18,1.565636419686792196e-08
6.677499999996287627e+00,1.589600392285059020e-17,1.554803582979879063e-08
6.679999999996295124e+00,1.184088841128534214e-17,1.544045629336301990e-08
6.682499999996300843e+00,2.755826327401825287e-17,1.533362055823577828e-08
6.684999999996308340e+00,1.169071277403312363e-17,1.522752329394182285e-08
6.687499999996314948e+00,-9.806075819243927313e-19,1.512215963324832217e-08
6.689999999996321556e+00,2.017101574367242457e-17,1.501752420863984500e-08
6.692499999996328164e+00,-6.074907582172071484e-18,1.491361227850040218e-08
6.694999999996334772e+00,1.291392142089901094e-17,1.481041856127176540e-08
6.697499999996341380e+00,-4.107860408478610673e-18,1.470793824892197960e-08
6.699999999996347988e+00,9.726277171454331790e-18,1.460616643672210460e-08
6.702499999996355484e+00,6.260350264106118047e-17,1.450509812833316575e-08
6.704999999996361204e+00,1.445479120125125217e-17,1.440472850502663936e-08
6.707499999996368700e+00,-1.213169976216665380e-17,1.430505268488002346e-08
6.709999999996374420e+00,2.659181457950020370e-17,1.420606592492514665e-08
6.712499999996381916e+00,3.784948971830843328e-17,1.410776340561088887e-08
6.714999999996388524e+00,-3.080454056318499512e-18,1.401014040906288805e-08
6.717499999996395132e+00,4.800998386240960921e-17,1.391319232534339486e-08
6.719999999996401741e+00,1.385209577311540928e-17,1.381691430200430467e-08
6.722499999996408349e+00,-8.717951876555132525e-19,1.372130182142478800e-08
6.724999999996414957e+00,7.052948171482441934e-18,1.362635038160186031e-08
6.727499999996421565e+00,-1.112482628345695860e-17,1.353205510442969879e-08
6.729999999996428173e+00,2.289201908307905528e-17,1.343841170920871043e-08
6.732499999996434781e+00,1.709415257826415573e-17,1.334541563274860474e-08
6.734999999996441389e+00,2.180936029165652754e-18,1.325306222438816927e-08
6.737499999996447997e+00,1.699945390333436255e-17,1.316134738388551194e-08
6.739999999996454605e+00,3.608571399508821750e-17,1.307026626909081262e-08
6.742499999996462101e+00,1.876056722603944351e-17,1.297981486329997482e-08
6.744999999996467821e+00,2.522645468331565935e-17,1.288998863873830700e-08
6.747499999996475317e+00,-1.391648280284289872e-17,1.280078331107932861e-08
6.749999999996481037e+00,1.813628650047971600e-17,1.271219447836138935e-08
6.752499999996488533e+00,2.129232305209226798e-17,1.262421801055534848e-08
6.754999999996494253e+00,2.864135617163798831e-17,1.253684957267161691e-08
6.757499999996501749e+00,-1.621933162927194971e-17,1.245008500139184349e-08
6.759999999996507469e+00,2.474958359565058422e-17,1.236392014565651357e-08
6.762499999996514966e+00,2.005189714831406571e-17,1.227835079586593839e-08
6.764999999996521574e+00,-1.234619345694296176e-17,1.219337286978434307e-08
6.767499999996528182e+00,3.034174965645220010e-17,1.210898224222496669e-08
6.769999999996534790e+00,1.773621966208804383e-17,1.202517491677919294e-08
6.772499999996541398e+00,4.021334120536548607e-17,1.194194672694658789e-08
6.774999999996548894e+00,6.205189781836723532e-17,1.185929387385334517e-08
6.777499999996554614e+00,4.855806040983440853e-17,1.177721228641682251e-08
6.779999999996562110e+00,1.490018352629922189e-17,1.169569780010751091e-08
6.782499999996567830e+00,1.914619508991108572e-17,1.161474672489609042e-08
6.784999999996575326e+00,3.735376583817579831e-18,1.153435503934730910e-08
6.787499999996581046e+00,1.225186850238986282e-17,1.145451901384518650e-08
6.789999999996588542e+00,3.933583936822171317e-18,1.137523466606295295e-08
6.792499999996594262e+00,2.551150856902640607e-17,1.129649831449681576e-08
6.794999999996601758e+00,-1.542534356946720439e-18,1.121830597101304183e-08
6.797499999996607478e+00,2.260633967319946347e-17,1.114065396079004005e-08
6.799999999996614974e+00,2.340356847400857853e-17,1.106353867077616642e-08
6.802499999996621582e+00,1.653460034465532150e-17,1.098695627889916059e-08
6.804999999996628191e+00,2.505201605362419778e-17,1.091090305720468251e-08
6.807499999996634799e+00,-6.085670101580569431e-18,1.083537534302673388e-08
6.809999999996641407e+00,3.065719051021934761e-17,1.076036958846005168e-08
6.812499999996648015e+00,1.678847940191657535e-17,1.068588221490256304e-08
6.814999999996654623e+00,3.218443456943943693e-17,1.061190941318474966e-08
6.817499999996661231e+00,1.200336734171651391e-17,1.053844784442115592e-08
6.819999999996667839e+00,3.401022439818110268e-17,1.046549383027881231e-08
6.822499999996674447e+00,2.941285016786501214e-18,1.039304402577701083e-08
6.824999999996681055e+00,3.606072711981981344e-17,1.032109462944834014e-08
6.827499999996688551e+00,4.194829320217502206e-17,1.024964244299607661e-08
6.829999999996695159e+00,2.812893966778152227e-17,1.017868393940171270e-08
6.832499999996701767e+00,1.369826232260787560e-17,1.010821576529861646e-08
6.834999999996708375e+00,1.823731905893291009e-17,1.003823440145112351e-08
6.837499999996714983e+00,6.585720270412904586e-18,9.968736601320681736e-09
6.839999999996721591e+00,1.146818751339272992e-17,9.899718974374588899e-09
6.842499999996728199e+00,3.611187427976453112e-17,9.831178191690887414e-09
6.844999999996734807e+00,2.380088298418916136e-17,9.763111005161277923e-09
6.847499999996741415e+00,1.593398355520631932e-17,9.695513936082493637e-09
6.849999999996748024e+00,1.720431903208049413e-17,9.628383960519854124e-09
6.852499999996754632e+00,4.608655127748684647e-17,9.561717794589122993e-09
6.854999999996761240e+00,2.264739310099996992e-17,9.495512165229907456e-09
6.857499999996768736e+00,-1.870809182733578050e-17,9.429763865194929729e-09
6.859999999996774456e+00,6.134653380204376959e-18,9.364469756097782276e-09
6.862499999996781952e+00,3.538050156739862624e-17,9.299626836297892015e-09
6.864999999996787672e+00,2.928720926330014379e-17,9.235231646197523386e-09
6.867499999996795168e+00,1.264294561097401634e-17,9.171281337678383160e-09
6.869999999996800888e+00,1.423558988738791507e-17,9.107772880497124258e-09
6.872499999996808384e+00,2.144478481045668452e-17,9.044703092470820662e-09
6.874999999996814104e+00,2.725281919758462765e-17,8.982068941447071848e-09
6.877499999996821600e+00,9.660432505912694446e-18,8.919867487621333702e-09
6.879999999996827320e+00,2.342754421032642084e-17,8.858095602766255429e-09
6.882499999996834816e+00,5.514137618073193544e-18,8.796750409157052304e-09
6.884999999996841424e+00,3.328975194475646387e-17,8.735828939238011814e-09
6.887499999996848032e+00,1.344654322047514664e-17,8.675328152712379300e-09
6.889999999996855529e+00,2.261513572603583995e-17,8.615245396102876046e-09
6.892499999996861249e+00,-1.645085870419249636e-17,8.555577542780767126e-09
6.894999999996868745e+00,9.392826909933818861e-18,8.496321737199955345e-09
6.897499999996874465e+00,1.419617581217049069e-17,8.437475188791709964e-09
6.899999999996881961e+00,2.907584303376503051e-18,8.379035089765313862e-09
6.902499999996887681e+00,3.740244519440984145e-18,8.320998535427392950e-09
6.904999999996895177e+00,9.367625645380428765e-20,8.263362782385206178e-09
6.907499999996900897e+00,9.118299665657255341e-18,8.206125072114033590e-09
6.909999999996908393e+00,4.043218884123480683e-17,8.149282647436854132e-09
6.912499999996914113e+00,7.027522226827578461e-18,8.092832784977928298e-09
6.914999999996921609e+00,-1.020170352772544483e-17,8.036772723337421759e-09
6.917499999996928217e+00,1.567673475331506809e-17,7.981099751422039276e-09
6.919999999996934825e+00,-3.094412066903531603e-19,7.925811216605783479e-09
6.922499999996941433e+00,-1.778384257816427137e-17,7.870904385715595783e-09
6.924999999996948041e+00,3.292053184634570946e-17,7.816376607045485639e-09
6.927499999996954649e+00,8.741663036763207557e-18,7.762225562072176828e-09
6.929999999996961257e+00,1.710456450641705400e-17,7.708448261347703756e-09
6.932499999996967865e+00,1.138459272724437846e-17,7.655042125873072925e-09
6.934999999996974474e+00,2.586065696341090330e-17,7.602004913392144199e-09
6.937499999996981082e+00,1.484527799814295117e-17,7.549333694352062855e-09
6.939999999996987690e+00,2.935594069149168818e-17,7.497026275857545340e-09
6.942499999996994298e+00,1.434111314464389595e-17,7.445079895130887835e-09
6.944999999997001794e+00,-1.641362001756186039e-18,7.393492044943113326e-09
6.947499999997007514e+00,4.696333383056966030e-18,7.342260485985128503e-09
6.949999999997015010e+00,1.547806362330208970e-17,7.291382428351041476e-09
6.952499999997021618e+00,1.324658499528592253e-17,7.240855611864261037e-09
6.954999999997028226e+00,-1.587644175939926397e-18,7.190677554205387344e-09
6.957499999997034834e+00,6.011926115114260251e-18,7.140845931748216520e-09
6.959999999997041442e+00,1.371318556212484288e-17,7.091358141498200890e-09
6.962499999997048050e+00,1.741846086024643352e-17,7.042212052915150800e-09
6.964999999997054658e+00,3.105370972021007857e-17,6.993405050408168365e-09
6.967499999997061266e+00,1.100638108005218744e-17,6.944935015510092537e-09
6.969999999997067874e+00,1.484963017221266117e-17,6.896799395027498275e-09
6.972499999997075371e+00,-2.756340159567540491e-18,6.848996090535818216e-09
6.974999999997081090e+00,1.591338179368587938e-17,6.801522537463560298e-09
6.977499999997088587e+00,2.493904300380248613e-18,6.754376731577908341e-09
6.979999999997094307e+00,-1.517935687831194581e-17,6.707556205533401934e-09
6.982499999997101803e+00,-2.008873333322715779e-17,6.661058755473730977e-09
6.984999999997107523e+00,-1.471351072716964904e-17,6.614882074675843688e-09
6.987499999997115019e+00,1.584157747959645929e-17,6.569024133511825607e-09
6.989999999997120739e+00,9.206367908601648770e-18,6.523482488805285696e-09
6.992499999997128235e+00,-7.601159322654497191e-18,6.478255160019266970e-09
6.994999999997133955e+00,-5.561299723627206998e-18,6.433339860319300229e-09
6.997499999997141451e+00,1.586326810759979046e-17,6.388734403304574014e-09
6.999999999997148059e+00,7.674359885796453493e-18,6.344436671867860177e-09
7.002499999997154667e+00,-9.191260611837098449e-18,6.300444514017810871e-09
7.004999999997161275e+00,1.927253098645171454e-18,6.256755926574111218e-09
7.007499999997167883e+00,-2.603398678036123654e-18,6.213368613926007462e-09
7.009999999997174491e+00,-2.278856728695747168e-18,6.170280602263693175e-09
7.012499999997181099e+00,1.835484121997175297e-17,6.127489834100906054e-09
7.014999999997188596e+00,6.410116746175353686e-18,6.084994141572461588e-09
7.017499999997194315e+00,-1.566477903490087303e-17,6.042791604692399231e-09
7.019999999997201812e+00,-3.007268743494871570e-19,6.000880187344810081e-09
7.022499999997207532e+00,-2.292459128095523525e-17,5.959257665564695313e-09
7.024999999997215028e+00,-8.437434623848195016e-18,5.917922345677229905e-09
7.027499999997221636e+00,2.662120358171377204e-18,5.876871947335366691e-09
7.029999999997228244e+00,-2.048052469295160426e-18,5.836104640962832163e-09
7.032499999997234852e+00,2.633064458467523387e-17,5.795618492633989141e-09
7.034999999997241460e+00,-9.569646570792366783e-18,5.755411421911472326e-09
7.037499999997248068e+00,-3.694960616172555706e-18,5.715481688328752789e-09
7.039999999997254676e+00,4.757867130367789385e-18,5.675827145844473064e-09
7.042499999997261284e+00,-8.438399167480086899e-18,5.636446016357085378e-09
7.044999999997267892e+00,7.687829434194927615e-18,5.597336415540298539e-09
7.047499999997274500e+00,1.571453638027376588e-17,5.558496417662752337e-09
7.049999999997281108e+00,-1.772570417622311911e-17,5.519924113379343417e-09
7.052499999997287716e+00,1.677467482683133300e-17,5.481617714709857502e-09
7.054999999997294324e+00,7.347353533312426863e-18,5.443575376291109520e-09
7.057499999997300932e+00,6.933562667902497481e-18,5.405795314304069378e-09
7.059999999997308429e+00,5.774662569760839917e-18,5.368275388160461092e-09
7.062499999997314148e+00,3.123630634694967210e-18,5.331014205657982674e-09
7.064999999997321645e+00,-3.337583370711616620e-18,5.294009769228655331e-09
7.067499999997327365e+00,-4.166868605849587105e-18,5.257260296552538467e-09
7.069999999997334861e+00,-1.243701472603910601e-17,5.220764178906768821e-09
7.072499999997340581e+00,1.636777337030085166e-18,5.184519381888858584e-09
7.074999999997348077e+00,-6.016582554203269212e-18,5.148524339891105208e-09
7.077499999997354685e+00,-3.899010691604942777e-19,5.112777361133106770e-09
7.079999999997361293e+00,7.596350003530186860e-18,5.077276580072857792e-09
7.082499999997367901e+00,-1.649608821339656467e-18,5.042020371387961216e-09
7.084999999997374509e+00,1.158657353932317488e-17,5.007006978629388039e-09
7.087499999997382005e+00,8.980953532350001457e-18,4.972234851841593762e-09
7.089999999997387725e+00,-9.284264526816168187e-18,4.937702217618214473e-09
7.092499999997395221e+00,1.013401208949454915e-17,4.903407459188811253e-09
7.094999999997400941e+00,-1.920265696777489152e-17,4.869348845461779436e-09
7.097499999997408437e+00,-2.169765167788494431e-17,4.835524738097327724e-09
7.099999999997414157e+00,-9.622676700788822009e-18,4.801933642339045361e-09
7.102499999997421654e+00,-2.836757935285278999e-18,4.768573664016481316e-09
7.104999999997427373e+00,-1.544701894702336133e-17,4.735443435514087825e-09
7.107499999997434870e+00,2.896889478180423688e-18,4.702541319042206600e-09
7.109999999997440590e+00,-7.031981140435906526e-18,4.669865709432201558e-09
7.112499999997448086e+00,-1.800882422911709091e-17,4.637415033932727534e-09
7.114999999997454694e+00,2.203520153750772572e-17,4.605187741601084342e-09
7.117499999997461302e+00,-6.888898937994789534e-18,4.573182275391125344e-09
7.119999999997467910e+00,1.377307808631385638e-17,4.541397054405612688e-09
7.122499999997474518e+00,-8.184253367896583231e-18,4.509830570979639701e-09
7.124999999997481126e+00,1.414437908855033559e-17,4.478481343280074911e-09
7.127499999997487734e+00,2.571555416096719699e-17,4.447347814339747577e-09
7.129999999997494342e+00,2.844382554215886788e-18,4.416428581252034742e-09
7.132499999997500950e+00,2.407473598695163936e-18,4.385721926778815328e-09
7.134999999997507558e+00,-8.793540203599438294e-18,4.355226589393220392e-09
7.137499999997514166e+00,2.836283729295317633e-17,4.324941077192563488e-09
7.139999999997521662e+00,2.407805852545198159e-17,4.294863828105216760e-09
7.142499999997528271e+00,1.569529390250700092e-17,4.264993493904848573e-09
7.144999999997534879e+00,-2.142973622523108231e-17,4.235328488924489209e-09
7.147499999997541487e+00,-4.345480977127460056e-18,4.205867571435458842e-09
7.149999999997548095e+00,2.945723894121490362e-17,4.176609256942458518e-09
7.152499999997554703e+00,9.221910619334713588e-18,4.147552107424297198e-09
7.154999999997561311e+00,5.043989044151210682e-17,4.118694666496524793e-09
7.157499999997567919e+00,1.174162744118987914e-17,4.090035763849304218e-09
7.159999999997574527e+00,1.999951962891436827e-17,4.061573736841693085e-09
7.162499999997581135e+00,1.348495715230806635e-17,4.033307397223735366e-09
7.164999999997587743e+00,-8.687355606599868679e-19,4.005235246199628537e-09
7.167499999997594351e+00,-8.927043598426722011e-18,3.977356067140231143e-09
7.169999999997601847e+00,2.303378860429820160e-17,3.949668455747929176e-09
7.172499999997607567e+00,3.147406028050202575e-17,3.922171117669236579e-09
7.174999999997615063e+00,-1.925935343769199832e-17,3.894862645686718340e-09
7.177499999997620783e+00,3.211163143212889164e-17,3.867741824109855523e-09
7.179999999997628279e+00,4.383480008964280713e-17,3.840807284239590542e-09
7.182499999997633999e+00,4.266886877237350556e-17,3.814057841055147303e-09
7.184999999997641495e+00,2.900292795128477318e-17,3.787491951301062375e-09
7.187499999997647215e+00,1.326056998994925972e-17,3.761108557430754113e-09
7.189999999997654712e+00,1.361083397101782695e-17,3.734906335509866054e-09
7.192499999997660431e+00,-9.049021170415082894e-18,3.708884024379895945e-09
7.194999999997667928e+00,2.563530135579655268e-17,3.683040308887158836e-09
7.197499999997674536e+00,2.475663289640710075e-17,3.657374114898210861e-09
7.199999999997681144e+00,8.244373348253311936e-19,3.631884016588035683e-09
7.202499999997688640e+00,1.730190622956076263e-17,3.606568809087428456e-09
7.204999999997694360e+00,8.904849365171476590e-18,3.581427334213462417e-09
7.207499999997701856e+00,5.617969890706815686e-18,3.556458376782324659e-09
7.209999999997707576e+00,2.219655672094143663e-17,3.531660772002979080e-09
7.212499999997715072e+00,2.866136243695022560e-17,3.507033212433978193e-09
7.214999999997720792e+00,1.234058750572902487e-17,3.482574625205149194e-09
7.217499999997728288e+00,6.435179246046629706e-18,3.458283761719483473e-09
7.219999999997734008e+00,7.914723547727049310e-18,3.434159485796272326e-09
7.222499999997741504e+00,1.289844229334425407e-17,3.410200656803318455e-09
7.224999999997747224e+00,1.607327092940414283e-18,3.386406045051322580e-09
7.227499999997754720e+00,-5.329080987761301889e-18,3.362774506890530460e-09
7.229999999997761329e+00,3.222909123138732750e-18,3.339304960603544483e-09
7.232499999997767937e+00,8.776286073191446122e-18,3.315996256029966515e-09
7.234999999997774545e+00,4.000576646715410485e-17,3.292847275942477821e-09
7.237499999997781153e+00,3.787085677787119688e-18,3.269856916622097590e-09
7.239999999997787761e+00,9.228175458474755182e-18,3.247024081936308425e-09
7.242499999997794369e+00,4.075844024076208550e-17,3.224347604115057694e-09
7.244999999997800977e+00,4.277035341909664621e-17,3.201826469600353568e-09
7.247499999997807585e+00,5.072596863224037767e-18,3.179459478890395792e-09
7.249999999997814193e+00,5.939645589156825023e-18,3.157245756999415732e-09
7.252499999997820801e+00,9.886845515279134654e-18,3.135184079424300389e-09
7.254999999997827409e+00,3.536045332318211853e-17,3.113273318341358371e-09
7.257499999997834905e+00,1.695006103135738990e-17,3.091512577858788105e-09
7.259999999997840625e+00,1.877765763726346131e-17,3.069900753897930385e-09
7.262499999997848121e+00,3.436308768556361292e-17,3.048436791980422010e-09
7.264999999997854729e+00,-4.241095259882352643e-18,3.027119698047750867e-09
7.267499999997861337e+00,3.709355737606171759e-18,3.005948368936484708e-09
7.269999999997867945e+00,3.454152533575939042e-17,2.984921857256599333e-09
7.272499999997874554e+00,8.625421273306041470e-18,2.964039033221574479e-09
7.274999999997881162e+00,4.410565232565007063e-17,2.943299119870072434e-09
7.277499999997887770e+00,1.365189050924560981e-17,2.922700897410887177e-09
7.279999999997894378e+00,6.407219596717913608e-18,2.902243452170126910e-09
7.282499999997900986e+00,2.408911501305094828e-17,2.881925775846795227e-09
7.284999999997908482e+00,1.891674902446654755e-18,2.861746959774626856e-09
7.287499999997914202e+00,2.403310769122365345e-18,2.841705976910257883e-09
7.289999999997921698e+00,1.425710184439264692e-19,2.821801824273728472e-09
7.292499999997927418e+00,2.764578443957899579e-17,2.802033581220742720e-09
7.294999999997934914e+00,2.415554936053476333e-17,2.782400335898757968e-09
7.297499999997940634e+00,4.223129406809239433e-17,2.762901191985533498e-09
7.299999999997948130e+00,-6.489211567477504647e-18,2.743535014112727655e-09
7.302499999997953850e+00,2.720759902793540321e-17,2.724301024720250937e-09
7.304999999997961346e+00,8.868427990487952122e-18,2.705198227334632470e-09
7.307499999997967066e+00,2.391140041069879877e-17,2.686225774870473479e-09
7.309999999997974562e+00,1.689825142017149827e-17,2.667382720540679229e-09
7.312499999997981170e+00,2.172233488632488184e-17,2.648668211304076502e-09
7.314999999997987778e+00,2.772952535006501273e-17,2.630081099003526555e-09
7.317499999997994387e+00,3.703118083437610673e-17,2.611620848195171298e-09
7.319999999998000995e+00,1.482064275931236120e-19,2.593286317924897483e-09
7.322499999998007603e+00,1.760989840403454910e-17,2.575076696214541875e-09
7.324999999998014211e+00,2.568232396555125616e-17,2.556991107992992303e-09
7.327499999998021707e+00,7.284750062109790565e-18,2.539028702488855426e-09
7.329999999998027427e+00,2.266546226607736005e-17,2.521188570500093645e-09
7.332499999998034923e+00,1.571189163666583222e-17,2.503469900594700063e-09
7.334999999998040643e+00,1.150537941808319258e-17,2.485871776147868988e-09
7.337499999998048139e+00,1.212779909323153071e-17,2.468393497984203315e-09
7.339999999998054747e+00,1.615507380067018737e-17,2.451034047704286367e-09
7.342499999998061355e+00,6.259323348847718933e-18,2.433792624228719155e-09
7.344999999998067963e+00,2.323395779620119044e-17,2.416668436694794069e-09
7.347499999998074571e+00,1.349631445763321997e-17,2.399660684409994832e-09
7.349999999998081179e+00,1.742311363905746959e-17,2.382768458667480067e-09
7.352499999998087787e+00,2.871056984216173143e-18,2.365991004731501976e-09
7.354999999998094395e+00,7.062974176522457659e-18,2.349327557420498141e-09
7.357499999998101003e+00,1.559604065172507103e-17,2.332777269244890312e-09
7.359999999998107612e+00,3.522978437278293574e-18,2.316339274587507841e-09
7.362499999998114220e+00,1.423339479010804494e-17,2.300012948238130432e-09
7.364999999998120828e+00,3.467655376313229835e-17,2.283797296098036312e-09
7.367499999998127436e+00,-7.926906922284539219e-18,2.267691714137912719e-09
7.369999999998134044e+00,2.332283584983060593e-17,2.251695367647851795e-09
7.372499999998141540e+00,1.029729608876684484e-17,2.235807465880284092e-09
7.374999999998147260e+00,-4.184138441375862327e-18,2.220027246937679958e-09
7.377499999998154756e+00,1.222872282044893766e-17,2.204354033373354316e-09
7.379999999998160476e+00,-3.523488759596255901e-18,2.188786953784069758e-09
7.382499999998167972e+00,7.908310049040517569e-18,2.173325231869128776e-09
7.384999999998173692e+00,1.591936905649612255e-17,2.157968312758317570e-09
7.387499999998181188e+00,1.997029833691129466e-17,2.142715246015456468e-09
7.389999999998187796e+00,1.228220382807555339e-18,2.127565504092582516e-09
7.392499999998194404e+00,1.584845998885597880e-17,2.112518169637926064e-09
7.394999999998201012e+00,3.076916580081568056e-17,2.097572581867321501e-09
7.397499999998207620e+00,9.537104256102749422e-18,2.082727970198791516e-09
7.399999999998215117e+00,1.843263027159235973e-17,2.067983726826405358e-09
7.402499999998220837e+00,1.453376545437161919e-17,2.053339070835535610e-09
7.404999999998228333e+00,1.725437868822942742e-17,2.038793355703796183e-09
7.407499999998234053e+00,1.896157053832108384e-17,2.024345808572276846e-09
7.409999999998241549e+00,9.794649145219798029e-18,2.009995808038668777e-09
7.412499999998247269e+00,-2.354381598982150044e-18,1.995742605982580863e-09
7.414999999998254765e+00,2.529354805840619825e-17,1.981585495895085803e-09
7.417499999998260485e+00,3.403388766883836297e-17,1.967523915173989596e-09
7.419999999998267981e+00,3.143443924977451153e-18,1.953557036075068599e-09
7.422499999998273701e+00,9.405784200020648115e-18,1.939684274743977451e-09
7.424999999998281197e+00,7.464388279332726649e-18,1.925904980669408311e-09
7.427499999998287805e+00,-1.945553079599203544e-17,1.912218431637870217e-09
7.429999999998294413e+00,5.124946894889988743e-18,1.898623907572181114e-09
7.432499999998301021e+00,1.315412946288270179e-17,1.885120848436025278e-09
7.434999999998307629e+00,1.029210940081249598e-18,1.871708583576924001e-09
7.437499999998314237e+00,4.374925220727065971e-18,1.858386513652096490e-09
7.439999999998320845e+00,-1.016430155061714669e-17,1.845153931587005474e-09
7.442499999998327453e+00,-6.224828356749250759e-18,1.832010243895093621e-09
7.444999999998334062e+00,1.179486620744331326e-17,1.818954880489201474e-09
7.447499999998340670e+00,2.996142507062198370e-17,1.805987100573235122e-09
7.449999999998347278e+00,1.279504304187669261e-17,1.793106235592971767e-09
7.452499999998354774e+00,2.282927121180585839e-17,1.780311833682719044e-09
7.454999999998361382e+00,-5.921026921850085639e-18,1.767603114799637724e-09
7.457499999998367990e+00,8.292973256255842678e-18,1.754979623284707159e-09
7.459999999998374598e+00,1.423537807735446056e-17,1.742440572757960047e-09
7.462499999998381206e+00,1.766817512309286454e-17,1.729985471722934935e-09
7.464999999998387814e+00,3.257246417515440798e-17,1.717613690657014800e-09
7.467499999998394422e+00,-4.275678928349930022e-18,1.705324689542931495e-09
7.469999999998401030e+00,-2.100423465904523886e-18,1.693117724733391355e-09
7.472499999998407638e+00,8.063629141885015918e-18,1.680992324158781015e-09
7.474999999998414246e+00,1.369872590547380427e-17,1.668947927986101819e-09
7.477499999998420854e+00,1.353024449574767734e-17,1.656983919418331028e-09
7.479999999998427462e+00,7.149365069839361260e-18,1.645099780182031524e-09
7.482499999998434959e+00,-3.871789621968577348e-18,1.633294801136042338e-09
7.484999999998440678e+00,1.592517584342332685e-17,1.621568547267828401e-09
7.487499999998448175e+00,7.604236442328747194e-18,1.609920363736889034e-09
7.489999999998453895e+00,2.104625255624252650e-17,1.598349754723483666e-09
7.492499999998461391e+00,1.794772710018230234e-18,1.586856144612388469e-09
7.494999999998467111e+00,7.991115388545149070e-18,1.575438943969364643e-09
7.497499999998474607e+00,1.504804334479786145e-17,1.564097575050918818e-09
7.499999999998480327e+00,3.212807342489973378e-17,1.552831584095415994e-09
7.502499999998487823e+00,2.382072764175706549e-17,1.541640445682846571e-09
7.504999999998493543e+00,3.169150816169860715e-17,1.530523493349881758e-09
7.507499999998501039e+00,1.905132242873491468e-17,1.519480293857699950e-09
7.509999999998506759e+00,6.244911228920301640e-18,1.508510348643149071e-09
7.512499999998514255e+00,2.044270477467366499e-17,1.497613022253909563e-09
7.514999999998521751e+00,4.115697318496629332e-17,1.486787849025536704e-09
7.517499999998527471e+00,1.799681120566872953e-17,1.476034203811332708e-09
7.519999999998534967e+00,-5.124869233153240165e-18,1.465351721116229697e-09
7.522499999998540687e+00,5.377901828489573143e-18,1.454739828855358378e-09
7.524999999998548184e+00,2.179060425551457382e-17,1.444198010789793562e-09
7.527499999998553903e+00,2.747020403177984781e-18,1.433725687555309888e-09
7.529999999998561400e+00,-1.411127628118787148e-18,1.423322422558745736e-09
7.532499999998567120e+00,2.163610001117597578e-17,1.412987747945367735e-09
7.534999999998574616e+00,2.610106506507291792e-17,1.402721121570220534e-09
7.537499999998580336e+00,1.359556113902833217e-17,1.392522073436415752e-09
7.539999999998587832e+00,6.085740758457455227e-18,1.382390058886710516e-09
7.542499999998594440e+00,1.336075909551813397e-17,1.372324697586887838e-09
7.544999999998601048e+00,2.734134106778077737e-18,1.362325390536169506e-09
7.547499999998607656e+00,3.556183268834992896e-17,1.352391634715649080e-09
7.549999999998614264e+00,3.872677056631674836e-18,1.342523088274145084e-09
7.552499999998620872e+00,-2.460008029673851467e-18,1.332719170148838071e-09
7.554999999998627480e+00,2.074163387818966054e-17,1.322979491520715430e-09
7.557499999998634088e+00,3.909531601234109116e-17,1.313303536785104290e-09
7.559999999998640696e+00,3.743872470257206847e-17,1.303690832861701690e-09
7.562499999998647304e+00,4.117989260031703675e-17,1.294140934019380453e-09
7.564999999998653912e+00,1.249979308307190885e-17,1.284653386903552268e-09
7.567499999998660520e+00,2.862987552668052470e-17,1.275227701868440573e-09
7.569999999998668017e+00,3.358117050306430962e-17,1.265863496170189839e-09
7.572499999998673736e+00,2.107169434472898462e-18,1.256560167359466174e-09
7.574999999998681233e+00,7.541636940721332925e-19,1.247317418699634725e-09
7.577499999998687841e+00,1.907745139792374866e-17,1.238134747581121652e-09
7.579999999998694449e+00,4.593483552460353199e-18,1.229011786291662450e-09
7.582499999998701057e+00,2.031387233120866369e-18,1.219947852313342154e-09
7.584999999998707665e+00,1.559214266961011483e-17,1.210942814753477622e-09
7.587499999998714273e+00,1.412649189594174660e-17,1.201996022587562030e-09
7.589999999998720881e+00,2.704441014763228514e-17,1.193107154849254265e-09
7.592499999998727489e+00,3.095936906612480786e-17,1.184275792809451981e-09
7.594999999998734097e+00,1.736281436449266730e-17,1.175501475363002606e-09
7.597499999998741593e+00,2.719649402637577845e-17,1.166783718997835744e-09
7.599999999998747313e+00,3.330939103350221302e-17,1.158122168792031629e-09
7.602499999998754809e+00,2.249928820371124147e-17,1.149516405988351573e-09
7.604999999998760529e+00,1.735179083032081423e-17,1.140966089842813965e-09
7.607499999998768025e+00,3.808799080453583153e-18,1.132470676346356933e-09
7.609999999998773745e+00,2.686771718873172997e-17,1.124029831941359979e-09
7.612499999998781242e+00,3.843078588069555901e-17,1.115643085415335737e-09
7.614999999998786961e+00,1.319931900265251889e-17,1.107310039387582510e-09
7.617499999998794458e+00,1.161301873590409971e-17,1.099030382537299928e-09
7.619999999998800178e+00,2.331824885784425623e-17,1.090803687888085364e-09
7.622499999998807674e+00,2.628378509692980916e-17,1.082629511413309940e-09
7.624999999998814282e+00,3.658653156118495259e-17,1.074507464919719664e-09
7.627499999998820890e+00,3.963099200485002673e-17,1.066437253279512265e-09
7.629999999998827498e+00,2.117182005106992087e-17,1.058418323550760578e-09
7.632499999998834106e+00,1.105305822611083056e-17,1.050450357773571600e-09
7.634999999998840714e+00,2.924877366517057560e-17,1.042533064283627905e-09
7.637499999998847322e+00,1.548862410890597656e-17,1.034665937588633905e-09
7.639999999998854818e+00,2.694263987151302816e-17,1.026848699116872432e-09
7.642499999998860538e+00,3.254069833919038985e-17,1.019080828017775747e-09
7.644999999998868034e+00,3.817323261074014897e-17,1.011362092551481938e-09
7.647499999998873754e+00,2.789590993137149029e-17,1.003692019188262826e-09
7.649999999998881250e+00,2.947268993283503035e-17,9.960703684724716691e-10
7.652499999998887859e+00,2.275421785126207197e-17,9.884966695187699997e-10
7.654999999998894467e+00,1.208053050613254565e-17,9.809705543322599662e-10
7.657499999998901075e+00,2.055289511287114776e-17,9.734917088305786647e-10
7.659999999998907683e+00,2.099673850293862920e-17,9.660597636487166751e-10
7.662499999998914291e+00,4.219846841230442245e-17,9.586743546037499035e-10
7.664999999998920899e+00,1.404819817548192340e-17,9.513351246647700039e-10
7.667499999998927507e+00,2.168275973941134107e-17,9.440416627894365882e-10
7.669999999998934115e+00,3.153125143306895408e-17,9.367937607207016099e-10
7.672499999998940723e+00,2.248210995064741933e-17,9.295909328170260273e-10
7.674999999998947331e+00,3.522220006854610281e-17,9.224328526477077061e-10
7.677499999998953939e+00,1.659594177069375871e-17,9.153192922171855020e-10
7.679999999998960547e+00,2.924227909822960997e-17,9.082497968563390422e-10
7.682499999998967155e+00,1.494654901890781774e-17,9.012239694488078060e-10
7.684999999998974651e+00,1.445172389095046514e-17,8.942416486593282185e-10
7.687499999998980371e+00,3.395149407905877383e-17,8.873022670642091439e-10
7.689999999998987867e+00,1.573755885069680019e-17,8.804057859889114862e-10
7.692499999998993587e+00,1.911422850010498504e-17,8.735515943701594725e-10
7.694999999999001083e+00,2.177187168466580951e-17,8.667395532885294293e-10
7.697499999999006803e+00,1.277787981891116227e-17,8.599692057125640410e-10
7.699999999999014300e+00,2.788316832674373704e-17,8.532403029981498739e-10
7.702499999999020908e+00,1.523590496592561216e-17,8.465525012315730928e-10
7.704999999999027516e+00,2.450820608769215450e-17,8.399055135778759618e-10
7.707499999999034124e+00,1.841588061227091077e-17,8.332989497242583949e-10
7.709999999999040732e+00,1.228275859863109879e-17,8.267325006368107524e-10
7.712499999999048228e+00,2.341673140376396042e-17,8.202059372017052824e-10
7.714999999999053948e+00,1.626013493309543562e-17,8.137188301773991370e-10
7.717499999999061444e+00,3.505634944622654774e-17,8.072709345120890389e-10
7.719999999999067164e+00,1.643467692566814960e-17,8.008618866815912710e-10
7.722499999999074660e+00,3.055958577293170036e-17,7.944914573635484339e-10
7.724999999999080380e+00,-5.228244032214721003e-18,7.881592342727267787e-10
7.727499999999087876e+00,1.550844540851908412e-17,7.818650288355601681e-10
7.729999999999093596e+00,3.366445804474543272e-17,7.756084680153510167e-10
7.732499999999101092e+00,3.287430019746691070e-17,7.693892886133792602e-10
7.734999999999106812e+00,4.684011722967608706e-19,7.632071369256468434e-10
7.737499999999114308e+00,1.981462505728123434e-17,7.570617425689931981e-10
7.739999999999120917e+00,1.861228022551763089e-17,7.509528517206692179e-10
7.742499999999127525e+00,3.367555119384651347e-17,7.448800865086098117e-10
7.744999999999134133e+00,2.196914266347557117e-17,7.388432515844852529e-10
7.747499999999140741e+00,1.045020342576178307e-17,7.328419659822180307e-10
7.749999999999147349e+00,2.479725845128015311e-17,7.268760035523599623e-10
7.752499999999153957e+00,8.211994615291516985e-18,7.209450179475928693e-10
7.754999999999160565e+00,2.005219268772568576e-17,7.150488452204090476e-10
7.757499999999167173e+00,3.456955708664937157e-17,7.091870303784461037e-10
7.759999999999173781e+00,2.135632450908184642e-17,7.033593907346370010e-10
7.762499999999180389e+00,2.287294551608677779e-17,6.975655453493839348e-10
7.764999999999187885e+00,6.440353274167327112e-18,6.918053657373633187e-10
7.767499999999194493e+00,1.549701348873671680e-17,6.860785140321805627e-10
7.769999999999201101e+00,-2.418184234509962654e-18,6.803847172135889777e-10
7.772499999999207709e+00,2.391347045858772494e-17,6.747236936066973296e-10
7.774999999999214317e+00,8.094015183705848325e-18,6.690951099814499865e-10
7.777499999999220925e+00,1.615254430915044824e-17,6.634988657356100066e-10
7.779999999999227533e+00,2.012042181322076068e-17,6.579345069629428454e-10
7.782499999999234142e+00,1.342966725341871332e-17,6.524018639990438121e-10
7.784999999999240750e+00,1.968924323807624343e-17,6.469007021531467146e-10
7.787499999999247358e+00,1.902639236798324363e-17,6.414305647663153361e-10
7.789999999999253966e+00,1.773427120865454141e-17,6.359914699000279088e-10
7.792499999999260574e+00,1.573141855141491887e-17,6.305829035312596797e-10
7.794999999999268070e+00,1.835628664549141592e-17,6.252048022563990449e-10
7.797499999999273790e+00,2.302992515543004644e-17,6.198567036453131504e-10
7.799999999999281286e+00,1.548811575144163681e-17,6.145384842184971306e-10
7.802499999999287006e+00,2.350336273434153950e-17,6.092499515216789990e-10
7.804999999999294502e+00,1.870222052127653595e-17,6.039906508153095370e-10
7.807499999999300222e+00,2.182649796670034267e-17,5.987604737493461906e-10
7.809999999999307718e+00,1.965629634182801604e-17,5.935592076602321239e-10
7.812499999999313438e+00,9.980718144568475323e-18,5.883864534692004288e-10
7.814999999999320934e+00,2.128263946456993588e-17,5.832420436268890284e-10
7.817499999999326654e+00,1.266344848213675496e-17,5.781257195419316842e-10
7.819999999999334150e+00,4.523601413518734715e-18,5.730373110519696622e-10
7.822499999999339870e+00,-1.506424059733016481e-18,5.679764609113428130e-10
7.824999999999347366e+00,1.503298307162897143e-17,5.629429741402441248e-10
7.827499999999354863e+00,2.811673230966906837e-17,5.579365677324995843e-10
7.829999999999360583e+00,1.761836322104558926e-17,5.529571275805015229e-10
7.832499999999368079e+00,2.505067805886608598e-17,5.480042607028051392e-10
7.834999999999373799e+00,1.153380143913892150e-17,5.430778750519492122e-10
7.837499999999381295e+00,2.556722524381427144e-17,5.381774727178279407e-10
7.839999999999387015e+00,3.407686526803471585e-17,5.333031285041886125e-10
7.842499999999394511e+00,2.005845802240046393e-17,5.284545035677334389e-10
7.844999999999400231e+00,1.632351557828182806e-17,5.236311906120998053e-10
7.847499999999407727e+00,8.435266812419195901e-18,5.188332270355621893e-10
7.849999999999413447e+00,1.424234151348521419e-17,5.140601682119190458e-10
7.852499999999420943e+00,5.687421391884721262e-19,5.093118132631088885e-10
7.854999999999427551e+00,6.471050547307143081e-18,5.045880473696877756e-10
7.857499999999434159e+00,1.713604658036308617e-17,4.998885973698730385e-10
7.859999999999440767e+00,2.620226970556081064e-17,4.952132741706077120e-10
7.862499999999447375e+00,1.743659003550364375e-17,4.905617811304992423e-10
7.864999999999453983e+00,-3.906144362381729229e-18,4.859339487300511266e-10
7.867499999999460591e+00,1.125908249840058194e-17,4.813294961030123173e-10
7.869999999999467200e+00,1.404926502934081372e-17,4.767483052139798684e-10
7.872499999999473808e+00,8.135000378226149765e-18,4.721899590399811373e-10
7.874999999999480416e+00,1.030061168319160158e-17,4.676543941887246935e-10
7.877499999999487024e+00,3.706734866601042822e-18,4.631413370834099517e-10
7.879999999999493632e+00,-2.193278532005655607e-18,4.586505439045625551e-10
7.882499999999501128e+00,2.298607274152856636e-17,4.541818807561848656e-10
7.884999999999506848e+00,4.120267257280710593e-18,4.497351188275131669e-10
7.887499999999514344e+00,-1.217080722478786517e-17,4.453100932955758863e-10
7.889999999999520952e+00,7.390127323259838879e-18,4.409063660685020981e-10
7.892499999999527560e+00,-1.228066815349334855e-17,4.365240294481574357e-10
7.894999999999534168e+00,-6.228595809750679489e-18,4.321625760716135988e-10
7.897499999999540776e+00,8.752753339766695152e-18,4.278220556835779024e-10
7.899999999999547384e+00,3.034272657871698897e-17,4.235020675372974632e-10
7.902499999999553992e+00,1.881112482677684195e-18,4.192024542354052032e-10
7.904999999999560600e+00,2.358587585145066564e-17,4.149230940789592390e-10
7.907499999999567208e+00,1.595159010701612101e-17,4.106636279104421963e-10
7.909999999999574705e+00,2.004948179287278632e-17,4.064240074084913809e-10
7.912499999999580425e+00,8.083548263104601569e-19,4.022040256176995602e-10
7.914999999999587921e+00,1.048128198054704846e-17,3.980033634610678674e-10
7.917499999999593641e+00,1.569568618178021619e-17,3.938218443027662972e-10
7.919999999999601137e+00,1.309072495948505543e-17,3.896593375911615822e-10
7.922499999999606857e+00,5.640271125229224552e-18,3.855155965868318030e-10
7.924999999999614353e+00,3.864434415746141013e-18,3.813904429886784222e-10
7.927499999999620073e+00,8.773132748131210609e-18,3.772836461398094075e-10
7.929999999999627569e+00,2.251581347725362448e-17,3.731950369769057496e-10
7.932499999999633289e+00,2.043817012535057909e-17,3.691243603403369463e-10
7.934999999999640785e+00,1.973513060784371719e-17,3.650714851898534701e-10
7.937499999999647393e+00,1.989193193396662399e-17,3.610361850480339026e-10
7.939999999999654001e+00,9.082070132090109777e-18,3.570182997183188931e-10
7.942499999999660609e+00,1.103266617557439689e-17,3.530175130208047735e-10
7.944999999999667217e+00,2.321363099584347009e-17,3.490338085577698612e-10
7.947499999999673825e+00,1.700577054233313485e-17,3.450668728346213939e-10
7.949999999999680433e+00,6.951095385385030722e-18,3.411165991560865665e-10
7.952499999999687930e+00,1.535092077874310156e-17,3.371827478284738399e-10
7.954999999999693649e+00,1.654053718822040736e-17,3.332651397544119266e-10
7.957499999999701146e+00,1.598568568977199062e-17,3.293636193404425073e-10
7.959999999999706866e+00,1.084687096222600640e-17,3.254778855174821594e-10
7.962499999999714362e+00,1.214338071551455514e-17,3.216078921360346463e-10
7.964999999999720082e+00,1.439048382437463857e-17,3.177533572107462917e-10
7.967499999999727578e+00,1.249217102415616195e-17,3.139141862132015937e-10
7.969999999999734186e+00,9.451767179587249588e-18,3.100901267644397326e-10
7.972499999999740794e+00,1.143564136930896855e-17,3.062809920522821625e-10
7.974999999999747402e+00,1.158237629747669738e-17,3.024865524147246105e-10
7.977499999999754010e+00,1.248473121122069497e-17,2.987066997298202485e-10
7.979999999999760618e+00,1.676878901206735671e-17,2.949412003259107505e-10
7.982499999999767226e+00,1.473571607413064515e-17,2.911899876912092099e-10
7.984999999999773834e+00,8.625354104020748638e-18,2.874528106185154949e-10
7.987499999999780442e+00,8.281982844871250379e-18,2.837293884263272796e-10
7.989999999999787050e+00,7.496806643935838824e-18,2.800197028078985950e-10
7.992499999999793658e+00,-2.428689905165797348e-18,2.763234318730325832e-10
7.994999999999800266e+00,8.130504151479803882e-18,2.726405349565188441e-10
7.997499999999807763e+00,7.895703219680911351e-18,2.689707749925583644e-10
7.999999999999813483e+00,1.477304192825779088e-18,2.653139892999603326e-10
8.002499999999820091e+00,1.031658593861802553e-18,2.616699819033038680e-10
8.004999999999826699e+00,1.254143203010509991e-17,2.580385648805920716e-10
8.007499999999833307e+00,1.051981113311242236e-17,2.544194798249378691e-10
8.009999999999839915e+00,4.520443971299422509e-18,2.508127749104229477e-10
8.012499999999846523e+00,5.579205854995693230e-19,2.472180900782392107e-10
8.014999999999853131e+00,7.553568174413392726e-18,2.436353271155104430e-10
8.017499999999859739e+00,1.178704494529885963e-17,2.400642920841313691e-10
8.019999999999866347e+00,-3.712275872188335557e-18,2.365048188885702741e-10
8.022499999999872955e+00,3.520564601259413736e-18,2.329567381660973048e-10
8.024999999999881339e+00,2.136236756685145131e-18,2.294198211900475257e-10
8.027499999999886171e+00,3.691846214062701930e-18,2.258940474544387320e-10
8.029999999999894555e+00,1.103169846012240906e-17,2.223790840166487933e-10
8.032499999999899387e+00,2.923429161737099453e-18,2.188748827243914306e-10
8.034999999999907772e+00,1.073872009501098595e-17,2.153812058754400626e-10
8.037499999999912603e+00,-1.998434696695381416e-18,2.118978813049275163e-10
8.039999999999920988e+00,1.353387977886661641e-18,2.084247820070486874e-10
8.042499999999925819e+00,6.819831630479518631e-18,2.049617803848647816e-10
8.044999999999934204e+00,2.012170987616047696e-18,2.015086229657525487e-10
8.047499999999939035e+00,6.270894487701551284e-18,1.980651794342096537e-10
8.049999999999947420e+00,9.914492492632971775e-18,1.946312404646866964e-10
8.052499999999954028e+00,2.677587465518340409e-18,1.912066858994298991e-10
8.054999999999960636e+00,1.621310675368315056e-18,1.877913750742130458e-10
8.057499999999967244e+00,4.142785036803937704e-18,1.843850620506939208e-10
8.059999999999973852e+00,6.363631452710025710e-18,1.809876064880129748e-10
8.062499999999980460e+00,6.128340648714860152e-18,1.775989095654906484e-10
8.064999999999987068e+00,2.699920172023495675e-18,1.742187356596092206e-10
8.067499999999993676e+00,4.665752538437627719e-18,1.708469613517384772e-10
8.070000000000000284e+00,8.964783633396118514e-18,1.674834420630848093e-10
8.072500000000006892e+00,8.812298294992395329e-18,1.641279744276696050e-10
8.075000000000013500e+00,6.748688445221775677e-18,1.607803787979978724e-10
8.077500000000020108e+00,8.345335237684325049e-18,1.574405299766801082e-10
8.080000000000026716e+00,9.513470241573577855e-18,1.541083235590237729e-10
8.082500000000033324e+00,5.684241913698256884e-18,1.507835140450311126e-10
8.085000000000039933e+00,7.510423375055276178e-18,1.474659495304662383e-10
8.087500000000046541e+00,5.970104331529331688e-18,1.441555115631392842e-10
8.090000000000053149e+00,9.579263526626235361e-18,1.408520197043830068e-10
8.092500000000059757e+00,3.157117012382993568e-18,1.375553192373546754e-10
8.095000000000066365e+00,4.472863854062637809e-18,1.342652139716910702e-10
8.097500000000072973e+00,3.378553916789554643e-18,1.309816275610866506e-10
8.100000000000079581e+00,5.589928611674150881e-18,1.277043320055427585e-10
8.102500000000086189e+00,8.598537738324258280e-18,1.244331793664298801e-10
8.105000000000092797e+00,5.461357380871677269e-18,1.211680315984501684e-10
8.107500000000099405e+00,9.470170130287206966e-18,1.179087368301855566e-10
8.110000000000106013e+00,7.113383432242643552e-18,1.146550887150433586e-10
8.112500000000114397e+00,5.947271654852260915e-18,1.114069187891784465e-10
8.115000000000119229e+00,3.598489381780758818e-18,1.081641719772433137e-10
8.117500000000127613e+00,1.115446523480826523e-17,1.049266025362828622e-10
8.120000000000132445e+00,7.540995542203243426e-18,1.016941143368128848e-10
8.122500000000140830e+00,-1.722358279509351236e-18,9.846652779558811833e-11
8.125000000000145661e+00,1.192630637228442570e-17,9.524369116757058799e-11
8.127500000000154046e+00,2.257573364642149259e-19,9.202538838946231819e-11
8.130000000000158877e+00,2.445820832550022787e-18,8.881154007986870702e-11
8.132500000000167262e+00,4.927842928354971466e-18,8.560197033451180762e-11
8.135000000000172093e+00,2.593740533924575909e-18,8.239656490806283846e-11
8.137500000000180478e+00,3.972997818593167001e-18,7.919507121431419895e-11
8.140000000000172875e+00,9.778064709838456783e-18,7.599740081227538102e-11
8.142500000000165272e+00,3.726642574765460105e-18,7.280343286365025658e-11
8.145000000000159446e+00,5.853014741205531821e-18,6.961294757256424266e-11
8.147500000000151843e+00,5.232636829134197638e-18,6.642580706751260747e-11
8.150000000000144240e+00,8.470572192036892195e-18,6.324188975495605253e-11
8.152500000000136637e+00,8.721102052395692140e-19,6.006100495630797341e-11
8.155000000000129035e+00,2.692684197883866850e-18,5.688303334780650738e-11
8.157500000000121432e+00,-2.362126589371996657e-19,5.370778339622158873e-11
8.160000000000115605e+00,2.692725000524101057e-18,5.053511514386534431e-11
8.162500000000108002e+00,-7.718914913308299531e-19,4.736489075081896633e-11
8.165000000000100400e+00,2.539321866297881944e-18,4.419695619620271163e-11
8.167500000000094573e+00,1.038154817870786524e-18,4.103113545662227933e-11
8.170000000000085194e+00,1.492206250346869491e-18,3.786726725006740723e-11
8.172500000000079368e+00,2.133197565540405202e-18,3.470526325369723859e-11
8.175000000000071765e+00,2.826452778756663100e-18,3.154491449297497973e-11
8.177500000000064162e+00,1.472932545006791093e-18,2.838607476682251989e-11
8.180000000000056559e+00,4.883368608109311139e-19,2.522858985315774417e-11
8.182500000000050733e+00,1.340760822813309005e-18,2.207235055609234926e-11
8.185000000000043130e+00,4.814700409766803283e-19,1.891716309549539887e-11
8.187500000000035527e+00,1.115648421271166927e-18,1.576290079784104231e-11
8.190000000000027924e+00,6.927033829245527495e-19,1.260942943332616093e-11
8.192500000000020322e+00,1.633649725703966865e-19,9.456549321046544933e-12
8.195000000000014495e+00,8.088490826055693450e-20,6.304126453173801627e-12
8.197500000000006892e+00,1.425882524514477092e-19,3.151992095795115994e-12
8.199999999999999289e+00,0.000000000000000000e+00,0.000000000000000000e+00
